<annotation>
	<folder></folder>
	<filename>00000011_jpg.rf.9db9047392f679b042e8189f6937e1e2.jpg</filename>
	<path>00000011_jpg.rf.9db9047392f679b042e8189f6937e1e2.jpg</path>
	<source>
		<database>roboflow.ai</database>
	</source>
	<size>
		<width>160</width>
		<height>160</height>
		<depth>3</depth>
	</size>
	<segmented>0</segmented>
	<object>
		<name>Komedo</name>
		<pose>Unspecified</pose>
		<truncated>0</truncated>
		<difficult>0</difficult>
		<occluded>0</occluded>
		<bndbox>
			<xmin>144</xmin>
			<xmax>160</xmax>
			<ymin>81</ymin>
			<ymax>112</ymax>
		</bndbox>
	</object>
</annotation>
