<annotation>
	<folder></folder>
	<filename>00000154_jpg.rf.10f3dd8c5bb3309848a379ea58f1f13d.jpg</filename>
	<path>00000154_jpg.rf.10f3dd8c5bb3309848a379ea58f1f13d.jpg</path>
	<source>
		<database>roboflow.ai</database>
	</source>
	<size>
		<width>160</width>
		<height>160</height>
		<depth>3</depth>
	</size>
	<segmented>0</segmented>
	<object>
		<name>Komedo</name>
		<pose>Unspecified</pose>
		<truncated>0</truncated>
		<difficult>0</difficult>
		<occluded>0</occluded>
		<bndbox>
			<xmin>140</xmin>
			<xmax>160</xmax>
			<ymin>62</ymin>
			<ymax>140</ymax>
		</bndbox>
	</object>
	<object>
		<name>Komedo</name>
		<pose>Unspecified</pose>
		<truncated>0</truncated>
		<difficult>0</difficult>
		<occluded>0</occluded>
		<bndbox>
			<xmin>1</xmin>
			<xmax>160</xmax>
			<ymin>1</ymin>
			<ymax>160</ymax>
		</bndbox>
	</object>
</annotation>
