<annotation>
	<folder></folder>
	<filename>00000011_jpg.rf.8369ae4afa72ee9928d492692b9f5266.jpg</filename>
	<path>00000011_jpg.rf.8369ae4afa72ee9928d492692b9f5266.jpg</path>
	<source>
		<database>roboflow.ai</database>
	</source>
	<size>
		<width>160</width>
		<height>160</height>
		<depth>3</depth>
	</size>
	<segmented>0</segmented>
	<object>
		<name>Komedo</name>
		<pose>Unspecified</pose>
		<truncated>0</truncated>
		<difficult>0</difficult>
		<occluded>0</occluded>
		<bndbox>
			<xmin>63</xmin>
			<xmax>95</xmax>
			<ymin>1</ymin>
			<ymax>15</ymax>
		</bndbox>
	</object>
</annotation>
