<annotation>
	<folder></folder>
	<filename>00000177_jpg.rf.7e793b1ef4f6f0e85338bd9f281243f9.jpg</filename>
	<path>00000177_jpg.rf.7e793b1ef4f6f0e85338bd9f281243f9.jpg</path>
	<source>
		<database>roboflow.ai</database>
	</source>
	<size>
		<width>160</width>
		<height>160</height>
		<depth>3</depth>
	</size>
	<segmented>0</segmented>
	<object>
		<name>Komedo</name>
		<pose>Unspecified</pose>
		<truncated>0</truncated>
		<difficult>0</difficult>
		<occluded>0</occluded>
		<bndbox>
			<xmin>1</xmin>
			<xmax>82</xmax>
			<ymin>1</ymin>
			<ymax>158</ymax>
		</bndbox>
	</object>
	<object>
		<name>Komedo</name>
		<pose>Unspecified</pose>
		<truncated>0</truncated>
		<difficult>0</difficult>
		<occluded>0</occluded>
		<bndbox>
			<xmin>47</xmin>
			<xmax>153</xmax>
			<ymin>1</ymin>
			<ymax>155</ymax>
		</bndbox>
	</object>
</annotation>
