<annotation>
	<folder></folder>
	<filename>00000011_jpg.rf.df809e4ad4af708313549217532c606e.jpg</filename>
	<path>00000011_jpg.rf.df809e4ad4af708313549217532c606e.jpg</path>
	<source>
		<database>roboflow.ai</database>
	</source>
	<size>
		<width>160</width>
		<height>160</height>
		<depth>3</depth>
	</size>
	<segmented>0</segmented>
	<object>
		<name>Komedo</name>
		<pose>Unspecified</pose>
		<truncated>0</truncated>
		<difficult>0</difficult>
		<occluded>0</occluded>
		<bndbox>
			<xmin>38</xmin>
			<xmax>70</xmax>
			<ymin>129</ymin>
			<ymax>153</ymax>
		</bndbox>
	</object>
</annotation>
