<annotation>
	<folder></folder>
	<filename>00000302_jpg.rf.b8fba58016fe267667ed3af4b1ee7b9c.jpg</filename>
	<path>00000302_jpg.rf.b8fba58016fe267667ed3af4b1ee7b9c.jpg</path>
	<source>
		<database>roboflow.ai</database>
	</source>
	<size>
		<width>160</width>
		<height>160</height>
		<depth>3</depth>
	</size>
	<segmented>0</segmented>
	<object>
		<name>Komedo</name>
		<pose>Unspecified</pose>
		<truncated>0</truncated>
		<difficult>0</difficult>
		<occluded>0</occluded>
		<bndbox>
			<xmin>1</xmin>
			<xmax>161</xmax>
			<ymin>1</ymin>
			<ymax>160</ymax>
		</bndbox>
	</object>
</annotation>
