<annotation>
	<folder></folder>
	<filename>00000007_jpg.rf.6af1267f133b68864ec22ccacaabd0f5.jpg</filename>
	<path>00000007_jpg.rf.6af1267f133b68864ec22ccacaabd0f5.jpg</path>
	<source>
		<database>roboflow.ai</database>
	</source>
	<size>
		<width>160</width>
		<height>160</height>
		<depth>3</depth>
	</size>
	<segmented>0</segmented>
	<object>
		<name>Komedo</name>
		<pose>Unspecified</pose>
		<truncated>0</truncated>
		<difficult>0</difficult>
		<occluded>0</occluded>
		<bndbox>
			<xmin>100</xmin>
			<xmax>132</xmax>
			<ymin>82</ymin>
			<ymax>107</ymax>
		</bndbox>
	</object>
</annotation>
