<annotation>
	<folder></folder>
	<filename>00000025_jpg.rf.16fcfb9a70f89b6fa44a25c8e291c3ca.jpg</filename>
	<path>00000025_jpg.rf.16fcfb9a70f89b6fa44a25c8e291c3ca.jpg</path>
	<source>
		<database>roboflow.ai</database>
	</source>
	<size>
		<width>160</width>
		<height>160</height>
		<depth>3</depth>
	</size>
	<segmented>0</segmented>
	<object>
		<name>Jerawat</name>
		<pose>Unspecified</pose>
		<truncated>0</truncated>
		<difficult>0</difficult>
		<occluded>0</occluded>
		<bndbox>
			<xmin>24</xmin>
			<xmax>39</xmax>
			<ymin>111</ymin>
			<ymax>125</ymax>
		</bndbox>
	</object>
	<object>
		<name>Komedo</name>
		<pose>Unspecified</pose>
		<truncated>0</truncated>
		<difficult>0</difficult>
		<occluded>0</occluded>
		<bndbox>
			<xmin>5</xmin>
			<xmax>15</xmax>
			<ymin>21</ymin>
			<ymax>31</ymax>
		</bndbox>
	</object>
	<object>
		<name>Jerawat</name>
		<pose>Unspecified</pose>
		<truncated>0</truncated>
		<difficult>0</difficult>
		<occluded>0</occluded>
		<bndbox>
			<xmin>1</xmin>
			<xmax>1</xmax>
			<ymin>42</ymin>
			<ymax>53</ymax>
		</bndbox>
	</object>
</annotation>
