<annotation>
	<folder></folder>
	<filename>00000177_jpg.rf.ed6bf1ed1ceb7b7af1d946ec8193c797.jpg</filename>
	<path>00000177_jpg.rf.ed6bf1ed1ceb7b7af1d946ec8193c797.jpg</path>
	<source>
		<database>roboflow.ai</database>
	</source>
	<size>
		<width>160</width>
		<height>160</height>
		<depth>3</depth>
	</size>
	<segmented>0</segmented>
	<object>
		<name>Komedo</name>
		<pose>Unspecified</pose>
		<truncated>0</truncated>
		<difficult>0</difficult>
		<occluded>0</occluded>
		<bndbox>
			<xmin>1</xmin>
			<xmax>93</xmax>
			<ymin>1</ymin>
			<ymax>160</ymax>
		</bndbox>
	</object>
	<object>
		<name>Komedo</name>
		<pose>Unspecified</pose>
		<truncated>0</truncated>
		<difficult>0</difficult>
		<occluded>0</occluded>
		<bndbox>
			<xmin>40</xmin>
			<xmax>159</xmax>
			<ymin>1</ymin>
			<ymax>156</ymax>
		</bndbox>
	</object>
</annotation>
