<annotation>
	<folder></folder>
	<filename>00000037_jpg.rf.26d027f5d0cdd5a0dad6d99efb2c629f.jpg</filename>
	<path>00000037_jpg.rf.26d027f5d0cdd5a0dad6d99efb2c629f.jpg</path>
	<source>
		<database>roboflow.ai</database>
	</source>
	<size>
		<width>160</width>
		<height>160</height>
		<depth>3</depth>
	</size>
	<segmented>0</segmented>
	<object>
		<name>Komedo</name>
		<pose>Unspecified</pose>
		<truncated>0</truncated>
		<difficult>0</difficult>
		<occluded>0</occluded>
		<bndbox>
			<xmin>12</xmin>
			<xmax>34</xmax>
			<ymin>12</ymin>
			<ymax>37</ymax>
		</bndbox>
	</object>
</annotation>
