<annotation>
	<folder></folder>
	<filename>00000107_jpg.rf.e56ec85f3dca665bdaac0d624374de7e.jpg</filename>
	<path>00000107_jpg.rf.e56ec85f3dca665bdaac0d624374de7e.jpg</path>
	<source>
		<database>roboflow.ai</database>
	</source>
	<size>
		<width>160</width>
		<height>160</height>
		<depth>3</depth>
	</size>
	<segmented>0</segmented>
	<object>
		<name>Komedo</name>
		<pose>Unspecified</pose>
		<truncated>0</truncated>
		<difficult>0</difficult>
		<occluded>0</occluded>
		<bndbox>
			<xmin>130</xmin>
			<xmax>140</xmax>
			<ymin>80</ymin>
			<ymax>97</ymax>
		</bndbox>
	</object>
</annotation>
