<annotation>
	<folder></folder>
	<filename>00000107_jpg.rf.c9916108377130ec5415c80099d40ad8.jpg</filename>
	<path>00000107_jpg.rf.c9916108377130ec5415c80099d40ad8.jpg</path>
	<source>
		<database>roboflow.ai</database>
	</source>
	<size>
		<width>160</width>
		<height>160</height>
		<depth>3</depth>
	</size>
	<segmented>0</segmented>
	<object>
		<name>Komedo</name>
		<pose>Unspecified</pose>
		<truncated>0</truncated>
		<difficult>0</difficult>
		<occluded>0</occluded>
		<bndbox>
			<xmin>69</xmin>
			<xmax>88</xmax>
			<ymin>11</ymin>
			<ymax>22</ymax>
		</bndbox>
	</object>
</annotation>
