<annotation>
	<folder></folder>
	<filename>00000154_jpg.rf.cc2c9a6f3781e70ae4c789069dde4c9c.jpg</filename>
	<path>00000154_jpg.rf.cc2c9a6f3781e70ae4c789069dde4c9c.jpg</path>
	<source>
		<database>roboflow.ai</database>
	</source>
	<size>
		<width>160</width>
		<height>160</height>
		<depth>3</depth>
	</size>
	<segmented>0</segmented>
	<object>
		<name>Komedo</name>
		<pose>Unspecified</pose>
		<truncated>0</truncated>
		<difficult>0</difficult>
		<occluded>0</occluded>
		<bndbox>
			<xmin>42</xmin>
			<xmax>117</xmax>
			<ymin>4</ymin>
			<ymax>25</ymax>
		</bndbox>
	</object>
	<object>
		<name>Komedo</name>
		<pose>Unspecified</pose>
		<truncated>0</truncated>
		<difficult>0</difficult>
		<occluded>0</occluded>
		<bndbox>
			<xmin>1</xmin>
			<xmax>160</xmax>
			<ymin>11</ymin>
			<ymax>160</ymax>
		</bndbox>
	</object>
</annotation>
