<annotation>
	<folder></folder>
	<filename>00000025_jpg.rf.167de09e5ade32cca109519c40aa1c9f.jpg</filename>
	<path>00000025_jpg.rf.167de09e5ade32cca109519c40aa1c9f.jpg</path>
	<source>
		<database>roboflow.ai</database>
	</source>
	<size>
		<width>160</width>
		<height>160</height>
		<depth>3</depth>
	</size>
	<segmented>0</segmented>
	<object>
		<name>Jerawat</name>
		<pose>Unspecified</pose>
		<truncated>0</truncated>
		<difficult>0</difficult>
		<occluded>0</occluded>
		<bndbox>
			<xmin>120</xmin>
			<xmax>137</xmax>
			<ymin>24</ymin>
			<ymax>39</ymax>
		</bndbox>
	</object>
	<object>
		<name>Komedo</name>
		<pose>Unspecified</pose>
		<truncated>0</truncated>
		<difficult>0</difficult>
		<occluded>0</occluded>
		<bndbox>
			<xmin>159</xmin>
			<xmax>160</xmax>
			<ymin>116</ymin>
			<ymax>128</ymax>
		</bndbox>
	</object>
</annotation>
