<annotation>
	<folder></folder>
	<filename>00000107_jpg.rf.900b5c3497d0ac378cb306e059eb3dd1.jpg</filename>
	<path>00000107_jpg.rf.900b5c3497d0ac378cb306e059eb3dd1.jpg</path>
	<source>
		<database>roboflow.ai</database>
	</source>
	<size>
		<width>160</width>
		<height>160</height>
		<depth>3</depth>
	</size>
	<segmented>0</segmented>
	<object>
		<name>Komedo</name>
		<pose>Unspecified</pose>
		<truncated>0</truncated>
		<difficult>0</difficult>
		<occluded>0</occluded>
		<bndbox>
			<xmin>126</xmin>
			<xmax>137</xmax>
			<ymin>89</ymin>
			<ymax>106</ymax>
		</bndbox>
	</object>
</annotation>
