<annotation>
	<folder></folder>
	<filename>00000025_jpg.rf.c9ab4fae9bc3543f8513b3def4e6d0fa.jpg</filename>
	<path>00000025_jpg.rf.c9ab4fae9bc3543f8513b3def4e6d0fa.jpg</path>
	<source>
		<database>roboflow.ai</database>
	</source>
	<size>
		<width>160</width>
		<height>160</height>
		<depth>3</depth>
	</size>
	<segmented>0</segmented>
	<object>
		<name>Jerawat</name>
		<pose>Unspecified</pose>
		<truncated>0</truncated>
		<difficult>0</difficult>
		<occluded>0</occluded>
		<bndbox>
			<xmin>119</xmin>
			<xmax>135</xmax>
			<ymin>47</ymin>
			<ymax>61</ymax>
		</bndbox>
	</object>
	<object>
		<name>Komedo</name>
		<pose>Unspecified</pose>
		<truncated>0</truncated>
		<difficult>0</difficult>
		<occluded>0</occluded>
		<bndbox>
			<xmin>136</xmin>
			<xmax>146</xmax>
			<ymin>145</ymin>
			<ymax>156</ymax>
		</bndbox>
	</object>
</annotation>
