<annotation>
	<folder></folder>
	<filename>00000037_jpg.rf.a99dd64a5898df335479cd595bab91d6.jpg</filename>
	<path>00000037_jpg.rf.a99dd64a5898df335479cd595bab91d6.jpg</path>
	<source>
		<database>roboflow.ai</database>
	</source>
	<size>
		<width>160</width>
		<height>160</height>
		<depth>3</depth>
	</size>
	<segmented>0</segmented>
	<object>
		<name>Komedo</name>
		<pose>Unspecified</pose>
		<truncated>0</truncated>
		<difficult>0</difficult>
		<occluded>0</occluded>
		<bndbox>
			<xmin>124</xmin>
			<xmax>145</xmax>
			<ymin>3</ymin>
			<ymax>28</ymax>
		</bndbox>
	</object>
</annotation>
