<annotation>
	<folder></folder>
	<filename>00000007_jpg.rf.7ab2ec237f61f5c79496ca248291bae3.jpg</filename>
	<path>00000007_jpg.rf.7ab2ec237f61f5c79496ca248291bae3.jpg</path>
	<source>
		<database>roboflow.ai</database>
	</source>
	<size>
		<width>160</width>
		<height>160</height>
		<depth>3</depth>
	</size>
	<segmented>0</segmented>
	<object>
		<name>Komedo</name>
		<pose>Unspecified</pose>
		<truncated>0</truncated>
		<difficult>0</difficult>
		<occluded>0</occluded>
		<bndbox>
			<xmin>36</xmin>
			<xmax>62</xmax>
			<ymin>70</ymin>
			<ymax>88</ymax>
		</bndbox>
	</object>
</annotation>
