<annotation>
	<folder></folder>
	<filename>00000348_jpg.rf.37db483006e5195b624b9ae3d3de023c.jpg</filename>
	<path>00000348_jpg.rf.37db483006e5195b624b9ae3d3de023c.jpg</path>
	<source>
		<database>roboflow.ai</database>
	</source>
	<size>
		<width>160</width>
		<height>160</height>
		<depth>3</depth>
	</size>
	<segmented>0</segmented>
	<object>
		<name>Komedo</name>
		<pose>Unspecified</pose>
		<truncated>0</truncated>
		<difficult>0</difficult>
		<occluded>0</occluded>
		<bndbox>
			<xmin>40</xmin>
			<xmax>124</xmax>
			<ymin>1</ymin>
			<ymax>99</ymax>
		</bndbox>
	</object>
	<object>
		<name>Komedo</name>
		<pose>Unspecified</pose>
		<truncated>0</truncated>
		<difficult>0</difficult>
		<occluded>0</occluded>
		<bndbox>
			<xmin>117</xmin>
			<xmax>160</xmax>
			<ymin>24</ymin>
			<ymax>147</ymax>
		</bndbox>
	</object>
</annotation>
