<annotation>
	<folder></folder>
	<filename>00000146_jpg.rf.1c6cd3c07afde4eac8cf570a5df7f8a2.jpg</filename>
	<path>00000146_jpg.rf.1c6cd3c07afde4eac8cf570a5df7f8a2.jpg</path>
	<source>
		<database>roboflow.ai</database>
	</source>
	<size>
		<width>160</width>
		<height>160</height>
		<depth>3</depth>
	</size>
	<segmented>0</segmented>
	<object>
		<name>Komedo</name>
		<pose>Unspecified</pose>
		<truncated>0</truncated>
		<difficult>0</difficult>
		<occluded>0</occluded>
		<bndbox>
			<xmin>4</xmin>
			<xmax>160</xmax>
			<ymin>1</ymin>
			<ymax>161</ymax>
		</bndbox>
	</object>
</annotation>
