<annotation>
	<folder></folder>
	<filename>00000007_jpg.rf.ffd3d0e0ebe666aeda10a4cd9743e4f8.jpg</filename>
	<path>00000007_jpg.rf.ffd3d0e0ebe666aeda10a4cd9743e4f8.jpg</path>
	<source>
		<database>roboflow.ai</database>
	</source>
	<size>
		<width>160</width>
		<height>160</height>
		<depth>3</depth>
	</size>
	<segmented>0</segmented>
	<object>
		<name>Komedo</name>
		<pose>Unspecified</pose>
		<truncated>0</truncated>
		<difficult>0</difficult>
		<occluded>0</occluded>
		<bndbox>
			<xmin>65</xmin>
			<xmax>87</xmax>
			<ymin>35</ymin>
			<ymax>64</ymax>
		</bndbox>
	</object>
</annotation>
