<annotation>
	<folder></folder>
	<filename>1652116127358---Izzah-Edwar_jpg.rf.f746f4766ef2d72c7d6e8e55e727a424.jpg</filename>
	<path>1652116127358---Izzah-Edwar_jpg.rf.f746f4766ef2d72c7d6e8e55e727a424.jpg</path>
	<source>
		<database>roboflow.ai</database>
	</source>
	<size>
		<width>160</width>
		<height>160</height>
		<depth>3</depth>
	</size>
	<segmented>0</segmented>
	<object>
		<name>Komedo</name>
		<pose>Unspecified</pose>
		<truncated>0</truncated>
		<difficult>0</difficult>
		<occluded>0</occluded>
		<bndbox>
			<xmin>7</xmin>
			<xmax>22</xmax>
			<ymin>1</ymin>
			<ymax>36</ymax>
		</bndbox>
	</object>
	<object>
		<name>Jerawat</name>
		<pose>Unspecified</pose>
		<truncated>0</truncated>
		<difficult>0</difficult>
		<occluded>0</occluded>
		<bndbox>
			<xmin>24</xmin>
			<xmax>73</xmax>
			<ymin>72</ymin>
			<ymax>106</ymax>
		</bndbox>
	</object>
	<object>
		<name>Komedo</name>
		<pose>Unspecified</pose>
		<truncated>0</truncated>
		<difficult>0</difficult>
		<occluded>0</occluded>
		<bndbox>
			<xmin>45</xmin>
			<xmax>71</xmax>
			<ymin>54</ymin>
			<ymax>78</ymax>
		</bndbox>
	</object>
</annotation>
