<annotation>
	<folder></folder>
	<filename>1652116127358---Izzah-Edwar_jpg.rf.6e1682c393074afdd9288ccd73f52d0a.jpg</filename>
	<path>1652116127358---Izzah-Edwar_jpg.rf.6e1682c393074afdd9288ccd73f52d0a.jpg</path>
	<source>
		<database>roboflow.ai</database>
	</source>
	<size>
		<width>160</width>
		<height>160</height>
		<depth>3</depth>
	</size>
	<segmented>0</segmented>
	<object>
		<name>Komedo</name>
		<pose>Unspecified</pose>
		<truncated>0</truncated>
		<difficult>0</difficult>
		<occluded>0</occluded>
		<bndbox>
			<xmin>137</xmin>
			<xmax>160</xmax>
			<ymin>131</ymin>
			<ymax>150</ymax>
		</bndbox>
	</object>
	<object>
		<name>Jerawat</name>
		<pose>Unspecified</pose>
		<truncated>0</truncated>
		<difficult>0</difficult>
		<occluded>0</occluded>
		<bndbox>
			<xmin>62</xmin>
			<xmax>99</xmax>
			<ymin>94</ymin>
			<ymax>145</ymax>
		</bndbox>
	</object>
	<object>
		<name>Komedo</name>
		<pose>Unspecified</pose>
		<truncated>0</truncated>
		<difficult>0</difficult>
		<occluded>0</occluded>
		<bndbox>
			<xmin>91</xmin>
			<xmax>116</xmax>
			<ymin>92</ymin>
			<ymax>119</ymax>
		</bndbox>
	</object>
</annotation>
