<annotation>
	<folder></folder>
	<filename>1652114288894-2---Fadli-Fadillah-M2128F1581-1-_jpg.rf.a99a59ab0afbe02a2fbdc66222e880f6.jpg</filename>
	<path>1652114288894-2---Fadli-Fadillah-M2128F1581-1-_jpg.rf.a99a59ab0afbe02a2fbdc66222e880f6.jpg</path>
	<source>
		<database>roboflow.ai</database>
	</source>
	<size>
		<width>160</width>
		<height>160</height>
		<depth>3</depth>
	</size>
	<segmented>0</segmented>
	<object>
		<name>Jerawat</name>
		<pose>Unspecified</pose>
		<truncated>0</truncated>
		<difficult>0</difficult>
		<occluded>0</occluded>
		<bndbox>
			<xmin>52</xmin>
			<xmax>160</xmax>
			<ymin>1</ymin>
			<ymax>134</ymax>
		</bndbox>
	</object>
</annotation>
