<annotation>
	<folder></folder>
	<filename>500--7-_jpg.rf.e310558ae98ece8db7ee1c0594909390.jpg</filename>
	<path>500--7-_jpg.rf.e310558ae98ece8db7ee1c0594909390.jpg</path>
	<source>
		<database>roboflow.ai</database>
	</source>
	<size>
		<width>160</width>
		<height>160</height>
		<depth>3</depth>
	</size>
	<segmented>0</segmented>
	<object>
		<name>Komedo</name>
		<pose>Unspecified</pose>
		<truncated>0</truncated>
		<difficult>0</difficult>
		<occluded>0</occluded>
		<bndbox>
			<xmin>1</xmin>
			<xmax>157</xmax>
			<ymin>1</ymin>
			<ymax>157</ymax>
		</bndbox>
	</object>
</annotation>
