<annotation>
	<folder></folder>
	<filename>500--7-_jpg.rf.7a8843fa18691659776d8764b558f1c7.jpg</filename>
	<path>500--7-_jpg.rf.7a8843fa18691659776d8764b558f1c7.jpg</path>
	<source>
		<database>roboflow.ai</database>
	</source>
	<size>
		<width>160</width>
		<height>160</height>
		<depth>3</depth>
	</size>
	<segmented>0</segmented>
	<object>
		<name>Komedo</name>
		<pose>Unspecified</pose>
		<truncated>0</truncated>
		<difficult>0</difficult>
		<occluded>0</occluded>
		<bndbox>
			<xmin>1</xmin>
			<xmax>160</xmax>
			<ymin>1</ymin>
			<ymax>160</ymax>
		</bndbox>
	</object>
</annotation>
