<annotation>
	<folder></folder>
	<filename>acne-Closed-Comedo_jpg.rf.b98fd2a1195b779192ad06d0a31bf29c.jpg</filename>
	<path>acne-Closed-Comedo_jpg.rf.b98fd2a1195b779192ad06d0a31bf29c.jpg</path>
	<source>
		<database>roboflow.ai</database>
	</source>
	<size>
		<width>160</width>
		<height>160</height>
		<depth>3</depth>
	</size>
	<segmented>0</segmented>
	<object>
		<name>Komedo</name>
		<pose>Unspecified</pose>
		<truncated>0</truncated>
		<difficult>0</difficult>
		<occluded>0</occluded>
		<bndbox>
			<xmin>15</xmin>
			<xmax>82</xmax>
			<ymin>23</ymin>
			<ymax>94</ymax>
		</bndbox>
	</object>
	<object>
		<name>Komedo</name>
		<pose>Unspecified</pose>
		<truncated>0</truncated>
		<difficult>0</difficult>
		<occluded>0</occluded>
		<bndbox>
			<xmin>80</xmin>
			<xmax>160</xmax>
			<ymin>60</ymin>
			<ymax>158</ymax>
		</bndbox>
	</object>
</annotation>
