<annotation>
	<folder></folder>
	<filename>acne-cystic-131_jpg.rf.e84c7f7dc6ba7ab717ba4a120f1c9e46.jpg</filename>
	<path>acne-cystic-131_jpg.rf.e84c7f7dc6ba7ab717ba4a120f1c9e46.jpg</path>
	<source>
		<database>roboflow.ai</database>
	</source>
	<size>
		<width>160</width>
		<height>160</height>
		<depth>3</depth>
	</size>
	<segmented>0</segmented>
	<object>
		<name>Jerawat</name>
		<pose>Unspecified</pose>
		<truncated>0</truncated>
		<difficult>0</difficult>
		<occluded>0</occluded>
		<bndbox>
			<xmin>79</xmin>
			<xmax>146</xmax>
			<ymin>7</ymin>
			<ymax>74</ymax>
		</bndbox>
	</object>
	<object>
		<name>Jerawat</name>
		<pose>Unspecified</pose>
		<truncated>0</truncated>
		<difficult>0</difficult>
		<occluded>0</occluded>
		<bndbox>
			<xmin>119</xmin>
			<xmax>152</xmax>
			<ymin>119</ymin>
			<ymax>157</ymax>
		</bndbox>
	</object>
	<object>
		<name>Jerawat</name>
		<pose>Unspecified</pose>
		<truncated>0</truncated>
		<difficult>0</difficult>
		<occluded>0</occluded>
		<bndbox>
			<xmin>13</xmin>
			<xmax>57</xmax>
			<ymin>102</ymin>
			<ymax>155</ymax>
		</bndbox>
	</object>
</annotation>
