<annotation>
	<folder></folder>
	<filename>acne-closed-comedo-1_jpg.rf.2df3ecc80ab3ecc4fe6757b2db0cf731.jpg</filename>
	<path>acne-closed-comedo-1_jpg.rf.2df3ecc80ab3ecc4fe6757b2db0cf731.jpg</path>
	<source>
		<database>roboflow.ai</database>
	</source>
	<size>
		<width>160</width>
		<height>160</height>
		<depth>3</depth>
	</size>
	<segmented>0</segmented>
	<object>
		<name>Komedo</name>
		<pose>Unspecified</pose>
		<truncated>0</truncated>
		<difficult>0</difficult>
		<occluded>0</occluded>
		<bndbox>
			<xmin>1</xmin>
			<xmax>71</xmax>
			<ymin>3</ymin>
			<ymax>160</ymax>
		</bndbox>
	</object>
	<object>
		<name>Komedo</name>
		<pose>Unspecified</pose>
		<truncated>0</truncated>
		<difficult>0</difficult>
		<occluded>0</occluded>
		<bndbox>
			<xmin>80</xmin>
			<xmax>160</xmax>
			<ymin>3</ymin>
			<ymax>161</ymax>
		</bndbox>
	</object>
</annotation>
