<annotation>
	<folder></folder>
	<filename>acne-cystic-125_jpg.rf.bee8d581634f249788c43715894cf21c.jpg</filename>
	<path>acne-cystic-125_jpg.rf.bee8d581634f249788c43715894cf21c.jpg</path>
	<source>
		<database>roboflow.ai</database>
	</source>
	<size>
		<width>160</width>
		<height>160</height>
		<depth>3</depth>
	</size>
	<segmented>0</segmented>
	<object>
		<name>Jerawat</name>
		<pose>Unspecified</pose>
		<truncated>0</truncated>
		<difficult>0</difficult>
		<occluded>0</occluded>
		<bndbox>
			<xmin>72</xmin>
			<xmax>160</xmax>
			<ymin>1</ymin>
			<ymax>157</ymax>
		</bndbox>
	</object>
</annotation>
