<annotation>
	<folder></folder>
	<filename>acne-closed-comedo-7_jpg.rf.f194e3be68fb97568fb161e4a546a8f5.jpg</filename>
	<path>acne-closed-comedo-7_jpg.rf.f194e3be68fb97568fb161e4a546a8f5.jpg</path>
	<source>
		<database>roboflow.ai</database>
	</source>
	<size>
		<width>160</width>
		<height>160</height>
		<depth>3</depth>
	</size>
	<segmented>0</segmented>
	<object>
		<name>Komedo</name>
		<pose>Unspecified</pose>
		<truncated>0</truncated>
		<difficult>0</difficult>
		<occluded>0</occluded>
		<bndbox>
			<xmin>70</xmin>
			<xmax>141</xmax>
			<ymin>7</ymin>
			<ymax>61</ymax>
		</bndbox>
	</object>
	<object>
		<name>Komedo</name>
		<pose>Unspecified</pose>
		<truncated>0</truncated>
		<difficult>0</difficult>
		<occluded>0</occluded>
		<bndbox>
			<xmin>96</xmin>
			<xmax>144</xmax>
			<ymin>117</ymin>
			<ymax>150</ymax>
		</bndbox>
	</object>
</annotation>
