<annotation>
	<folder></folder>
	<filename>acne-closed-comedo-32_jpg.rf.426db269648a09e055668e10b3326d44.jpg</filename>
	<path>acne-closed-comedo-32_jpg.rf.426db269648a09e055668e10b3326d44.jpg</path>
	<source>
		<database>roboflow.ai</database>
	</source>
	<size>
		<width>160</width>
		<height>160</height>
		<depth>3</depth>
	</size>
	<segmented>0</segmented>
	<object>
		<name>Komedo</name>
		<pose>Unspecified</pose>
		<truncated>0</truncated>
		<difficult>0</difficult>
		<occluded>0</occluded>
		<bndbox>
			<xmin>50</xmin>
			<xmax>137</xmax>
			<ymin>83</ymin>
			<ymax>160</ymax>
		</bndbox>
	</object>
	<object>
		<name>Komedo</name>
		<pose>Unspecified</pose>
		<truncated>0</truncated>
		<difficult>0</difficult>
		<occluded>0</occluded>
		<bndbox>
			<xmin>121</xmin>
			<xmax>160</xmax>
			<ymin>20</ymin>
			<ymax>113</ymax>
		</bndbox>
	</object>
</annotation>
