<annotation>
	<folder></folder>
	<filename>acne-closed-comedo-36_jpg.rf.b31b9ddecab02ac733e640f5ec5b02fe.jpg</filename>
	<path>acne-closed-comedo-36_jpg.rf.b31b9ddecab02ac733e640f5ec5b02fe.jpg</path>
	<source>
		<database>roboflow.ai</database>
	</source>
	<size>
		<width>160</width>
		<height>160</height>
		<depth>3</depth>
	</size>
	<segmented>0</segmented>
	<object>
		<name>Komedo</name>
		<pose>Unspecified</pose>
		<truncated>0</truncated>
		<difficult>0</difficult>
		<occluded>0</occluded>
		<bndbox>
			<xmin>1</xmin>
			<xmax>90</xmax>
			<ymin>3</ymin>
			<ymax>142</ymax>
		</bndbox>
	</object>
	<object>
		<name>Komedo</name>
		<pose>Unspecified</pose>
		<truncated>0</truncated>
		<difficult>0</difficult>
		<occluded>0</occluded>
		<bndbox>
			<xmin>102</xmin>
			<xmax>155</xmax>
			<ymin>103</ymin>
			<ymax>160</ymax>
		</bndbox>
	</object>
	<object>
		<name>Komedo</name>
		<pose>Unspecified</pose>
		<truncated>0</truncated>
		<difficult>0</difficult>
		<occluded>0</occluded>
		<bndbox>
			<xmin>91</xmin>
			<xmax>153</xmax>
			<ymin>8</ymin>
			<ymax>52</ymax>
		</bndbox>
	</object>
</annotation>
