<annotation>
	<folder></folder>
	<filename>acne-closed-comedo-2_jpg.rf.9c5a33aa3cf161afa467e04092170b4f.jpg</filename>
	<path>acne-closed-comedo-2_jpg.rf.9c5a33aa3cf161afa467e04092170b4f.jpg</path>
	<source>
		<database>roboflow.ai</database>
	</source>
	<size>
		<width>160</width>
		<height>160</height>
		<depth>3</depth>
	</size>
	<segmented>0</segmented>
	<object>
		<name>Komedo</name>
		<pose>Unspecified</pose>
		<truncated>0</truncated>
		<difficult>0</difficult>
		<occluded>0</occluded>
		<bndbox>
			<xmin>140</xmin>
			<xmax>160</xmax>
			<ymin>13</ymin>
			<ymax>54</ymax>
		</bndbox>
	</object>
	<object>
		<name>Jerawat</name>
		<pose>Unspecified</pose>
		<truncated>0</truncated>
		<difficult>0</difficult>
		<occluded>0</occluded>
		<bndbox>
			<xmin>1</xmin>
			<xmax>134</xmax>
			<ymin>1</ymin>
			<ymax>131</ymax>
		</bndbox>
	</object>
</annotation>
