<annotation>
	<folder></folder>
	<filename>acne-closed-comedo-40_jpg.rf.68af3160eaf3001ab83224409b2da99d.jpg</filename>
	<path>acne-closed-comedo-40_jpg.rf.68af3160eaf3001ab83224409b2da99d.jpg</path>
	<source>
		<database>roboflow.ai</database>
	</source>
	<size>
		<width>160</width>
		<height>160</height>
		<depth>3</depth>
	</size>
	<segmented>0</segmented>
	<object>
		<name>Komedo</name>
		<pose>Unspecified</pose>
		<truncated>0</truncated>
		<difficult>0</difficult>
		<occluded>0</occluded>
		<bndbox>
			<xmin>61</xmin>
			<xmax>157</xmax>
			<ymin>1</ymin>
			<ymax>57</ymax>
		</bndbox>
	</object>
	<object>
		<name>Komedo</name>
		<pose>Unspecified</pose>
		<truncated>0</truncated>
		<difficult>0</difficult>
		<occluded>0</occluded>
		<bndbox>
			<xmin>19</xmin>
			<xmax>65</xmax>
			<ymin>110</ymin>
			<ymax>159</ymax>
		</bndbox>
	</object>
</annotation>
