<annotation>
	<folder></folder>
	<filename>acne-cystic-126_jpg.rf.d0652844bf36961bf7d74154f8457914.jpg</filename>
	<path>acne-cystic-126_jpg.rf.d0652844bf36961bf7d74154f8457914.jpg</path>
	<source>
		<database>roboflow.ai</database>
	</source>
	<size>
		<width>160</width>
		<height>160</height>
		<depth>3</depth>
	</size>
	<segmented>0</segmented>
	<object>
		<name>Jerawat</name>
		<pose>Unspecified</pose>
		<truncated>0</truncated>
		<difficult>0</difficult>
		<occluded>0</occluded>
		<bndbox>
			<xmin>60</xmin>
			<xmax>98</xmax>
			<ymin>1</ymin>
			<ymax>48</ymax>
		</bndbox>
	</object>
	<object>
		<name>Jerawat</name>
		<pose>Unspecified</pose>
		<truncated>0</truncated>
		<difficult>0</difficult>
		<occluded>0</occluded>
		<bndbox>
			<xmin>26</xmin>
			<xmax>92</xmax>
			<ymin>107</ymin>
			<ymax>159</ymax>
		</bndbox>
	</object>
	<object>
		<name>Jerawat</name>
		<pose>Unspecified</pose>
		<truncated>0</truncated>
		<difficult>0</difficult>
		<occluded>0</occluded>
		<bndbox>
			<xmin>1</xmin>
			<xmax>31</xmax>
			<ymin>112</ymin>
			<ymax>151</ymax>
		</bndbox>
	</object>
</annotation>
