<annotation>
	<folder></folder>
	<filename>acne-closed-comedo-6_jpg.rf.030e9e0c58b6344196309d7c4352f394.jpg</filename>
	<path>acne-closed-comedo-6_jpg.rf.030e9e0c58b6344196309d7c4352f394.jpg</path>
	<source>
		<database>roboflow.ai</database>
	</source>
	<size>
		<width>160</width>
		<height>160</height>
		<depth>3</depth>
	</size>
	<segmented>0</segmented>
	<object>
		<name>Komedo</name>
		<pose>Unspecified</pose>
		<truncated>0</truncated>
		<difficult>0</difficult>
		<occluded>0</occluded>
		<bndbox>
			<xmin>11</xmin>
			<xmax>33</xmax>
			<ymin>123</ymin>
			<ymax>160</ymax>
		</bndbox>
	</object>
	<object>
		<name>Komedo</name>
		<pose>Unspecified</pose>
		<truncated>0</truncated>
		<difficult>0</difficult>
		<occluded>0</occluded>
		<bndbox>
			<xmin>101</xmin>
			<xmax>140</xmax>
			<ymin>82</ymin>
			<ymax>122</ymax>
		</bndbox>
	</object>
</annotation>
