<annotation>
	<folder></folder>
	<filename>acne-cystic-115_jpg.rf.e89c787f5181cfeeba4a1c17683b9541.jpg</filename>
	<path>acne-cystic-115_jpg.rf.e89c787f5181cfeeba4a1c17683b9541.jpg</path>
	<source>
		<database>roboflow.ai</database>
	</source>
	<size>
		<width>160</width>
		<height>160</height>
		<depth>3</depth>
	</size>
	<segmented>0</segmented>
	<object>
		<name>Jerawat</name>
		<pose>Unspecified</pose>
		<truncated>0</truncated>
		<difficult>0</difficult>
		<occluded>0</occluded>
		<bndbox>
			<xmin>132</xmin>
			<xmax>160</xmax>
			<ymin>89</ymin>
			<ymax>146</ymax>
		</bndbox>
	</object>
	<object>
		<name>Jerawat</name>
		<pose>Unspecified</pose>
		<truncated>0</truncated>
		<difficult>0</difficult>
		<occluded>0</occluded>
		<bndbox>
			<xmin>61</xmin>
			<xmax>117</xmax>
			<ymin>100</ymin>
			<ymax>160</ymax>
		</bndbox>
	</object>
	<object>
		<name>Jerawat</name>
		<pose>Unspecified</pose>
		<truncated>0</truncated>
		<difficult>0</difficult>
		<occluded>0</occluded>
		<bndbox>
			<xmin>5</xmin>
			<xmax>60</xmax>
			<ymin>100</ymin>
			<ymax>160</ymax>
		</bndbox>
	</object>
</annotation>
