<annotation>
	<folder></folder>
	<filename>acne-cystic-106_jpg.rf.61bd54dc9f60d2b80a0c9e8ec38674dd.jpg</filename>
	<path>acne-cystic-106_jpg.rf.61bd54dc9f60d2b80a0c9e8ec38674dd.jpg</path>
	<source>
		<database>roboflow.ai</database>
	</source>
	<size>
		<width>160</width>
		<height>160</height>
		<depth>3</depth>
	</size>
	<segmented>0</segmented>
	<object>
		<name>Jerawat</name>
		<pose>Unspecified</pose>
		<truncated>0</truncated>
		<difficult>0</difficult>
		<occluded>0</occluded>
		<bndbox>
			<xmin>1</xmin>
			<xmax>85</xmax>
			<ymin>1</ymin>
			<ymax>51</ymax>
		</bndbox>
	</object>
	<object>
		<name>Komedo</name>
		<pose>Unspecified</pose>
		<truncated>0</truncated>
		<difficult>0</difficult>
		<occluded>0</occluded>
		<bndbox>
			<xmin>23</xmin>
			<xmax>82</xmax>
			<ymin>91</ymin>
			<ymax>159</ymax>
		</bndbox>
	</object>
	<object>
		<name>Jerawat</name>
		<pose>Unspecified</pose>
		<truncated>0</truncated>
		<difficult>0</difficult>
		<occluded>0</occluded>
		<bndbox>
			<xmin>99</xmin>
			<xmax>160</xmax>
			<ymin>14</ymin>
			<ymax>92</ymax>
		</bndbox>
	</object>
</annotation>
