<annotation>
	<folder></folder>
	<filename>acne-cystic-125_jpg.rf.d3ca842dfc4acd0fc495316ae184a957.jpg</filename>
	<path>acne-cystic-125_jpg.rf.d3ca842dfc4acd0fc495316ae184a957.jpg</path>
	<source>
		<database>roboflow.ai</database>
	</source>
	<size>
		<width>160</width>
		<height>160</height>
		<depth>3</depth>
	</size>
	<segmented>0</segmented>
	<object>
		<name>Jerawat</name>
		<pose>Unspecified</pose>
		<truncated>0</truncated>
		<difficult>0</difficult>
		<occluded>0</occluded>
		<bndbox>
			<xmin>7</xmin>
			<xmax>160</xmax>
			<ymin>1</ymin>
			<ymax>107</ymax>
		</bndbox>
	</object>
</annotation>
