<annotation>
	<folder></folder>
	<filename>acne-closed-comedo-40_jpg.rf.e491e4eb375aee50e8cdcac78e0b62e8.jpg</filename>
	<path>acne-closed-comedo-40_jpg.rf.e491e4eb375aee50e8cdcac78e0b62e8.jpg</path>
	<source>
		<database>roboflow.ai</database>
	</source>
	<size>
		<width>160</width>
		<height>160</height>
		<depth>3</depth>
	</size>
	<segmented>0</segmented>
	<object>
		<name>Komedo</name>
		<pose>Unspecified</pose>
		<truncated>0</truncated>
		<difficult>0</difficult>
		<occluded>0</occluded>
		<bndbox>
			<xmin>1</xmin>
			<xmax>76</xmax>
			<ymin>4</ymin>
			<ymax>87</ymax>
		</bndbox>
	</object>
	<object>
		<name>Komedo</name>
		<pose>Unspecified</pose>
		<truncated>0</truncated>
		<difficult>0</difficult>
		<occluded>0</occluded>
		<bndbox>
			<xmin>138</xmin>
			<xmax>160</xmax>
			<ymin>81</ymin>
			<ymax>144</ymax>
		</bndbox>
	</object>
</annotation>
