<annotation>
	<folder></folder>
	<filename>acne-closed-comedo-17_jpg.rf.a597450d2c0962fd782dd5a39e3fcb2a.jpg</filename>
	<path>acne-closed-comedo-17_jpg.rf.a597450d2c0962fd782dd5a39e3fcb2a.jpg</path>
	<source>
		<database>roboflow.ai</database>
	</source>
	<size>
		<width>160</width>
		<height>160</height>
		<depth>3</depth>
	</size>
	<segmented>0</segmented>
	<object>
		<name>Komedo</name>
		<pose>Unspecified</pose>
		<truncated>0</truncated>
		<difficult>0</difficult>
		<occluded>0</occluded>
		<bndbox>
			<xmin>27</xmin>
			<xmax>137</xmax>
			<ymin>3</ymin>
			<ymax>91</ymax>
		</bndbox>
	</object>
	<object>
		<name>Komedo</name>
		<pose>Unspecified</pose>
		<truncated>0</truncated>
		<difficult>0</difficult>
		<occluded>0</occluded>
		<bndbox>
			<xmin>8</xmin>
			<xmax>109</xmax>
			<ymin>102</ymin>
			<ymax>160</ymax>
		</bndbox>
	</object>
</annotation>
