<annotation>
	<folder></folder>
	<filename>acne-closed-comedo-19_jpg.rf.c3a791f665f64dfc27c6533a5d3289bc.jpg</filename>
	<path>acne-closed-comedo-19_jpg.rf.c3a791f665f64dfc27c6533a5d3289bc.jpg</path>
	<source>
		<database>roboflow.ai</database>
	</source>
	<size>
		<width>160</width>
		<height>160</height>
		<depth>3</depth>
	</size>
	<segmented>0</segmented>
	<object>
		<name>Jerawat</name>
		<pose>Unspecified</pose>
		<truncated>0</truncated>
		<difficult>0</difficult>
		<occluded>0</occluded>
		<bndbox>
			<xmin>1</xmin>
			<xmax>56</xmax>
			<ymin>30</ymin>
			<ymax>106</ymax>
		</bndbox>
	</object>
</annotation>
