<annotation>
	<folder></folder>
	<filename>acne-closed-comedo-6_jpg.rf.9df7a7fbb747acf3b123b58d07618c29.jpg</filename>
	<path>acne-closed-comedo-6_jpg.rf.9df7a7fbb747acf3b123b58d07618c29.jpg</path>
	<source>
		<database>roboflow.ai</database>
	</source>
	<size>
		<width>160</width>
		<height>160</height>
		<depth>3</depth>
	</size>
	<segmented>0</segmented>
	<object>
		<name>Komedo</name>
		<pose>Unspecified</pose>
		<truncated>0</truncated>
		<difficult>0</difficult>
		<occluded>0</occluded>
		<bndbox>
			<xmin>92</xmin>
			<xmax>144</xmax>
			<ymin>1</ymin>
			<ymax>4</ymax>
		</bndbox>
	</object>
	<object>
		<name>Komedo</name>
		<pose>Unspecified</pose>
		<truncated>0</truncated>
		<difficult>0</difficult>
		<occluded>0</occluded>
		<bndbox>
			<xmin>102</xmin>
			<xmax>142</xmax>
			<ymin>79</ymin>
			<ymax>119</ymax>
		</bndbox>
	</object>
</annotation>
