<annotation>
	<folder></folder>
	<filename>acne-cystic-19_jpg.rf.b6d39326546074743e246a77f69c467c.jpg</filename>
	<path>acne-cystic-19_jpg.rf.b6d39326546074743e246a77f69c467c.jpg</path>
	<source>
		<database>roboflow.ai</database>
	</source>
	<size>
		<width>160</width>
		<height>160</height>
		<depth>3</depth>
	</size>
	<segmented>0</segmented>
	<object>
		<name>Jerawat</name>
		<pose>Unspecified</pose>
		<truncated>0</truncated>
		<difficult>0</difficult>
		<occluded>0</occluded>
		<bndbox>
			<xmin>134</xmin>
			<xmax>160</xmax>
			<ymin>15</ymin>
			<ymax>51</ymax>
		</bndbox>
	</object>
	<object>
		<name>Jerawat</name>
		<pose>Unspecified</pose>
		<truncated>0</truncated>
		<difficult>0</difficult>
		<occluded>0</occluded>
		<bndbox>
			<xmin>83</xmin>
			<xmax>144</xmax>
			<ymin>129</ymin>
			<ymax>155</ymax>
		</bndbox>
	</object>
	<object>
		<name>Jerawat</name>
		<pose>Unspecified</pose>
		<truncated>0</truncated>
		<difficult>0</difficult>
		<occluded>0</occluded>
		<bndbox>
			<xmin>11</xmin>
			<xmax>82</xmax>
			<ymin>41</ymin>
			<ymax>131</ymax>
		</bndbox>
	</object>
	<object>
		<name>Jerawat</name>
		<pose>Unspecified</pose>
		<truncated>0</truncated>
		<difficult>0</difficult>
		<occluded>0</occluded>
		<bndbox>
			<xmin>5</xmin>
			<xmax>32</xmax>
			<ymin>22</ymin>
			<ymax>66</ymax>
		</bndbox>
	</object>
</annotation>
