<annotation>
	<folder></folder>
	<filename>acne-cystic-140_jpg.rf.4e91fe8d0088ed1219cafce0618f6500.jpg</filename>
	<path>acne-cystic-140_jpg.rf.4e91fe8d0088ed1219cafce0618f6500.jpg</path>
	<source>
		<database>roboflow.ai</database>
	</source>
	<size>
		<width>160</width>
		<height>160</height>
		<depth>3</depth>
	</size>
	<segmented>0</segmented>
	<object>
		<name>Jerawat</name>
		<pose>Unspecified</pose>
		<truncated>0</truncated>
		<difficult>0</difficult>
		<occluded>0</occluded>
		<bndbox>
			<xmin>139</xmin>
			<xmax>160</xmax>
			<ymin>42</ymin>
			<ymax>107</ymax>
		</bndbox>
	</object>
</annotation>
