<annotation>
	<folder></folder>
	<filename>acne-cystic-127_jpg.rf.815e5cd77644c5d359e225b1365c899b.jpg</filename>
	<path>acne-cystic-127_jpg.rf.815e5cd77644c5d359e225b1365c899b.jpg</path>
	<source>
		<database>roboflow.ai</database>
	</source>
	<size>
		<width>160</width>
		<height>160</height>
		<depth>3</depth>
	</size>
	<segmented>0</segmented>
	<object>
		<name>Jerawat</name>
		<pose>Unspecified</pose>
		<truncated>0</truncated>
		<difficult>0</difficult>
		<occluded>0</occluded>
		<bndbox>
			<xmin>19</xmin>
			<xmax>56</xmax>
			<ymin>76</ymin>
			<ymax>117</ymax>
		</bndbox>
	</object>
	<object>
		<name>Jerawat</name>
		<pose>Unspecified</pose>
		<truncated>0</truncated>
		<difficult>0</difficult>
		<occluded>0</occluded>
		<bndbox>
			<xmin>74</xmin>
			<xmax>148</xmax>
			<ymin>1</ymin>
			<ymax>33</ymax>
		</bndbox>
	</object>
</annotation>
