<annotation>
	<folder></folder>
	<filename>acne-cystic-122_jpg.rf.e413d67595a0c3ea3c666337afc61431.jpg</filename>
	<path>acne-cystic-122_jpg.rf.e413d67595a0c3ea3c666337afc61431.jpg</path>
	<source>
		<database>roboflow.ai</database>
	</source>
	<size>
		<width>160</width>
		<height>160</height>
		<depth>3</depth>
	</size>
	<segmented>0</segmented>
	<object>
		<name>Jerawat</name>
		<pose>Unspecified</pose>
		<truncated>0</truncated>
		<difficult>0</difficult>
		<occluded>0</occluded>
		<bndbox>
			<xmin>4</xmin>
			<xmax>37</xmax>
			<ymin>16</ymin>
			<ymax>41</ymax>
		</bndbox>
	</object>
	<object>
		<name>Jerawat</name>
		<pose>Unspecified</pose>
		<truncated>0</truncated>
		<difficult>0</difficult>
		<occluded>0</occluded>
		<bndbox>
			<xmin>1</xmin>
			<xmax>84</xmax>
			<ymin>42</ymin>
			<ymax>160</ymax>
		</bndbox>
	</object>
	<object>
		<name>Jerawat</name>
		<pose>Unspecified</pose>
		<truncated>0</truncated>
		<difficult>0</difficult>
		<occluded>0</occluded>
		<bndbox>
			<xmin>74</xmin>
			<xmax>137</xmax>
			<ymin>1</ymin>
			<ymax>8</ymax>
		</bndbox>
	</object>
</annotation>
