<annotation>
	<folder></folder>
	<filename>acne-cystic-19_jpg.rf.2e71294bc48631535d5d51b0b94f953d.jpg</filename>
	<path>acne-cystic-19_jpg.rf.2e71294bc48631535d5d51b0b94f953d.jpg</path>
	<source>
		<database>roboflow.ai</database>
	</source>
	<size>
		<width>160</width>
		<height>160</height>
		<depth>3</depth>
	</size>
	<segmented>0</segmented>
	<object>
		<name>Jerawat</name>
		<pose>Unspecified</pose>
		<truncated>0</truncated>
		<difficult>0</difficult>
		<occluded>0</occluded>
		<bndbox>
			<xmin>4</xmin>
			<xmax>35</xmax>
			<ymin>23</ymin>
			<ymax>65</ymax>
		</bndbox>
	</object>
	<object>
		<name>Jerawat</name>
		<pose>Unspecified</pose>
		<truncated>0</truncated>
		<difficult>0</difficult>
		<occluded>0</occluded>
		<bndbox>
			<xmin>127</xmin>
			<xmax>156</xmax>
			<ymin>3</ymin>
			<ymax>59</ymax>
		</bndbox>
	</object>
	<object>
		<name>Jerawat</name>
		<pose>Unspecified</pose>
		<truncated>0</truncated>
		<difficult>0</difficult>
		<occluded>0</occluded>
		<bndbox>
			<xmin>76</xmin>
			<xmax>159</xmax>
			<ymin>88</ymin>
			<ymax>149</ymax>
		</bndbox>
	</object>
	<object>
		<name>Jerawat</name>
		<pose>Unspecified</pose>
		<truncated>0</truncated>
		<difficult>0</difficult>
		<occluded>0</occluded>
		<bndbox>
			<xmin>71</xmin>
			<xmax>112</xmax>
			<ymin>150</ymin>
			<ymax>161</ymax>
		</bndbox>
	</object>
</annotation>
