<annotation>
	<folder></folder>
	<filename>acne-cystic-115_jpg.rf.e52433d8a44cc70f97977b5db72b4ec3.jpg</filename>
	<path>acne-cystic-115_jpg.rf.e52433d8a44cc70f97977b5db72b4ec3.jpg</path>
	<source>
		<database>roboflow.ai</database>
	</source>
	<size>
		<width>160</width>
		<height>160</height>
		<depth>3</depth>
	</size>
	<segmented>0</segmented>
	<object>
		<name>Jerawat</name>
		<pose>Unspecified</pose>
		<truncated>0</truncated>
		<difficult>0</difficult>
		<occluded>0</occluded>
		<bndbox>
			<xmin>4</xmin>
			<xmax>56</xmax>
			<ymin>4</ymin>
			<ymax>36</ymax>
		</bndbox>
	</object>
	<object>
		<name>Jerawat</name>
		<pose>Unspecified</pose>
		<truncated>0</truncated>
		<difficult>0</difficult>
		<occluded>0</occluded>
		<bndbox>
			<xmin>5</xmin>
			<xmax>64</xmax>
			<ymin>64</ymin>
			<ymax>113</ymax>
		</bndbox>
	</object>
	<object>
		<name>Jerawat</name>
		<pose>Unspecified</pose>
		<truncated>0</truncated>
		<difficult>0</difficult>
		<occluded>0</occluded>
		<bndbox>
			<xmin>6</xmin>
			<xmax>83</xmax>
			<ymin>126</ymin>
			<ymax>160</ymax>
		</bndbox>
	</object>
</annotation>
