<annotation>
	<folder></folder>
	<filename>acne-cystic-113_jpg.rf.10ad482650b13917961d6e4f0f40c257.jpg</filename>
	<path>acne-cystic-113_jpg.rf.10ad482650b13917961d6e4f0f40c257.jpg</path>
	<source>
		<database>roboflow.ai</database>
	</source>
	<size>
		<width>160</width>
		<height>160</height>
		<depth>3</depth>
	</size>
	<segmented>0</segmented>
	<object>
		<name>Jerawat</name>
		<pose>Unspecified</pose>
		<truncated>0</truncated>
		<difficult>0</difficult>
		<occluded>0</occluded>
		<bndbox>
			<xmin>1</xmin>
			<xmax>160</xmax>
			<ymin>1</ymin>
			<ymax>146</ymax>
		</bndbox>
	</object>
</annotation>
