<annotation>
	<folder></folder>
	<filename>acne-closed-comedo-23_jpg.rf.444774310fa9acc4a446cde89ba14094.jpg</filename>
	<path>acne-closed-comedo-23_jpg.rf.444774310fa9acc4a446cde89ba14094.jpg</path>
	<source>
		<database>roboflow.ai</database>
	</source>
	<size>
		<width>160</width>
		<height>160</height>
		<depth>3</depth>
	</size>
	<segmented>0</segmented>
	<object>
		<name>Jerawat</name>
		<pose>Unspecified</pose>
		<truncated>0</truncated>
		<difficult>0</difficult>
		<occluded>0</occluded>
		<bndbox>
			<xmin>81</xmin>
			<xmax>160</xmax>
			<ymin>97</ymin>
			<ymax>160</ymax>
		</bndbox>
	</object>
</annotation>
