<annotation>
	<folder></folder>
	<filename>acne-closed-comedo-13_jpg.rf.08ad541c64ad484d8a59dbd0d1075c44.jpg</filename>
	<path>acne-closed-comedo-13_jpg.rf.08ad541c64ad484d8a59dbd0d1075c44.jpg</path>
	<source>
		<database>roboflow.ai</database>
	</source>
	<size>
		<width>160</width>
		<height>160</height>
		<depth>3</depth>
	</size>
	<segmented>0</segmented>
	<object>
		<name>Komedo</name>
		<pose>Unspecified</pose>
		<truncated>0</truncated>
		<difficult>0</difficult>
		<occluded>0</occluded>
		<bndbox>
			<xmin>8</xmin>
			<xmax>161</xmax>
			<ymin>1</ymin>
			<ymax>107</ymax>
		</bndbox>
	</object>
	<object>
		<name>Komedo</name>
		<pose>Unspecified</pose>
		<truncated>0</truncated>
		<difficult>0</difficult>
		<occluded>0</occluded>
		<bndbox>
			<xmin>1</xmin>
			<xmax>151</xmax>
			<ymin>77</ymin>
			<ymax>160</ymax>
		</bndbox>
	</object>
</annotation>
