<annotation>
	<folder></folder>
	<filename>acne-closed-comedo-22_jpg.rf.b8f896fc230263e6cc354b340ae5e76f.jpg</filename>
	<path>acne-closed-comedo-22_jpg.rf.b8f896fc230263e6cc354b340ae5e76f.jpg</path>
	<source>
		<database>roboflow.ai</database>
	</source>
	<size>
		<width>160</width>
		<height>160</height>
		<depth>3</depth>
	</size>
	<segmented>0</segmented>
	<object>
		<name>Komedo</name>
		<pose>Unspecified</pose>
		<truncated>0</truncated>
		<difficult>0</difficult>
		<occluded>0</occluded>
		<bndbox>
			<xmin>16</xmin>
			<xmax>160</xmax>
			<ymin>1</ymin>
			<ymax>123</ymax>
		</bndbox>
	</object>
</annotation>
