<annotation>
	<folder></folder>
	<filename>acne-cystic-140_jpg.rf.3af92fd386d1dbc93e2a28b692517692.jpg</filename>
	<path>acne-cystic-140_jpg.rf.3af92fd386d1dbc93e2a28b692517692.jpg</path>
	<source>
		<database>roboflow.ai</database>
	</source>
	<size>
		<width>160</width>
		<height>160</height>
		<depth>3</depth>
	</size>
	<segmented>0</segmented>
	<object>
		<name>Jerawat</name>
		<pose>Unspecified</pose>
		<truncated>0</truncated>
		<difficult>0</difficult>
		<occluded>0</occluded>
		<bndbox>
			<xmin>36</xmin>
			<xmax>101</xmax>
			<ymin>147</ymin>
			<ymax>160</ymax>
		</bndbox>
	</object>
</annotation>
