<annotation>
	<folder></folder>
	<filename>acne-cystic-124_jpg.rf.fc6e8783bbe026f9b30eb88d8f50938a.jpg</filename>
	<path>acne-cystic-124_jpg.rf.fc6e8783bbe026f9b30eb88d8f50938a.jpg</path>
	<source>
		<database>roboflow.ai</database>
	</source>
	<size>
		<width>160</width>
		<height>160</height>
		<depth>3</depth>
	</size>
	<segmented>0</segmented>
	<object>
		<name>Jerawat</name>
		<pose>Unspecified</pose>
		<truncated>0</truncated>
		<difficult>0</difficult>
		<occluded>0</occluded>
		<bndbox>
			<xmin>48</xmin>
			<xmax>94</xmax>
			<ymin>1</ymin>
			<ymax>26</ymax>
		</bndbox>
	</object>
</annotation>
