<annotation>
	<folder></folder>
	<filename>acne-closed-comedo-2_jpg.rf.81466620f89a028d6a8d13c730246fba.jpg</filename>
	<path>acne-closed-comedo-2_jpg.rf.81466620f89a028d6a8d13c730246fba.jpg</path>
	<source>
		<database>roboflow.ai</database>
	</source>
	<size>
		<width>160</width>
		<height>160</height>
		<depth>3</depth>
	</size>
	<segmented>0</segmented>
	<object>
		<name>Komedo</name>
		<pose>Unspecified</pose>
		<truncated>0</truncated>
		<difficult>0</difficult>
		<occluded>0</occluded>
		<bndbox>
			<xmin>2</xmin>
			<xmax>19</xmax>
			<ymin>11</ymin>
			<ymax>53</ymax>
		</bndbox>
	</object>
	<object>
		<name>Jerawat</name>
		<pose>Unspecified</pose>
		<truncated>0</truncated>
		<difficult>0</difficult>
		<occluded>0</occluded>
		<bndbox>
			<xmin>21</xmin>
			<xmax>160</xmax>
			<ymin>1</ymin>
			<ymax>135</ymax>
		</bndbox>
	</object>
</annotation>
