<annotation>
	<folder></folder>
	<filename>acne-closed-comedo-38_jpg.rf.e0193b2d9c239aa7c22ccac51f6bac09.jpg</filename>
	<path>acne-closed-comedo-38_jpg.rf.e0193b2d9c239aa7c22ccac51f6bac09.jpg</path>
	<source>
		<database>roboflow.ai</database>
	</source>
	<size>
		<width>160</width>
		<height>160</height>
		<depth>3</depth>
	</size>
	<segmented>0</segmented>
	<object>
		<name>Komedo</name>
		<pose>Unspecified</pose>
		<truncated>0</truncated>
		<difficult>0</difficult>
		<occluded>0</occluded>
		<bndbox>
			<xmin>34</xmin>
			<xmax>84</xmax>
			<ymin>39</ymin>
			<ymax>93</ymax>
		</bndbox>
	</object>
	<object>
		<name>Komedo</name>
		<pose>Unspecified</pose>
		<truncated>0</truncated>
		<difficult>0</difficult>
		<occluded>0</occluded>
		<bndbox>
			<xmin>118</xmin>
			<xmax>160</xmax>
			<ymin>78</ymin>
			<ymax>160</ymax>
		</bndbox>
	</object>
</annotation>
