<annotation>
	<folder></folder>
	<filename>acne-closed-comedo-22_jpg.rf.3b1fb10b95f14bf1cb58dbb7793959c8.jpg</filename>
	<path>acne-closed-comedo-22_jpg.rf.3b1fb10b95f14bf1cb58dbb7793959c8.jpg</path>
	<source>
		<database>roboflow.ai</database>
	</source>
	<size>
		<width>160</width>
		<height>160</height>
		<depth>3</depth>
	</size>
	<segmented>0</segmented>
	<object>
		<name>Komedo</name>
		<pose>Unspecified</pose>
		<truncated>0</truncated>
		<difficult>0</difficult>
		<occluded>0</occluded>
		<bndbox>
			<xmin>76</xmin>
			<xmax>126</xmax>
			<ymin>100</ymin>
			<ymax>154</ymax>
		</bndbox>
	</object>
	<object>
		<name>Komedo</name>
		<pose>Unspecified</pose>
		<truncated>0</truncated>
		<difficult>0</difficult>
		<occluded>0</occluded>
		<bndbox>
			<xmin>1</xmin>
			<xmax>69</xmax>
			<ymin>63</ymin>
			<ymax>153</ymax>
		</bndbox>
	</object>
	<object>
		<name>Komedo</name>
		<pose>Unspecified</pose>
		<truncated>0</truncated>
		<difficult>0</difficult>
		<occluded>0</occluded>
		<bndbox>
			<xmin>5</xmin>
			<xmax>100</xmax>
			<ymin>8</ymin>
			<ymax>92</ymax>
		</bndbox>
	</object>
</annotation>
