<annotation>
	<folder></folder>
	<filename>acne-closed-comedo-23_jpg.rf.85db3ebf68e412cb3ee2467d2d928a7a.jpg</filename>
	<path>acne-closed-comedo-23_jpg.rf.85db3ebf68e412cb3ee2467d2d928a7a.jpg</path>
	<source>
		<database>roboflow.ai</database>
	</source>
	<size>
		<width>160</width>
		<height>160</height>
		<depth>3</depth>
	</size>
	<segmented>0</segmented>
	<object>
		<name>Jerawat</name>
		<pose>Unspecified</pose>
		<truncated>0</truncated>
		<difficult>0</difficult>
		<occluded>0</occluded>
		<bndbox>
			<xmin>74</xmin>
			<xmax>160</xmax>
			<ymin>8</ymin>
			<ymax>83</ymax>
		</bndbox>
	</object>
</annotation>
