<annotation>
	<folder></folder>
	<filename>acne-closed-comedo-17_jpg.rf.4799e9f530e4eba91519bb0eda490c0c.jpg</filename>
	<path>acne-closed-comedo-17_jpg.rf.4799e9f530e4eba91519bb0eda490c0c.jpg</path>
	<source>
		<database>roboflow.ai</database>
	</source>
	<size>
		<width>160</width>
		<height>160</height>
		<depth>3</depth>
	</size>
	<segmented>0</segmented>
	<object>
		<name>Komedo</name>
		<pose>Unspecified</pose>
		<truncated>0</truncated>
		<difficult>0</difficult>
		<occluded>0</occluded>
		<bndbox>
			<xmin>76</xmin>
			<xmax>159</xmax>
			<ymin>19</ymin>
			<ymax>126</ymax>
		</bndbox>
	</object>
	<object>
		<name>Komedo</name>
		<pose>Unspecified</pose>
		<truncated>0</truncated>
		<difficult>0</difficult>
		<occluded>0</occluded>
		<bndbox>
			<xmin>1</xmin>
			<xmax>64</xmax>
			<ymin>1</ymin>
			<ymax>95</ymax>
		</bndbox>
	</object>
</annotation>
