<annotation>
	<folder></folder>
	<filename>acne-closed-comedo-22_jpg.rf.dd7df4180f0aec0569a5fd984dc6545e.jpg</filename>
	<path>acne-closed-comedo-22_jpg.rf.dd7df4180f0aec0569a5fd984dc6545e.jpg</path>
	<source>
		<database>roboflow.ai</database>
	</source>
	<size>
		<width>160</width>
		<height>160</height>
		<depth>3</depth>
	</size>
	<segmented>0</segmented>
	<object>
		<name>Komedo</name>
		<pose>Unspecified</pose>
		<truncated>0</truncated>
		<difficult>0</difficult>
		<occluded>0</occluded>
		<bndbox>
			<xmin>40</xmin>
			<xmax>160</xmax>
			<ymin>11</ymin>
			<ymax>159</ymax>
		</bndbox>
	</object>
</annotation>
