<annotation>
	<folder></folder>
	<filename>acne-closed-comedo-9_jpg.rf.4ae263866e78956ff882274347dc9703.jpg</filename>
	<path>acne-closed-comedo-9_jpg.rf.4ae263866e78956ff882274347dc9703.jpg</path>
	<source>
		<database>roboflow.ai</database>
	</source>
	<size>
		<width>160</width>
		<height>160</height>
		<depth>3</depth>
	</size>
	<segmented>0</segmented>
	<object>
		<name>Komedo</name>
		<pose>Unspecified</pose>
		<truncated>0</truncated>
		<difficult>0</difficult>
		<occluded>0</occluded>
		<bndbox>
			<xmin>1</xmin>
			<xmax>81</xmax>
			<ymin>1</ymin>
			<ymax>158</ymax>
		</bndbox>
	</object>
	<object>
		<name>Komedo</name>
		<pose>Unspecified</pose>
		<truncated>0</truncated>
		<difficult>0</difficult>
		<occluded>0</occluded>
		<bndbox>
			<xmin>78</xmin>
			<xmax>160</xmax>
			<ymin>1</ymin>
			<ymax>156</ymax>
		</bndbox>
	</object>
</annotation>
