<annotation>
	<folder></folder>
	<filename>acne-closed-comedo-18_jpg.rf.0b09a34c7268b0bbfb3ec333ae04a9db.jpg</filename>
	<path>acne-closed-comedo-18_jpg.rf.0b09a34c7268b0bbfb3ec333ae04a9db.jpg</path>
	<source>
		<database>roboflow.ai</database>
	</source>
	<size>
		<width>160</width>
		<height>160</height>
		<depth>3</depth>
	</size>
	<segmented>0</segmented>
	<object>
		<name>Komedo</name>
		<pose>Unspecified</pose>
		<truncated>0</truncated>
		<difficult>0</difficult>
		<occluded>0</occluded>
		<bndbox>
			<xmin>1</xmin>
			<xmax>76</xmax>
			<ymin>1</ymin>
			<ymax>152</ymax>
		</bndbox>
	</object>
</annotation>
