<annotation>
	<folder></folder>
	<filename>acne-closed-comedo-8_jpg.rf.de596f39938bee2c2269a09d8371e799.jpg</filename>
	<path>acne-closed-comedo-8_jpg.rf.de596f39938bee2c2269a09d8371e799.jpg</path>
	<source>
		<database>roboflow.ai</database>
	</source>
	<size>
		<width>160</width>
		<height>160</height>
		<depth>3</depth>
	</size>
	<segmented>0</segmented>
	<object>
		<name>Komedo</name>
		<pose>Unspecified</pose>
		<truncated>0</truncated>
		<difficult>0</difficult>
		<occluded>0</occluded>
		<bndbox>
			<xmin>2</xmin>
			<xmax>160</xmax>
			<ymin>1</ymin>
			<ymax>70</ymax>
		</bndbox>
	</object>
	<object>
		<name>Komedo</name>
		<pose>Unspecified</pose>
		<truncated>0</truncated>
		<difficult>0</difficult>
		<occluded>0</occluded>
		<bndbox>
			<xmin>14</xmin>
			<xmax>160</xmax>
			<ymin>110</ymin>
			<ymax>160</ymax>
		</bndbox>
	</object>
</annotation>
