<annotation>
	<folder></folder>
	<filename>acne-closed-comedo-29_jpg.rf.9f4c58487f693f90954cac22a3a48a7d.jpg</filename>
	<path>acne-closed-comedo-29_jpg.rf.9f4c58487f693f90954cac22a3a48a7d.jpg</path>
	<source>
		<database>roboflow.ai</database>
	</source>
	<size>
		<width>160</width>
		<height>160</height>
		<depth>3</depth>
	</size>
	<segmented>0</segmented>
	<object>
		<name>Jerawat</name>
		<pose>Unspecified</pose>
		<truncated>0</truncated>
		<difficult>0</difficult>
		<occluded>0</occluded>
		<bndbox>
			<xmin>105</xmin>
			<xmax>160</xmax>
			<ymin>93</ymin>
			<ymax>154</ymax>
		</bndbox>
	</object>
	<object>
		<name>Komedo</name>
		<pose>Unspecified</pose>
		<truncated>0</truncated>
		<difficult>0</difficult>
		<occluded>0</occluded>
		<bndbox>
			<xmin>86</xmin>
			<xmax>160</xmax>
			<ymin>21</ymin>
			<ymax>108</ymax>
		</bndbox>
	</object>
	<object>
		<name>Komedo</name>
		<pose>Unspecified</pose>
		<truncated>0</truncated>
		<difficult>0</difficult>
		<occluded>0</occluded>
		<bndbox>
			<xmin>2</xmin>
			<xmax>96</xmax>
			<ymin>20</ymin>
			<ymax>160</ymax>
		</bndbox>
	</object>
</annotation>
