<annotation>
	<folder></folder>
	<filename>acne-cystic-106_jpg.rf.0ebd3f224b61e8d46359b8af569644c2.jpg</filename>
	<path>acne-cystic-106_jpg.rf.0ebd3f224b61e8d46359b8af569644c2.jpg</path>
	<source>
		<database>roboflow.ai</database>
	</source>
	<size>
		<width>160</width>
		<height>160</height>
		<depth>3</depth>
	</size>
	<segmented>0</segmented>
	<object>
		<name>Jerawat</name>
		<pose>Unspecified</pose>
		<truncated>0</truncated>
		<difficult>0</difficult>
		<occluded>0</occluded>
		<bndbox>
			<xmin>1</xmin>
			<xmax>79</xmax>
			<ymin>116</ymin>
			<ymax>160</ymax>
		</bndbox>
	</object>
	<object>
		<name>Komedo</name>
		<pose>Unspecified</pose>
		<truncated>0</truncated>
		<difficult>0</difficult>
		<occluded>0</occluded>
		<bndbox>
			<xmin>2</xmin>
			<xmax>61</xmax>
			<ymin>5</ymin>
			<ymax>78</ymax>
		</bndbox>
	</object>
	<object>
		<name>Jerawat</name>
		<pose>Unspecified</pose>
		<truncated>0</truncated>
		<difficult>0</difficult>
		<occluded>0</occluded>
		<bndbox>
			<xmin>91</xmin>
			<xmax>157</xmax>
			<ymin>71</ymin>
			<ymax>153</ymax>
		</bndbox>
	</object>
</annotation>
