<annotation>
	<folder></folder>
	<filename>acne-closed-comedo-9_jpg.rf.08f26b9dd0bec9db66beec71573217f2.jpg</filename>
	<path>acne-closed-comedo-9_jpg.rf.08f26b9dd0bec9db66beec71573217f2.jpg</path>
	<source>
		<database>roboflow.ai</database>
	</source>
	<size>
		<width>160</width>
		<height>160</height>
		<depth>3</depth>
	</size>
	<segmented>0</segmented>
	<object>
		<name>Komedo</name>
		<pose>Unspecified</pose>
		<truncated>0</truncated>
		<difficult>0</difficult>
		<occluded>0</occluded>
		<bndbox>
			<xmin>74</xmin>
			<xmax>160</xmax>
			<ymin>4</ymin>
			<ymax>160</ymax>
		</bndbox>
	</object>
	<object>
		<name>Komedo</name>
		<pose>Unspecified</pose>
		<truncated>0</truncated>
		<difficult>0</difficult>
		<occluded>0</occluded>
		<bndbox>
			<xmin>1</xmin>
			<xmax>85</xmax>
			<ymin>7</ymin>
			<ymax>160</ymax>
		</bndbox>
	</object>
</annotation>
