<annotation>
	<folder></folder>
	<filename>acne-closed-comedo-11_jpg.rf.8c554b832f2a6a9982ec92c4765f376b.jpg</filename>
	<path>acne-closed-comedo-11_jpg.rf.8c554b832f2a6a9982ec92c4765f376b.jpg</path>
	<source>
		<database>roboflow.ai</database>
	</source>
	<size>
		<width>160</width>
		<height>160</height>
		<depth>3</depth>
	</size>
	<segmented>0</segmented>
	<object>
		<name>Komedo</name>
		<pose>Unspecified</pose>
		<truncated>0</truncated>
		<difficult>0</difficult>
		<occluded>0</occluded>
		<bndbox>
			<xmin>1</xmin>
			<xmax>148</xmax>
			<ymin>81</ymin>
			<ymax>160</ymax>
		</bndbox>
	</object>
	<object>
		<name>Komedo</name>
		<pose>Unspecified</pose>
		<truncated>0</truncated>
		<difficult>0</difficult>
		<occluded>0</occluded>
		<bndbox>
			<xmin>2</xmin>
			<xmax>160</xmax>
			<ymin>1</ymin>
			<ymax>85</ymax>
		</bndbox>
	</object>
</annotation>
