<annotation>
	<folder></folder>
	<filename>acne-Closed-Comedo_jpg.rf.5a368bedb0756b9d4c54b693560bb41e.jpg</filename>
	<path>acne-Closed-Comedo_jpg.rf.5a368bedb0756b9d4c54b693560bb41e.jpg</path>
	<source>
		<database>roboflow.ai</database>
	</source>
	<size>
		<width>160</width>
		<height>160</height>
		<depth>3</depth>
	</size>
	<segmented>0</segmented>
	<object>
		<name>Komedo</name>
		<pose>Unspecified</pose>
		<truncated>0</truncated>
		<difficult>0</difficult>
		<occluded>0</occluded>
		<bndbox>
			<xmin>101</xmin>
			<xmax>155</xmax>
			<ymin>40</ymin>
			<ymax>107</ymax>
		</bndbox>
	</object>
	<object>
		<name>Komedo</name>
		<pose>Unspecified</pose>
		<truncated>0</truncated>
		<difficult>0</difficult>
		<occluded>0</occluded>
		<bndbox>
			<xmin>2</xmin>
			<xmax>75</xmax>
			<ymin>54</ymin>
			<ymax>160</ymax>
		</bndbox>
	</object>
</annotation>
