<annotation>
	<folder></folder>
	<filename>acne-closed-comedo-22_jpg.rf.b4e77555b78f1f6c7c5d71bed6a4e4ef.jpg</filename>
	<path>acne-closed-comedo-22_jpg.rf.b4e77555b78f1f6c7c5d71bed6a4e4ef.jpg</path>
	<source>
		<database>roboflow.ai</database>
	</source>
	<size>
		<width>160</width>
		<height>160</height>
		<depth>3</depth>
	</size>
	<segmented>0</segmented>
	<object>
		<name>Komedo</name>
		<pose>Unspecified</pose>
		<truncated>0</truncated>
		<difficult>0</difficult>
		<occluded>0</occluded>
		<bndbox>
			<xmin>53</xmin>
			<xmax>106</xmax>
			<ymin>1</ymin>
			<ymax>56</ymax>
		</bndbox>
	</object>
	<object>
		<name>Komedo</name>
		<pose>Unspecified</pose>
		<truncated>0</truncated>
		<difficult>0</difficult>
		<occluded>0</occluded>
		<bndbox>
			<xmin>4</xmin>
			<xmax>69</xmax>
			<ymin>35</ymin>
			<ymax>125</ymax>
		</bndbox>
	</object>
	<object>
		<name>Komedo</name>
		<pose>Unspecified</pose>
		<truncated>0</truncated>
		<difficult>0</difficult>
		<occluded>0</occluded>
		<bndbox>
			<xmin>31</xmin>
			<xmax>132</xmax>
			<ymin>76</ymin>
			<ymax>158</ymax>
		</bndbox>
	</object>
</annotation>
