<annotation>
	<folder></folder>
	<filename>acne-closed-comedo-24_jpg.rf.30e8de3b30af88ac19f215d1c4ff2852.jpg</filename>
	<path>acne-closed-comedo-24_jpg.rf.30e8de3b30af88ac19f215d1c4ff2852.jpg</path>
	<source>
		<database>roboflow.ai</database>
	</source>
	<size>
		<width>160</width>
		<height>160</height>
		<depth>3</depth>
	</size>
	<segmented>0</segmented>
	<object>
		<name>Komedo</name>
		<pose>Unspecified</pose>
		<truncated>0</truncated>
		<difficult>0</difficult>
		<occluded>0</occluded>
		<bndbox>
			<xmin>144</xmin>
			<xmax>158</xmax>
			<ymin>113</ymin>
			<ymax>139</ymax>
		</bndbox>
	</object>
</annotation>
