<annotation>
	<folder></folder>
	<filename>acne-cystic-127_jpg.rf.31f784116e8b16be6703246a08d28599.jpg</filename>
	<path>acne-cystic-127_jpg.rf.31f784116e8b16be6703246a08d28599.jpg</path>
	<source>
		<database>roboflow.ai</database>
	</source>
	<size>
		<width>160</width>
		<height>160</height>
		<depth>3</depth>
	</size>
	<segmented>0</segmented>
	<object>
		<name>Jerawat</name>
		<pose>Unspecified</pose>
		<truncated>0</truncated>
		<difficult>0</difficult>
		<occluded>0</occluded>
		<bndbox>
			<xmin>30</xmin>
			<xmax>65</xmax>
			<ymin>85</ymin>
			<ymax>119</ymax>
		</bndbox>
	</object>
	<object>
		<name>Jerawat</name>
		<pose>Unspecified</pose>
		<truncated>0</truncated>
		<difficult>0</difficult>
		<occluded>0</occluded>
		<bndbox>
			<xmin>130</xmin>
			<xmax>160</xmax>
			<ymin>43</ymin>
			<ymax>115</ymax>
		</bndbox>
	</object>
</annotation>
