<annotation>
	<folder></folder>
	<filename>acne-closed-comedo-26_jpg.rf.6d45b6ee687d39aef590f7c8014c1a5a.jpg</filename>
	<path>acne-closed-comedo-26_jpg.rf.6d45b6ee687d39aef590f7c8014c1a5a.jpg</path>
	<source>
		<database>roboflow.ai</database>
	</source>
	<size>
		<width>160</width>
		<height>160</height>
		<depth>3</depth>
	</size>
	<segmented>0</segmented>
	<object>
		<name>Komedo</name>
		<pose>Unspecified</pose>
		<truncated>0</truncated>
		<difficult>0</difficult>
		<occluded>0</occluded>
		<bndbox>
			<xmin>124</xmin>
			<xmax>150</xmax>
			<ymin>129</ymin>
			<ymax>160</ymax>
		</bndbox>
	</object>
	<object>
		<name>Komedo</name>
		<pose>Unspecified</pose>
		<truncated>0</truncated>
		<difficult>0</difficult>
		<occluded>0</occluded>
		<bndbox>
			<xmin>119</xmin>
			<xmax>154</xmax>
			<ymin>15</ymin>
			<ymax>41</ymax>
		</bndbox>
	</object>
	<object>
		<name>Komedo</name>
		<pose>Unspecified</pose>
		<truncated>0</truncated>
		<difficult>0</difficult>
		<occluded>0</occluded>
		<bndbox>
			<xmin>1</xmin>
			<xmax>57</xmax>
			<ymin>44</ymin>
			<ymax>110</ymax>
		</bndbox>
	</object>
</annotation>
