<annotation>
	<folder></folder>
	<filename>acne-closed-comedo-19_jpg.rf.14044172a21e963b79ecc538ff74dce2.jpg</filename>
	<path>acne-closed-comedo-19_jpg.rf.14044172a21e963b79ecc538ff74dce2.jpg</path>
	<source>
		<database>roboflow.ai</database>
	</source>
	<size>
		<width>160</width>
		<height>160</height>
		<depth>3</depth>
	</size>
	<segmented>0</segmented>
	<object>
		<name>Jerawat</name>
		<pose>Unspecified</pose>
		<truncated>0</truncated>
		<difficult>0</difficult>
		<occluded>0</occluded>
		<bndbox>
			<xmin>37</xmin>
			<xmax>116</xmax>
			<ymin>101</ymin>
			<ymax>159</ymax>
		</bndbox>
	</object>
</annotation>
