<annotation>
	<folder></folder>
	<filename>acne-cystic-124_jpg.rf.142a39f9ebb8bd0d16b8cbc188667fac.jpg</filename>
	<path>acne-cystic-124_jpg.rf.142a39f9ebb8bd0d16b8cbc188667fac.jpg</path>
	<source>
		<database>roboflow.ai</database>
	</source>
	<size>
		<width>160</width>
		<height>160</height>
		<depth>3</depth>
	</size>
	<segmented>0</segmented>
	<object>
		<name>Jerawat</name>
		<pose>Unspecified</pose>
		<truncated>0</truncated>
		<difficult>0</difficult>
		<occluded>0</occluded>
		<bndbox>
			<xmin>98</xmin>
			<xmax>139</xmax>
			<ymin>140</ymin>
			<ymax>160</ymax>
		</bndbox>
	</object>
</annotation>
