<annotation>
	<folder></folder>
	<filename>acne-closed-comedo-34_jpg.rf.d503165c241083ccab2f4772c15a74ce.jpg</filename>
	<path>acne-closed-comedo-34_jpg.rf.d503165c241083ccab2f4772c15a74ce.jpg</path>
	<source>
		<database>roboflow.ai</database>
	</source>
	<size>
		<width>160</width>
		<height>160</height>
		<depth>3</depth>
	</size>
	<segmented>0</segmented>
	<object>
		<name>Jerawat</name>
		<pose>Unspecified</pose>
		<truncated>0</truncated>
		<difficult>0</difficult>
		<occluded>0</occluded>
		<bndbox>
			<xmin>6</xmin>
			<xmax>160</xmax>
			<ymin>75</ymin>
			<ymax>160</ymax>
		</bndbox>
	</object>
	<object>
		<name>Jerawat</name>
		<pose>Unspecified</pose>
		<truncated>0</truncated>
		<difficult>0</difficult>
		<occluded>0</occluded>
		<bndbox>
			<xmin>5</xmin>
			<xmax>160</xmax>
			<ymin>1</ymin>
			<ymax>90</ymax>
		</bndbox>
	</object>
</annotation>
