<annotation>
	<folder></folder>
	<filename>acne-closed-comedo-6_jpg.rf.f8d6d160921e9ffdb6b97eb9586b1de3.jpg</filename>
	<path>acne-closed-comedo-6_jpg.rf.f8d6d160921e9ffdb6b97eb9586b1de3.jpg</path>
	<source>
		<database>roboflow.ai</database>
	</source>
	<size>
		<width>160</width>
		<height>160</height>
		<depth>3</depth>
	</size>
	<segmented>0</segmented>
	<object>
		<name>Komedo</name>
		<pose>Unspecified</pose>
		<truncated>0</truncated>
		<difficult>0</difficult>
		<occluded>0</occluded>
		<bndbox>
			<xmin>142</xmin>
			<xmax>160</xmax>
			<ymin>1</ymin>
			<ymax>40</ymax>
		</bndbox>
	</object>
	<object>
		<name>Komedo</name>
		<pose>Unspecified</pose>
		<truncated>0</truncated>
		<difficult>0</difficult>
		<occluded>0</occluded>
		<bndbox>
			<xmin>23</xmin>
			<xmax>59</xmax>
			<ymin>30</ymin>
			<ymax>70</ymax>
		</bndbox>
	</object>
</annotation>
