<annotation>
	<folder></folder>
	<filename>acne-cystic-113_jpg.rf.0260bd34dcdbad74275cdd0df1a70029.jpg</filename>
	<path>acne-cystic-113_jpg.rf.0260bd34dcdbad74275cdd0df1a70029.jpg</path>
	<source>
		<database>roboflow.ai</database>
	</source>
	<size>
		<width>160</width>
		<height>160</height>
		<depth>3</depth>
	</size>
	<segmented>0</segmented>
	<object>
		<name>Jerawat</name>
		<pose>Unspecified</pose>
		<truncated>0</truncated>
		<difficult>0</difficult>
		<occluded>0</occluded>
		<bndbox>
			<xmin>1</xmin>
			<xmax>148</xmax>
			<ymin>1</ymin>
			<ymax>160</ymax>
		</bndbox>
	</object>
</annotation>
