<annotation>
	<folder></folder>
	<filename>acne-cystic-142_jpg.rf.d5fd6a4af34aa44fe03cc2c440a22d74.jpg</filename>
	<path>acne-cystic-142_jpg.rf.d5fd6a4af34aa44fe03cc2c440a22d74.jpg</path>
	<source>
		<database>roboflow.ai</database>
	</source>
	<size>
		<width>160</width>
		<height>160</height>
		<depth>3</depth>
	</size>
	<segmented>0</segmented>
	<object>
		<name>Jerawat</name>
		<pose>Unspecified</pose>
		<truncated>0</truncated>
		<difficult>0</difficult>
		<occluded>0</occluded>
		<bndbox>
			<xmin>6</xmin>
			<xmax>22</xmax>
			<ymin>41</ymin>
			<ymax>57</ymax>
		</bndbox>
	</object>
	<object>
		<name>Jerawat</name>
		<pose>Unspecified</pose>
		<truncated>0</truncated>
		<difficult>0</difficult>
		<occluded>0</occluded>
		<bndbox>
			<xmin>32</xmin>
			<xmax>53</xmax>
			<ymin>41</ymin>
			<ymax>57</ymax>
		</bndbox>
	</object>
	<object>
		<name>Jerawat</name>
		<pose>Unspecified</pose>
		<truncated>0</truncated>
		<difficult>0</difficult>
		<occluded>0</occluded>
		<bndbox>
			<xmin>134</xmin>
			<xmax>147</xmax>
			<ymin>36</ymin>
			<ymax>53</ymax>
		</bndbox>
	</object>
	<object>
		<name>Jerawat</name>
		<pose>Unspecified</pose>
		<truncated>0</truncated>
		<difficult>0</difficult>
		<occluded>0</occluded>
		<bndbox>
			<xmin>55</xmin>
			<xmax>71</xmax>
			<ymin>4</ymin>
			<ymax>10</ymax>
		</bndbox>
	</object>
</annotation>
