<annotation>
	<folder></folder>
	<filename>acne-cystic-17_jpg.rf.f2e12da55d72e191768c5f2b4a3a8073.jpg</filename>
	<path>acne-cystic-17_jpg.rf.f2e12da55d72e191768c5f2b4a3a8073.jpg</path>
	<source>
		<database>roboflow.ai</database>
	</source>
	<size>
		<width>160</width>
		<height>160</height>
		<depth>3</depth>
	</size>
	<segmented>0</segmented>
	<object>
		<name>Jerawat</name>
		<pose>Unspecified</pose>
		<truncated>0</truncated>
		<difficult>0</difficult>
		<occluded>0</occluded>
		<bndbox>
			<xmin>6</xmin>
			<xmax>72</xmax>
			<ymin>1</ymin>
			<ymax>39</ymax>
		</bndbox>
	</object>
	<object>
		<name>Jerawat</name>
		<pose>Unspecified</pose>
		<truncated>0</truncated>
		<difficult>0</difficult>
		<occluded>0</occluded>
		<bndbox>
			<xmin>94</xmin>
			<xmax>118</xmax>
			<ymin>43</ymin>
			<ymax>70</ymax>
		</bndbox>
	</object>
	<object>
		<name>Jerawat</name>
		<pose>Unspecified</pose>
		<truncated>0</truncated>
		<difficult>0</difficult>
		<occluded>0</occluded>
		<bndbox>
			<xmin>136</xmin>
			<xmax>160</xmax>
			<ymin>33</ymin>
			<ymax>62</ymax>
		</bndbox>
	</object>
	<object>
		<name>Jerawat</name>
		<pose>Unspecified</pose>
		<truncated>0</truncated>
		<difficult>0</difficult>
		<occluded>0</occluded>
		<bndbox>
			<xmin>107</xmin>
			<xmax>160</xmax>
			<ymin>110</ymin>
			<ymax>160</ymax>
		</bndbox>
	</object>
</annotation>
