<annotation>
	<folder></folder>
	<filename>acne-closed-comedo-22_jpg.rf.12038c306c4d142a811bcab4a1fac0aa.jpg</filename>
	<path>acne-closed-comedo-22_jpg.rf.12038c306c4d142a811bcab4a1fac0aa.jpg</path>
	<source>
		<database>roboflow.ai</database>
	</source>
	<size>
		<width>160</width>
		<height>160</height>
		<depth>3</depth>
	</size>
	<segmented>0</segmented>
	<object>
		<name>Komedo</name>
		<pose>Unspecified</pose>
		<truncated>0</truncated>
		<difficult>0</difficult>
		<occluded>0</occluded>
		<bndbox>
			<xmin>2</xmin>
			<xmax>123</xmax>
			<ymin>10</ymin>
			<ymax>147</ymax>
		</bndbox>
	</object>
</annotation>
