<annotation>
	<folder></folder>
	<filename>acne-cystic-125_jpg.rf.f1166425b7749ff0820beaecdf6925ef.jpg</filename>
	<path>acne-cystic-125_jpg.rf.f1166425b7749ff0820beaecdf6925ef.jpg</path>
	<source>
		<database>roboflow.ai</database>
	</source>
	<size>
		<width>160</width>
		<height>160</height>
		<depth>3</depth>
	</size>
	<segmented>0</segmented>
	<object>
		<name>Jerawat</name>
		<pose>Unspecified</pose>
		<truncated>0</truncated>
		<difficult>0</difficult>
		<occluded>0</occluded>
		<bndbox>
			<xmin>2</xmin>
			<xmax>160</xmax>
			<ymin>1</ymin>
			<ymax>82</ymax>
		</bndbox>
	</object>
</annotation>
