<annotation>
	<folder></folder>
	<filename>acne-cystic-140_jpg.rf.1d94c4c36e6dedafe3a2228c556e22d4.jpg</filename>
	<path>acne-cystic-140_jpg.rf.1d94c4c36e6dedafe3a2228c556e22d4.jpg</path>
	<source>
		<database>roboflow.ai</database>
	</source>
	<size>
		<width>160</width>
		<height>160</height>
		<depth>3</depth>
	</size>
	<segmented>0</segmented>
	<object>
		<name>Jerawat</name>
		<pose>Unspecified</pose>
		<truncated>0</truncated>
		<difficult>0</difficult>
		<occluded>0</occluded>
		<bndbox>
			<xmin>61</xmin>
			<xmax>124</xmax>
			<ymin>144</ymin>
			<ymax>161</ymax>
		</bndbox>
	</object>
</annotation>
