<annotation>
	<folder></folder>
	<filename>acne-cystic-126_jpg.rf.45c4dd66d392c88e49b42c0260a0c1a7.jpg</filename>
	<path>acne-cystic-126_jpg.rf.45c4dd66d392c88e49b42c0260a0c1a7.jpg</path>
	<source>
		<database>roboflow.ai</database>
	</source>
	<size>
		<width>160</width>
		<height>160</height>
		<depth>3</depth>
	</size>
	<segmented>0</segmented>
	<object>
		<name>Jerawat</name>
		<pose>Unspecified</pose>
		<truncated>0</truncated>
		<difficult>0</difficult>
		<occluded>0</occluded>
		<bndbox>
			<xmin>2</xmin>
			<xmax>52</xmax>
			<ymin>69</ymin>
			<ymax>100</ymax>
		</bndbox>
	</object>
	<object>
		<name>Jerawat</name>
		<pose>Unspecified</pose>
		<truncated>0</truncated>
		<difficult>0</difficult>
		<occluded>0</occluded>
		<bndbox>
			<xmin>120</xmin>
			<xmax>161</xmax>
			<ymin>58</ymin>
			<ymax>122</ymax>
		</bndbox>
	</object>
	<object>
		<name>Jerawat</name>
		<pose>Unspecified</pose>
		<truncated>0</truncated>
		<difficult>0</difficult>
		<occluded>0</occluded>
		<bndbox>
			<xmin>125</xmin>
			<xmax>156</xmax>
			<ymin>119</ymin>
			<ymax>152</ymax>
		</bndbox>
	</object>
</annotation>
