<annotation>
	<folder></folder>
	<filename>acne-closed-comedo-11_jpg.rf.712a6ec85177ef6870b8bb57e8996456.jpg</filename>
	<path>acne-closed-comedo-11_jpg.rf.712a6ec85177ef6870b8bb57e8996456.jpg</path>
	<source>
		<database>roboflow.ai</database>
	</source>
	<size>
		<width>160</width>
		<height>160</height>
		<depth>3</depth>
	</size>
	<segmented>0</segmented>
	<object>
		<name>Komedo</name>
		<pose>Unspecified</pose>
		<truncated>0</truncated>
		<difficult>0</difficult>
		<occluded>0</occluded>
		<bndbox>
			<xmin>68</xmin>
			<xmax>160</xmax>
			<ymin>7</ymin>
			<ymax>159</ymax>
		</bndbox>
	</object>
	<object>
		<name>Komedo</name>
		<pose>Unspecified</pose>
		<truncated>0</truncated>
		<difficult>0</difficult>
		<occluded>0</occluded>
		<bndbox>
			<xmin>1</xmin>
			<xmax>82</xmax>
			<ymin>1</ymin>
			<ymax>150</ymax>
		</bndbox>
	</object>
</annotation>
