<annotation>
	<folder></folder>
	<filename>acne-closed-comedo-7_jpg.rf.3846a1825e53076f0817ec877d555292.jpg</filename>
	<path>acne-closed-comedo-7_jpg.rf.3846a1825e53076f0817ec877d555292.jpg</path>
	<source>
		<database>roboflow.ai</database>
	</source>
	<size>
		<width>160</width>
		<height>160</height>
		<depth>3</depth>
	</size>
	<segmented>0</segmented>
	<object>
		<name>Komedo</name>
		<pose>Unspecified</pose>
		<truncated>0</truncated>
		<difficult>0</difficult>
		<occluded>0</occluded>
		<bndbox>
			<xmin>115</xmin>
			<xmax>160</xmax>
			<ymin>1</ymin>
			<ymax>61</ymax>
		</bndbox>
	</object>
	<object>
		<name>Komedo</name>
		<pose>Unspecified</pose>
		<truncated>0</truncated>
		<difficult>0</difficult>
		<occluded>0</occluded>
		<bndbox>
			<xmin>20</xmin>
			<xmax>42</xmax>
			<ymin>17</ymin>
			<ymax>65</ymax>
		</bndbox>
	</object>
</annotation>
