<annotation>
	<folder></folder>
	<filename>acne-closed-comedo-32_jpg.rf.7602ff57c19585130e43b738a31e561c.jpg</filename>
	<path>acne-closed-comedo-32_jpg.rf.7602ff57c19585130e43b738a31e561c.jpg</path>
	<source>
		<database>roboflow.ai</database>
	</source>
	<size>
		<width>160</width>
		<height>160</height>
		<depth>3</depth>
	</size>
	<segmented>0</segmented>
	<object>
		<name>Komedo</name>
		<pose>Unspecified</pose>
		<truncated>0</truncated>
		<difficult>0</difficult>
		<occluded>0</occluded>
		<bndbox>
			<xmin>78</xmin>
			<xmax>158</xmax>
			<ymin>34</ymin>
			<ymax>120</ymax>
		</bndbox>
	</object>
	<object>
		<name>Komedo</name>
		<pose>Unspecified</pose>
		<truncated>0</truncated>
		<difficult>0</difficult>
		<occluded>0</occluded>
		<bndbox>
			<xmin>26</xmin>
			<xmax>119</xmax>
			<ymin>2</ymin>
			<ymax>34</ymax>
		</bndbox>
	</object>
</annotation>
