<annotation>
	<folder></folder>
	<filename>acne-closed-comedo-24_jpg.rf.d6039be2dc2cb0dadde49e299269b34b.jpg</filename>
	<path>acne-closed-comedo-24_jpg.rf.d6039be2dc2cb0dadde49e299269b34b.jpg</path>
	<source>
		<database>roboflow.ai</database>
	</source>
	<size>
		<width>160</width>
		<height>160</height>
		<depth>3</depth>
	</size>
	<segmented>0</segmented>
	<object>
		<name>Komedo</name>
		<pose>Unspecified</pose>
		<truncated>0</truncated>
		<difficult>0</difficult>
		<occluded>0</occluded>
		<bndbox>
			<xmin>58</xmin>
			<xmax>86</xmax>
			<ymin>1</ymin>
			<ymax>14</ymax>
		</bndbox>
	</object>
</annotation>
