<annotation>
	<folder></folder>
	<filename>acne-cystic-131_jpg.rf.75eec949970f8fc69500dfe712c29596.jpg</filename>
	<path>acne-cystic-131_jpg.rf.75eec949970f8fc69500dfe712c29596.jpg</path>
	<source>
		<database>roboflow.ai</database>
	</source>
	<size>
		<width>160</width>
		<height>160</height>
		<depth>3</depth>
	</size>
	<segmented>0</segmented>
	<object>
		<name>Jerawat</name>
		<pose>Unspecified</pose>
		<truncated>0</truncated>
		<difficult>0</difficult>
		<occluded>0</occluded>
		<bndbox>
			<xmin>35</xmin>
			<xmax>98</xmax>
			<ymin>111</ymin>
			<ymax>160</ymax>
		</bndbox>
	</object>
	<object>
		<name>Jerawat</name>
		<pose>Unspecified</pose>
		<truncated>0</truncated>
		<difficult>0</difficult>
		<occluded>0</occluded>
		<bndbox>
			<xmin>1</xmin>
			<xmax>27</xmax>
			<ymin>50</ymin>
			<ymax>82</ymax>
		</bndbox>
	</object>
	<object>
		<name>Jerawat</name>
		<pose>Unspecified</pose>
		<truncated>0</truncated>
		<difficult>0</difficult>
		<occluded>0</occluded>
		<bndbox>
			<xmin>81</xmin>
			<xmax>123</xmax>
			<ymin>3</ymin>
			<ymax>51</ymax>
		</bndbox>
	</object>
</annotation>
