<annotation>
	<folder></folder>
	<filename>acne-closed-comedo-19_jpg.rf.d13f9a68206b9683cc9cb4425ae9b212.jpg</filename>
	<path>acne-closed-comedo-19_jpg.rf.d13f9a68206b9683cc9cb4425ae9b212.jpg</path>
	<source>
		<database>roboflow.ai</database>
	</source>
	<size>
		<width>160</width>
		<height>160</height>
		<depth>3</depth>
	</size>
	<segmented>0</segmented>
	<object>
		<name>Jerawat</name>
		<pose>Unspecified</pose>
		<truncated>0</truncated>
		<difficult>0</difficult>
		<occluded>0</occluded>
		<bndbox>
			<xmin>4</xmin>
			<xmax>62</xmax>
			<ymin>31</ymin>
			<ymax>108</ymax>
		</bndbox>
	</object>
</annotation>
