<annotation>
	<folder></folder>
	<filename>acne-closed-comedo-7_jpg.rf.8e05df6fa6a56739b33915a68dca5eee.jpg</filename>
	<path>acne-closed-comedo-7_jpg.rf.8e05df6fa6a56739b33915a68dca5eee.jpg</path>
	<source>
		<database>roboflow.ai</database>
	</source>
	<size>
		<width>160</width>
		<height>160</height>
		<depth>3</depth>
	</size>
	<segmented>0</segmented>
	<object>
		<name>Komedo</name>
		<pose>Unspecified</pose>
		<truncated>0</truncated>
		<difficult>0</difficult>
		<occluded>0</occluded>
		<bndbox>
			<xmin>1</xmin>
			<xmax>56</xmax>
			<ymin>86</ymin>
			<ymax>146</ymax>
		</bndbox>
	</object>
	<object>
		<name>Komedo</name>
		<pose>Unspecified</pose>
		<truncated>0</truncated>
		<difficult>0</difficult>
		<occluded>0</occluded>
		<bndbox>
			<xmin>38</xmin>
			<xmax>88</xmax>
			<ymin>3</ymin>
			<ymax>36</ymax>
		</bndbox>
	</object>
</annotation>
