<annotation>
	<folder></folder>
	<filename>acne-closed-comedo-24_jpg.rf.b441581e4a93180e4296102f487807df.jpg</filename>
	<path>acne-closed-comedo-24_jpg.rf.b441581e4a93180e4296102f487807df.jpg</path>
	<source>
		<database>roboflow.ai</database>
	</source>
	<size>
		<width>160</width>
		<height>160</height>
		<depth>3</depth>
	</size>
	<segmented>0</segmented>
	<object>
		<name>Komedo</name>
		<pose>Unspecified</pose>
		<truncated>0</truncated>
		<difficult>0</difficult>
		<occluded>0</occluded>
		<bndbox>
			<xmin>12</xmin>
			<xmax>33</xmax>
			<ymin>107</ymin>
			<ymax>134</ymax>
		</bndbox>
	</object>
</annotation>
