<annotation>
	<folder></folder>
	<filename>acne-closed-comedo-38_jpg.rf.fcf768aba23f8fffeacacdf7945bb244.jpg</filename>
	<path>acne-closed-comedo-38_jpg.rf.fcf768aba23f8fffeacacdf7945bb244.jpg</path>
	<source>
		<database>roboflow.ai</database>
	</source>
	<size>
		<width>160</width>
		<height>160</height>
		<depth>3</depth>
	</size>
	<segmented>0</segmented>
	<object>
		<name>Komedo</name>
		<pose>Unspecified</pose>
		<truncated>0</truncated>
		<difficult>0</difficult>
		<occluded>0</occluded>
		<bndbox>
			<xmin>70</xmin>
			<xmax>120</xmax>
			<ymin>24</ymin>
			<ymax>69</ymax>
		</bndbox>
	</object>
	<object>
		<name>Komedo</name>
		<pose>Unspecified</pose>
		<truncated>0</truncated>
		<difficult>0</difficult>
		<occluded>0</occluded>
		<bndbox>
			<xmin>1</xmin>
			<xmax>85</xmax>
			<ymin>106</ymin>
			<ymax>160</ymax>
		</bndbox>
	</object>
</annotation>
