<annotation>
	<folder></folder>
	<filename>IMG-20220509-WA0058---Maulidya-Dwi-Ila-Zamzani-1-_jpeg_jpg.rf.0a39e4b4b60632bc0d297b857ede7803.jpg</filename>
	<path>IMG-20220509-WA0058---Maulidya-Dwi-Ila-Zamzani-1-_jpeg_jpg.rf.0a39e4b4b60632bc0d297b857ede7803.jpg</path>
	<source>
		<database>roboflow.ai</database>
	</source>
	<size>
		<width>160</width>
		<height>160</height>
		<depth>3</depth>
	</size>
	<segmented>0</segmented>
	<object>
		<name>Jerawat</name>
		<pose>Unspecified</pose>
		<truncated>0</truncated>
		<difficult>0</difficult>
		<occluded>0</occluded>
		<bndbox>
			<xmin>3</xmin>
			<xmax>105</xmax>
			<ymin>44</ymin>
			<ymax>160</ymax>
		</bndbox>
	</object>
</annotation>
