<annotation>
	<folder></folder>
	<filename>IMG20220509193023---Muhammad-Rivai_jpg.rf.d5e72be82bfee9ae10d4522929bab084.jpg</filename>
	<path>IMG20220509193023---Muhammad-Rivai_jpg.rf.d5e72be82bfee9ae10d4522929bab084.jpg</path>
	<source>
		<database>roboflow.ai</database>
	</source>
	<size>
		<width>160</width>
		<height>160</height>
		<depth>3</depth>
	</size>
	<segmented>0</segmented>
	<object>
		<name>Jerawat</name>
		<pose>Unspecified</pose>
		<truncated>0</truncated>
		<difficult>0</difficult>
		<occluded>0</occluded>
		<bndbox>
			<xmin>26</xmin>
			<xmax>82</xmax>
			<ymin>68</ymin>
			<ymax>127</ymax>
		</bndbox>
	</object>
</annotation>
