<annotation>
	<folder></folder>
	<filename>IMG20220509201626---Lutphi-Mardiono_jpg.rf.75700dce4af6f3cc16fd7f9c3a17719a.jpg</filename>
	<path>IMG20220509201626---Lutphi-Mardiono_jpg.rf.75700dce4af6f3cc16fd7f9c3a17719a.jpg</path>
	<source>
		<database>roboflow.ai</database>
	</source>
	<size>
		<width>160</width>
		<height>160</height>
		<depth>3</depth>
	</size>
	<segmented>0</segmented>
	<object>
		<name>Jerawat</name>
		<pose>Unspecified</pose>
		<truncated>0</truncated>
		<difficult>0</difficult>
		<occluded>0</occluded>
		<bndbox>
			<xmin>103</xmin>
			<xmax>159</xmax>
			<ymin>10</ymin>
			<ymax>85</ymax>
		</bndbox>
	</object>
</annotation>
