<annotation>
	<folder></folder>
	<filename>IMG20220512144705---Aldycky-Bagus-Witjaksana-C2128F1582_jpg.rf.4a97c2b0f64a9636ac99790fba86370a.jpg</filename>
	<path>IMG20220512144705---Aldycky-Bagus-Witjaksana-C2128F1582_jpg.rf.4a97c2b0f64a9636ac99790fba86370a.jpg</path>
	<source>
		<database>roboflow.ai</database>
	</source>
	<size>
		<width>160</width>
		<height>160</height>
		<depth>3</depth>
	</size>
	<segmented>0</segmented>
	<object>
		<name>Jerawat</name>
		<pose>Unspecified</pose>
		<truncated>0</truncated>
		<difficult>0</difficult>
		<occluded>0</occluded>
		<bndbox>
			<xmin>5</xmin>
			<xmax>59</xmax>
			<ymin>53</ymin>
			<ymax>146</ymax>
		</bndbox>
	</object>
	<object>
		<name>Jerawat</name>
		<pose>Unspecified</pose>
		<truncated>0</truncated>
		<difficult>0</difficult>
		<occluded>0</occluded>
		<bndbox>
			<xmin>77</xmin>
			<xmax>160</xmax>
			<ymin>1</ymin>
			<ymax>80</ymax>
		</bndbox>
	</object>
</annotation>
