<annotation>
	<folder></folder>
	<filename>IMG20220509193023---Muhammad-Rivai_jpg.rf.b1e7d7470faffeaee958249d68f3d2ab.jpg</filename>
	<path>IMG20220509193023---Muhammad-Rivai_jpg.rf.b1e7d7470faffeaee958249d68f3d2ab.jpg</path>
	<source>
		<database>roboflow.ai</database>
	</source>
	<size>
		<width>160</width>
		<height>160</height>
		<depth>3</depth>
	</size>
	<segmented>0</segmented>
	<object>
		<name>Jerawat</name>
		<pose>Unspecified</pose>
		<truncated>0</truncated>
		<difficult>0</difficult>
		<occluded>0</occluded>
		<bndbox>
			<xmin>49</xmin>
			<xmax>112</xmax>
			<ymin>22</ymin>
			<ymax>87</ymax>
		</bndbox>
	</object>
</annotation>
