<annotation>
	<folder></folder>
	<filename>IMG20220512144705---Aldycky-Bagus-Witjaksana-C2128F1582_jpg.rf.72c1fe76c214ad67eb4ff30e73512aaf.jpg</filename>
	<path>IMG20220512144705---Aldycky-Bagus-Witjaksana-C2128F1582_jpg.rf.72c1fe76c214ad67eb4ff30e73512aaf.jpg</path>
	<source>
		<database>roboflow.ai</database>
	</source>
	<size>
		<width>160</width>
		<height>160</height>
		<depth>3</depth>
	</size>
	<segmented>0</segmented>
	<object>
		<name>Jerawat</name>
		<pose>Unspecified</pose>
		<truncated>0</truncated>
		<difficult>0</difficult>
		<occluded>0</occluded>
		<bndbox>
			<xmin>33</xmin>
			<xmax>121</xmax>
			<ymin>121</ymin>
			<ymax>160</ymax>
		</bndbox>
	</object>
	<object>
		<name>Jerawat</name>
		<pose>Unspecified</pose>
		<truncated>0</truncated>
		<difficult>0</difficult>
		<occluded>0</occluded>
		<bndbox>
			<xmin>3</xmin>
			<xmax>94</xmax>
			<ymin>1</ymin>
			<ymax>67</ymax>
		</bndbox>
	</object>
</annotation>
