<annotation>
	<folder></folder>
	<filename>IMG20220509201626---Lutphi-Mardiono_jpg.rf.496b35cd5cdee5929a1355ea41b1525d.jpg</filename>
	<path>IMG20220509201626---Lutphi-Mardiono_jpg.rf.496b35cd5cdee5929a1355ea41b1525d.jpg</path>
	<source>
		<database>roboflow.ai</database>
	</source>
	<size>
		<width>160</width>
		<height>160</height>
		<depth>3</depth>
	</size>
	<segmented>0</segmented>
	<object>
		<name>Jerawat</name>
		<pose>Unspecified</pose>
		<truncated>0</truncated>
		<difficult>0</difficult>
		<occluded>0</occluded>
		<bndbox>
			<xmin>82</xmin>
			<xmax>154</xmax>
			<ymin>1</ymin>
			<ymax>52</ymax>
		</bndbox>
	</object>
</annotation>
