<annotation>
	<folder></folder>
	<filename>IMG_20220510_052934---Emilia_jpg.rf.cd61e913e3510d33f4778e302a2f89bb.jpg</filename>
	<path>IMG_20220510_052934---Emilia_jpg.rf.cd61e913e3510d33f4778e302a2f89bb.jpg</path>
	<source>
		<database>roboflow.ai</database>
	</source>
	<size>
		<width>160</width>
		<height>160</height>
		<depth>3</depth>
	</size>
	<segmented>0</segmented>
	<object>
		<name>Komedo</name>
		<pose>Unspecified</pose>
		<truncated>0</truncated>
		<difficult>0</difficult>
		<occluded>0</occluded>
		<bndbox>
			<xmin>50</xmin>
			<xmax>78</xmax>
			<ymin>145</ymin>
			<ymax>159</ymax>
		</bndbox>
	</object>
</annotation>
