<annotation>
	<folder></folder>
	<filename>IMG_20220509_202512---Afdiila-Cahya_jpg.rf.b77bdc72771a4ff76a06ba593f3495dc.jpg</filename>
	<path>IMG_20220509_202512---Afdiila-Cahya_jpg.rf.b77bdc72771a4ff76a06ba593f3495dc.jpg</path>
	<source>
		<database>roboflow.ai</database>
	</source>
	<size>
		<width>160</width>
		<height>160</height>
		<depth>3</depth>
	</size>
	<segmented>0</segmented>
	<object>
		<name>Jerawat</name>
		<pose>Unspecified</pose>
		<truncated>0</truncated>
		<difficult>0</difficult>
		<occluded>0</occluded>
		<bndbox>
			<xmin>123</xmin>
			<xmax>154</xmax>
			<ymin>140</ymin>
			<ymax>160</ymax>
		</bndbox>
	</object>
	<object>
		<name>Komedo</name>
		<pose>Unspecified</pose>
		<truncated>0</truncated>
		<difficult>0</difficult>
		<occluded>0</occluded>
		<bndbox>
			<xmin>89</xmin>
			<xmax>111</xmax>
			<ymin>52</ymin>
			<ymax>76</ymax>
		</bndbox>
	</object>
	<object>
		<name>Jerawat</name>
		<pose>Unspecified</pose>
		<truncated>0</truncated>
		<difficult>0</difficult>
		<occluded>0</occluded>
		<bndbox>
			<xmin>1</xmin>
			<xmax>90</xmax>
			<ymin>1</ymin>
			<ymax>119</ymax>
		</bndbox>
	</object>
	<object>
		<name>Komedo</name>
		<pose>Unspecified</pose>
		<truncated>0</truncated>
		<difficult>0</difficult>
		<occluded>0</occluded>
		<bndbox>
			<xmin>112</xmin>
			<xmax>160</xmax>
			<ymin>17</ymin>
			<ymax>111</ymax>
		</bndbox>
	</object>
</annotation>
