<annotation>
	<folder></folder>
	<filename>IMG_20220510_075316---Lonard-Steven_jpg.rf.1dafa42ad5f9e73c7b7e2b19d8119b5b.jpg</filename>
	<path>IMG_20220510_075316---Lonard-Steven_jpg.rf.1dafa42ad5f9e73c7b7e2b19d8119b5b.jpg</path>
	<source>
		<database>roboflow.ai</database>
	</source>
	<size>
		<width>160</width>
		<height>160</height>
		<depth>3</depth>
	</size>
	<segmented>0</segmented>
	<object>
		<name>Komedo</name>
		<pose>Unspecified</pose>
		<truncated>0</truncated>
		<difficult>0</difficult>
		<occluded>0</occluded>
		<bndbox>
			<xmin>58</xmin>
			<xmax>157</xmax>
			<ymin>86</ymin>
			<ymax>160</ymax>
		</bndbox>
	</object>
</annotation>
