<annotation>
	<folder></folder>
	<filename>IMG_20220417_163407-2---Fadli-Fadillah-M2128F1581-1-_jpg.rf.71688ce87acdd83c742d69673e87f7bb.jpg</filename>
	<path>IMG_20220417_163407-2---Fadli-Fadillah-M2128F1581-1-_jpg.rf.71688ce87acdd83c742d69673e87f7bb.jpg</path>
	<source>
		<database>roboflow.ai</database>
	</source>
	<size>
		<width>160</width>
		<height>160</height>
		<depth>3</depth>
	</size>
	<segmented>0</segmented>
	<object>
		<name>Jerawat</name>
		<pose>Unspecified</pose>
		<truncated>0</truncated>
		<difficult>0</difficult>
		<occluded>0</occluded>
		<bndbox>
			<xmin>1</xmin>
			<xmax>161</xmax>
			<ymin>1</ymin>
			<ymax>160</ymax>
		</bndbox>
	</object>
</annotation>
