<annotation>
	<folder></folder>
	<filename>IMG_20220512_005532_708-2---Athaya-Zahra-1-_jpg.rf.0898993ca5fdca9bf182a99699ac5e3b.jpg</filename>
	<path>IMG_20220512_005532_708-2---Athaya-Zahra-1-_jpg.rf.0898993ca5fdca9bf182a99699ac5e3b.jpg</path>
	<source>
		<database>roboflow.ai</database>
	</source>
	<size>
		<width>160</width>
		<height>160</height>
		<depth>3</depth>
	</size>
	<segmented>0</segmented>
	<object>
		<name>Jerawat</name>
		<pose>Unspecified</pose>
		<truncated>0</truncated>
		<difficult>0</difficult>
		<occluded>0</occluded>
		<bndbox>
			<xmin>57</xmin>
			<xmax>160</xmax>
			<ymin>1</ymin>
			<ymax>161</ymax>
		</bndbox>
	</object>
	<object>
		<name>Jerawat</name>
		<pose>Unspecified</pose>
		<truncated>0</truncated>
		<difficult>0</difficult>
		<occluded>0</occluded>
		<bndbox>
			<xmin>1</xmin>
			<xmax>20</xmax>
			<ymin>21</ymin>
			<ymax>74</ymax>
		</bndbox>
	</object>
	<object>
		<name>Jerawat</name>
		<pose>Unspecified</pose>
		<truncated>0</truncated>
		<difficult>0</difficult>
		<occluded>0</occluded>
		<bndbox>
			<xmin>5</xmin>
			<xmax>67</xmax>
			<ymin>67</ymin>
			<ymax>159</ymax>
		</bndbox>
	</object>
</annotation>
