<annotation>
	<folder></folder>
	<filename>IMG_20220509_193708---Muhammad-Reza-Azhar-Priyadi-M2005F0429_jpg.rf.9bddcc4f07b3b92ffd1b14b6c4fd2841.jpg</filename>
	<path>IMG_20220509_193708---Muhammad-Reza-Azhar-Priyadi-M2005F0429_jpg.rf.9bddcc4f07b3b92ffd1b14b6c4fd2841.jpg</path>
	<source>
		<database>roboflow.ai</database>
	</source>
	<size>
		<width>160</width>
		<height>160</height>
		<depth>3</depth>
	</size>
	<segmented>0</segmented>
	<object>
		<name>Jerawat</name>
		<pose>Unspecified</pose>
		<truncated>0</truncated>
		<difficult>0</difficult>
		<occluded>0</occluded>
		<bndbox>
			<xmin>46</xmin>
			<xmax>160</xmax>
			<ymin>75</ymin>
			<ymax>158</ymax>
		</bndbox>
	</object>
</annotation>
