<annotation>
	<folder></folder>
	<filename>IMG_20220510_052934---Emilia_jpg.rf.cb0c737308db916a336d723e7839e8f9.jpg</filename>
	<path>IMG_20220510_052934---Emilia_jpg.rf.cb0c737308db916a336d723e7839e8f9.jpg</path>
	<source>
		<database>roboflow.ai</database>
	</source>
	<size>
		<width>160</width>
		<height>160</height>
		<depth>3</depth>
	</size>
	<segmented>0</segmented>
	<object>
		<name>Komedo</name>
		<pose>Unspecified</pose>
		<truncated>0</truncated>
		<difficult>0</difficult>
		<occluded>0</occluded>
		<bndbox>
			<xmin>80</xmin>
			<xmax>107</xmax>
			<ymin>147</ymin>
			<ymax>159</ymax>
		</bndbox>
	</object>
</annotation>
