<annotation>
	<folder></folder>
	<filename>IMG_20220509_185442---Green-Light_jpg.rf.cb3ab0b094c2e73501e854b1d7fc303b.jpg</filename>
	<path>IMG_20220509_185442---Green-Light_jpg.rf.cb3ab0b094c2e73501e854b1d7fc303b.jpg</path>
	<source>
		<database>roboflow.ai</database>
	</source>
	<size>
		<width>160</width>
		<height>160</height>
		<depth>3</depth>
	</size>
	<segmented>0</segmented>
	<object>
		<name>Komedo</name>
		<pose>Unspecified</pose>
		<truncated>0</truncated>
		<difficult>0</difficult>
		<occluded>0</occluded>
		<bndbox>
			<xmin>79</xmin>
			<xmax>96</xmax>
			<ymin>5</ymin>
			<ymax>23</ymax>
		</bndbox>
	</object>
</annotation>
