<annotation>
	<folder></folder>
	<filename>IMG_20220512_005532_708-2---Athaya-Zahra-1-_jpg.rf.4bbb9bda56e018eebadb34804e4ffdc0.jpg</filename>
	<path>IMG_20220512_005532_708-2---Athaya-Zahra-1-_jpg.rf.4bbb9bda56e018eebadb34804e4ffdc0.jpg</path>
	<source>
		<database>roboflow.ai</database>
	</source>
	<size>
		<width>160</width>
		<height>160</height>
		<depth>3</depth>
	</size>
	<segmented>0</segmented>
	<object>
		<name>Jerawat</name>
		<pose>Unspecified</pose>
		<truncated>0</truncated>
		<difficult>0</difficult>
		<occluded>0</occluded>
		<bndbox>
			<xmin>58</xmin>
			<xmax>160</xmax>
			<ymin>4</ymin>
			<ymax>156</ymax>
		</bndbox>
	</object>
	<object>
		<name>Jerawat</name>
		<pose>Unspecified</pose>
		<truncated>0</truncated>
		<difficult>0</difficult>
		<occluded>0</occluded>
		<bndbox>
			<xmin>1</xmin>
			<xmax>24</xmax>
			<ymin>109</ymin>
			<ymax>159</ymax>
		</bndbox>
	</object>
	<object>
		<name>Jerawat</name>
		<pose>Unspecified</pose>
		<truncated>0</truncated>
		<difficult>0</difficult>
		<occluded>0</occluded>
		<bndbox>
			<xmin>1</xmin>
			<xmax>58</xmax>
			<ymin>19</ymin>
			<ymax>109</ymax>
		</bndbox>
	</object>
</annotation>
