<annotation>
	<folder></folder>
	<filename>IMG_20220509_202711---Bifta-Desfiana_jpg.rf.a109e2bf66bca3f87eeb329f6baf1162.jpg</filename>
	<path>IMG_20220509_202711---Bifta-Desfiana_jpg.rf.a109e2bf66bca3f87eeb329f6baf1162.jpg</path>
	<source>
		<database>roboflow.ai</database>
	</source>
	<size>
		<width>160</width>
		<height>160</height>
		<depth>3</depth>
	</size>
	<segmented>0</segmented>
	<object>
		<name>Jerawat</name>
		<pose>Unspecified</pose>
		<truncated>0</truncated>
		<difficult>0</difficult>
		<occluded>0</occluded>
		<bndbox>
			<xmin>51</xmin>
			<xmax>157</xmax>
			<ymin>5</ymin>
			<ymax>83</ymax>
		</bndbox>
	</object>
</annotation>
