<annotation>
	<folder></folder>
	<filename>IMG_20220510_052835---Emilia_jpg.rf.4a48cdfb1ef89e3f112901ef52ef31f0.jpg</filename>
	<path>IMG_20220510_052835---Emilia_jpg.rf.4a48cdfb1ef89e3f112901ef52ef31f0.jpg</path>
	<source>
		<database>roboflow.ai</database>
	</source>
	<size>
		<width>160</width>
		<height>160</height>
		<depth>3</depth>
	</size>
	<segmented>0</segmented>
	<object>
		<name>Jerawat</name>
		<pose>Unspecified</pose>
		<truncated>0</truncated>
		<difficult>0</difficult>
		<occluded>0</occluded>
		<bndbox>
			<xmin>1</xmin>
			<xmax>37</xmax>
			<ymin>5</ymin>
			<ymax>81</ymax>
		</bndbox>
	</object>
</annotation>
