<annotation>
	<folder></folder>
	<filename>IMG_20220510_075313_1---Lonard-Steven_jpg.rf.29e70a4282db1ecc9acb984a7cdca08e.jpg</filename>
	<path>IMG_20220510_075313_1---Lonard-Steven_jpg.rf.29e70a4282db1ecc9acb984a7cdca08e.jpg</path>
	<source>
		<database>roboflow.ai</database>
	</source>
	<size>
		<width>160</width>
		<height>160</height>
		<depth>3</depth>
	</size>
	<segmented>0</segmented>
	<object>
		<name>Komedo</name>
		<pose>Unspecified</pose>
		<truncated>0</truncated>
		<difficult>0</difficult>
		<occluded>0</occluded>
		<bndbox>
			<xmin>58</xmin>
			<xmax>91</xmax>
			<ymin>100</ymin>
			<ymax>133</ymax>
		</bndbox>
	</object>
</annotation>
