<annotation>
	<folder></folder>
	<filename>IMG_20220509_202711---Bifta-Desfiana_jpg.rf.85c4c53d5a088aa21163554cc76ba04d.jpg</filename>
	<path>IMG_20220509_202711---Bifta-Desfiana_jpg.rf.85c4c53d5a088aa21163554cc76ba04d.jpg</path>
	<source>
		<database>roboflow.ai</database>
	</source>
	<size>
		<width>160</width>
		<height>160</height>
		<depth>3</depth>
	</size>
	<segmented>0</segmented>
	<object>
		<name>Jerawat</name>
		<pose>Unspecified</pose>
		<truncated>0</truncated>
		<difficult>0</difficult>
		<occluded>0</occluded>
		<bndbox>
			<xmin>8</xmin>
			<xmax>104</xmax>
			<ymin>89</ymin>
			<ymax>160</ymax>
		</bndbox>
	</object>
</annotation>
