<annotation>
	<folder></folder>
	<filename>IMG_20220510_075313_1---Lonard-Steven_jpg.rf.51c348ea63e7ff783f44cbf886e85539.jpg</filename>
	<path>IMG_20220510_075313_1---Lonard-Steven_jpg.rf.51c348ea63e7ff783f44cbf886e85539.jpg</path>
	<source>
		<database>roboflow.ai</database>
	</source>
	<size>
		<width>160</width>
		<height>160</height>
		<depth>3</depth>
	</size>
	<segmented>0</segmented>
	<object>
		<name>Komedo</name>
		<pose>Unspecified</pose>
		<truncated>0</truncated>
		<difficult>0</difficult>
		<occluded>0</occluded>
		<bndbox>
			<xmin>87</xmin>
			<xmax>126</xmax>
			<ymin>48</ymin>
			<ymax>87</ymax>
		</bndbox>
	</object>
</annotation>
