<annotation>
	<folder></folder>
	<filename>IMG_20220509_185442---Green-Light_jpg.rf.0695811b1073c553a739ffe0f2e4b871.jpg</filename>
	<path>IMG_20220509_185442---Green-Light_jpg.rf.0695811b1073c553a739ffe0f2e4b871.jpg</path>
	<source>
		<database>roboflow.ai</database>
	</source>
	<size>
		<width>160</width>
		<height>160</height>
		<depth>3</depth>
	</size>
	<segmented>0</segmented>
	<object>
		<name>Komedo</name>
		<pose>Unspecified</pose>
		<truncated>0</truncated>
		<difficult>0</difficult>
		<occluded>0</occluded>
		<bndbox>
			<xmin>68</xmin>
			<xmax>89</xmax>
			<ymin>131</ymin>
			<ymax>153</ymax>
		</bndbox>
	</object>
</annotation>
