<annotation>
	<folder></folder>
	<filename>IMG_20220510_052934---Emilia_jpg.rf.7ccfef58ffab3be1c7aba53185f42f55.jpg</filename>
	<path>IMG_20220510_052934---Emilia_jpg.rf.7ccfef58ffab3be1c7aba53185f42f55.jpg</path>
	<source>
		<database>roboflow.ai</database>
	</source>
	<size>
		<width>160</width>
		<height>160</height>
		<depth>3</depth>
	</size>
	<segmented>0</segmented>
	<object>
		<name>Komedo</name>
		<pose>Unspecified</pose>
		<truncated>0</truncated>
		<difficult>0</difficult>
		<occluded>0</occluded>
		<bndbox>
			<xmin>31</xmin>
			<xmax>56</xmax>
			<ymin>142</ymin>
			<ymax>155</ymax>
		</bndbox>
	</object>
</annotation>
