<annotation>
	<folder></folder>
	<filename>IMG_20220510_052835---Emilia_jpg.rf.ca43932e36008354517160d7e9150483.jpg</filename>
	<path>IMG_20220510_052835---Emilia_jpg.rf.ca43932e36008354517160d7e9150483.jpg</path>
	<source>
		<database>roboflow.ai</database>
	</source>
	<size>
		<width>160</width>
		<height>160</height>
		<depth>3</depth>
	</size>
	<segmented>0</segmented>
	<object>
		<name>Jerawat</name>
		<pose>Unspecified</pose>
		<truncated>0</truncated>
		<difficult>0</difficult>
		<occluded>0</occluded>
		<bndbox>
			<xmin>2</xmin>
			<xmax>74</xmax>
			<ymin>127</ymin>
			<ymax>160</ymax>
		</bndbox>
	</object>
</annotation>
