<annotation>
	<folder></folder>
	<filename>IMG_20220512_060813---Tomi-Timutius-C2010F1059_jpg.rf.103c386774abec7e68f358489497b613.jpg</filename>
	<path>IMG_20220512_060813---Tomi-Timutius-C2010F1059_jpg.rf.103c386774abec7e68f358489497b613.jpg</path>
	<source>
		<database>roboflow.ai</database>
	</source>
	<size>
		<width>160</width>
		<height>160</height>
		<depth>3</depth>
	</size>
	<segmented>0</segmented>
	<object>
		<name>Jerawat</name>
		<pose>Unspecified</pose>
		<truncated>0</truncated>
		<difficult>0</difficult>
		<occluded>0</occluded>
		<bndbox>
			<xmin>52</xmin>
			<xmax>160</xmax>
			<ymin>9</ymin>
			<ymax>119</ymax>
		</bndbox>
	</object>
</annotation>
