<annotation>
	<folder></folder>
	<filename>IMG_20220509_193708---Muhammad-Reza-Azhar-Priyadi-M2005F0429_jpg.rf.9cade8f3d156b2af3354d85a12d658db.jpg</filename>
	<path>IMG_20220509_193708---Muhammad-Reza-Azhar-Priyadi-M2005F0429_jpg.rf.9cade8f3d156b2af3354d85a12d658db.jpg</path>
	<source>
		<database>roboflow.ai</database>
	</source>
	<size>
		<width>160</width>
		<height>160</height>
		<depth>3</depth>
	</size>
	<segmented>0</segmented>
	<object>
		<name>Jerawat</name>
		<pose>Unspecified</pose>
		<truncated>0</truncated>
		<difficult>0</difficult>
		<occluded>0</occluded>
		<bndbox>
			<xmin>1</xmin>
			<xmax>88</xmax>
			<ymin>47</ymin>
			<ymax>160</ymax>
		</bndbox>
	</object>
</annotation>
