<annotation>
	<folder></folder>
	<filename>IMG_20220509_185442---Green-Light_jpg.rf.90d87ca435f7238f3ace9b2b4647ae99.jpg</filename>
	<path>IMG_20220509_185442---Green-Light_jpg.rf.90d87ca435f7238f3ace9b2b4647ae99.jpg</path>
	<source>
		<database>roboflow.ai</database>
	</source>
	<size>
		<width>160</width>
		<height>160</height>
		<depth>3</depth>
	</size>
	<segmented>0</segmented>
	<object>
		<name>Komedo</name>
		<pose>Unspecified</pose>
		<truncated>0</truncated>
		<difficult>0</difficult>
		<occluded>0</occluded>
		<bndbox>
			<xmin>67</xmin>
			<xmax>87</xmax>
			<ymin>145</ymin>
			<ymax>160</ymax>
		</bndbox>
	</object>
</annotation>
