<annotation>
	<folder></folder>
	<filename>IMG_20220510_075316---Lonard-Steven_jpg.rf.77ee80b8fa8899857095eb3218857b7a.jpg</filename>
	<path>IMG_20220510_075316---Lonard-Steven_jpg.rf.77ee80b8fa8899857095eb3218857b7a.jpg</path>
	<source>
		<database>roboflow.ai</database>
	</source>
	<size>
		<width>160</width>
		<height>160</height>
		<depth>3</depth>
	</size>
	<segmented>0</segmented>
	<object>
		<name>Komedo</name>
		<pose>Unspecified</pose>
		<truncated>0</truncated>
		<difficult>0</difficult>
		<occluded>0</occluded>
		<bndbox>
			<xmin>1</xmin>
			<xmax>66</xmax>
			<ymin>4</ymin>
			<ymax>114</ymax>
		</bndbox>
	</object>
</annotation>
