<annotation>
	<folder></folder>
	<filename>Screenshot_20220509_205933---Liza-Nadia-Lianza_jpg.rf.03358bb06db1803b88fb8bba40a5f25c.jpg</filename>
	<path>Screenshot_20220509_205933---Liza-Nadia-Lianza_jpg.rf.03358bb06db1803b88fb8bba40a5f25c.jpg</path>
	<source>
		<database>roboflow.ai</database>
	</source>
	<size>
		<width>160</width>
		<height>160</height>
		<depth>3</depth>
	</size>
	<segmented>0</segmented>
	<object>
		<name>Jerawat</name>
		<pose>Unspecified</pose>
		<truncated>0</truncated>
		<difficult>0</difficult>
		<occluded>0</occluded>
		<bndbox>
			<xmin>72</xmin>
			<xmax>140</xmax>
			<ymin>53</ymin>
			<ymax>96</ymax>
		</bndbox>
	</object>
</annotation>
