<annotation>
	<folder></folder>
	<filename>Screenshot_20220509_205933---Liza-Nadia-Lianza_jpg.rf.3d552aee0df2610ce430e45dbd7e29c0.jpg</filename>
	<path>Screenshot_20220509_205933---Liza-Nadia-Lianza_jpg.rf.3d552aee0df2610ce430e45dbd7e29c0.jpg</path>
	<source>
		<database>roboflow.ai</database>
	</source>
	<size>
		<width>160</width>
		<height>160</height>
		<depth>3</depth>
	</size>
	<segmented>0</segmented>
	<object>
		<name>Jerawat</name>
		<pose>Unspecified</pose>
		<truncated>0</truncated>
		<difficult>0</difficult>
		<occluded>0</occluded>
		<bndbox>
			<xmin>61</xmin>
			<xmax>92</xmax>
			<ymin>14</ymin>
			<ymax>75</ymax>
		</bndbox>
	</object>
</annotation>
