<annotation>
	<folder></folder>
	<filename>Screenshot_20220509_205933---Liza-Nadia-Lianza_jpg.rf.20ee216cfd85d51cfb3b5dbf9127f7e8.jpg</filename>
	<path>Screenshot_20220509_205933---Liza-Nadia-Lianza_jpg.rf.20ee216cfd85d51cfb3b5dbf9127f7e8.jpg</path>
	<source>
		<database>roboflow.ai</database>
	</source>
	<size>
		<width>160</width>
		<height>160</height>
		<depth>3</depth>
	</size>
	<segmented>0</segmented>
	<object>
		<name>Jerawat</name>
		<pose>Unspecified</pose>
		<truncated>0</truncated>
		<difficult>0</difficult>
		<occluded>0</occluded>
		<bndbox>
			<xmin>22</xmin>
			<xmax>93</xmax>
			<ymin>39</ymin>
			<ymax>89</ymax>
		</bndbox>
	</object>
</annotation>
