<annotation>
	<folder></folder>
	<filename>00000007_jpg.rf.0c936f49da0c550f43f4c7318c80b029.jpg</filename>
	<path>00000007_jpg.rf.0c936f49da0c550f43f4c7318c80b029.jpg</path>
	<source>
		<database>roboflow.ai</database>
	</source>
	<size>
		<width>160</width>
		<height>160</height>
		<depth>3</depth>
	</size>
	<segmented>0</segmented>
	<object>
		<name>Komedo</name>
		<pose>Unspecified</pose>
		<truncated>0</truncated>
		<difficult>0</difficult>
		<occluded>0</occluded>
		<bndbox>
			<xmin>103</xmin>
			<xmax>129</xmax>
			<ymin>69</ymin>
			<ymax>86</ymax>
		</bndbox>
	</object>
</annotation>
