<annotation>
	<folder></folder>
	<filename>00000302_jpg.rf.33ce9673d10abbe7122fdb9bce6fc2ce.jpg</filename>
	<path>00000302_jpg.rf.33ce9673d10abbe7122fdb9bce6fc2ce.jpg</path>
	<source>
		<database>roboflow.ai</database>
	</source>
	<size>
		<width>160</width>
		<height>160</height>
		<depth>3</depth>
	</size>
	<segmented>0</segmented>
	<object>
		<name>Komedo</name>
		<pose>Unspecified</pose>
		<truncated>0</truncated>
		<difficult>0</difficult>
		<occluded>0</occluded>
		<bndbox>
			<xmin>2</xmin>
			<xmax>160</xmax>
			<ymin>2</ymin>
			<ymax>160</ymax>
		</bndbox>
	</object>
</annotation>
