<annotation>
	<folder></folder>
	<filename>00000348_jpg.rf.3dcfc52c78c0438e68a57bdaa41094ae.jpg</filename>
	<path>00000348_jpg.rf.3dcfc52c78c0438e68a57bdaa41094ae.jpg</path>
	<source>
		<database>roboflow.ai</database>
	</source>
	<size>
		<width>160</width>
		<height>160</height>
		<depth>3</depth>
	</size>
	<segmented>0</segmented>
	<object>
		<name>Komedo</name>
		<pose>Unspecified</pose>
		<truncated>0</truncated>
		<difficult>0</difficult>
		<occluded>0</occluded>
		<bndbox>
			<xmin>45</xmin>
			<xmax>112</xmax>
			<ymin>68</ymin>
			<ymax>149</ymax>
		</bndbox>
	</object>
	<object>
		<name>Komedo</name>
		<pose>Unspecified</pose>
		<truncated>0</truncated>
		<difficult>0</difficult>
		<occluded>0</occluded>
		<bndbox>
			<xmin>6</xmin>
			<xmax>42</xmax>
			<ymin>9</ymin>
			<ymax>115</ymax>
		</bndbox>
	</object>
</annotation>
