<annotation>
	<folder></folder>
	<filename>00000146_jpg.rf.6ef21f3e22ae29fd36dbd8ea75a80ee5.jpg</filename>
	<path>00000146_jpg.rf.6ef21f3e22ae29fd36dbd8ea75a80ee5.jpg</path>
	<source>
		<database>roboflow.ai</database>
	</source>
	<size>
		<width>160</width>
		<height>160</height>
		<depth>3</depth>
	</size>
	<segmented>0</segmented>
	<object>
		<name>Komedo</name>
		<pose>Unspecified</pose>
		<truncated>0</truncated>
		<difficult>0</difficult>
		<occluded>0</occluded>
		<bndbox>
			<xmin>1</xmin>
			<xmax>157</xmax>
			<ymin>2</ymin>
			<ymax>127</ymax>
		</bndbox>
	</object>
</annotation>
