<annotation>
	<folder></folder>
	<filename>00000107_jpg.rf.a16f240e6d794f5e3d242c688b66d7e7.jpg</filename>
	<path>00000107_jpg.rf.a16f240e6d794f5e3d242c688b66d7e7.jpg</path>
	<source>
		<database>roboflow.ai</database>
	</source>
	<size>
		<width>160</width>
		<height>160</height>
		<depth>3</depth>
	</size>
	<segmented>0</segmented>
	<object>
		<name>Komedo</name>
		<pose>Unspecified</pose>
		<truncated>0</truncated>
		<difficult>0</difficult>
		<occluded>0</occluded>
		<bndbox>
			<xmin>66</xmin>
			<xmax>82</xmax>
			<ymin>20</ymin>
			<ymax>28</ymax>
		</bndbox>
	</object>
</annotation>
