<annotation>
	<folder></folder>
	<filename>00000177_jpg.rf.91f6a8b4694044e9a6952ff496ba7d10.jpg</filename>
	<path>00000177_jpg.rf.91f6a8b4694044e9a6952ff496ba7d10.jpg</path>
	<source>
		<database>roboflow.ai</database>
	</source>
	<size>
		<width>160</width>
		<height>160</height>
		<depth>3</depth>
	</size>
	<segmented>0</segmented>
	<object>
		<name>Komedo</name>
		<pose>Unspecified</pose>
		<truncated>0</truncated>
		<difficult>0</difficult>
		<occluded>0</occluded>
		<bndbox>
			<xmin>2</xmin>
			<xmax>160</xmax>
			<ymin>93</ymin>
			<ymax>161</ymax>
		</bndbox>
	</object>
	<object>
		<name>Komedo</name>
		<pose>Unspecified</pose>
		<truncated>0</truncated>
		<difficult>0</difficult>
		<occluded>0</occluded>
		<bndbox>
			<xmin>16</xmin>
			<xmax>160</xmax>
			<ymin>26</ymin>
			<ymax>91</ymax>
		</bndbox>
	</object>
</annotation>
