<annotation>
	<folder></folder>
	<filename>00000107_jpg.rf.e9c55a2b80572d7c13cd18b0f057a44d.jpg</filename>
	<path>00000107_jpg.rf.e9c55a2b80572d7c13cd18b0f057a44d.jpg</path>
	<source>
		<database>roboflow.ai</database>
	</source>
	<size>
		<width>160</width>
		<height>160</height>
		<depth>3</depth>
	</size>
	<segmented>0</segmented>
	<object>
		<name>Komedo</name>
		<pose>Unspecified</pose>
		<truncated>0</truncated>
		<difficult>0</difficult>
		<occluded>0</occluded>
		<bndbox>
			<xmin>66</xmin>
			<xmax>82</xmax>
			<ymin>135</ymin>
			<ymax>143</ymax>
		</bndbox>
	</object>
</annotation>
