<annotation>
	<folder></folder>
	<filename>00000037_jpg.rf.826b3774f8dd924877a52826092b5e13.jpg</filename>
	<path>00000037_jpg.rf.826b3774f8dd924877a52826092b5e13.jpg</path>
	<source>
		<database>roboflow.ai</database>
	</source>
	<size>
		<width>160</width>
		<height>160</height>
		<depth>3</depth>
	</size>
	<segmented>0</segmented>
	<object>
		<name>Komedo</name>
		<pose>Unspecified</pose>
		<truncated>0</truncated>
		<difficult>0</difficult>
		<occluded>0</occluded>
		<bndbox>
			<xmin>9</xmin>
			<xmax>26</xmax>
			<ymin>24</ymin>
			<ymax>44</ymax>
		</bndbox>
	</object>
</annotation>
