<annotation>
	<folder></folder>
	<filename>00000007_jpg.rf.65c601e5a1099aa4986877db97a3bd72.jpg</filename>
	<path>00000007_jpg.rf.65c601e5a1099aa4986877db97a3bd72.jpg</path>
	<source>
		<database>roboflow.ai</database>
	</source>
	<size>
		<width>160</width>
		<height>160</height>
		<depth>3</depth>
	</size>
	<segmented>0</segmented>
	<object>
		<name>Komedo</name>
		<pose>Unspecified</pose>
		<truncated>0</truncated>
		<difficult>0</difficult>
		<occluded>0</occluded>
		<bndbox>
			<xmin>33</xmin>
			<xmax>59</xmax>
			<ymin>69</ymin>
			<ymax>86</ymax>
		</bndbox>
	</object>
</annotation>
