<annotation>
	<folder></folder>
	<filename>00000011_jpg.rf.8a8915921a05307935863a2f1f1b3590.jpg</filename>
	<path>00000011_jpg.rf.8a8915921a05307935863a2f1f1b3590.jpg</path>
	<source>
		<database>roboflow.ai</database>
	</source>
	<size>
		<width>160</width>
		<height>160</height>
		<depth>3</depth>
	</size>
	<segmented>0</segmented>
	<object>
		<name>Komedo</name>
		<pose>Unspecified</pose>
		<truncated>0</truncated>
		<difficult>0</difficult>
		<occluded>0</occluded>
		<bndbox>
			<xmin>141</xmin>
			<xmax>155</xmax>
			<ymin>84</ymin>
			<ymax>110</ymax>
		</bndbox>
	</object>
</annotation>
