<annotation>
	<folder></folder>
	<filename>00000177_jpg.rf.c7b14aa4fcebda56a0ac66670b2960e3.jpg</filename>
	<path>00000177_jpg.rf.c7b14aa4fcebda56a0ac66670b2960e3.jpg</path>
	<source>
		<database>roboflow.ai</database>
	</source>
	<size>
		<width>160</width>
		<height>160</height>
		<depth>3</depth>
	</size>
	<segmented>0</segmented>
	<object>
		<name>Komedo</name>
		<pose>Unspecified</pose>
		<truncated>0</truncated>
		<difficult>0</difficult>
		<occluded>0</occluded>
		<bndbox>
			<xmin>92</xmin>
			<xmax>160</xmax>
			<ymin>2</ymin>
			<ymax>160</ymax>
		</bndbox>
	</object>
	<object>
		<name>Komedo</name>
		<pose>Unspecified</pose>
		<truncated>0</truncated>
		<difficult>0</difficult>
		<occluded>0</occluded>
		<bndbox>
			<xmin>26</xmin>
			<xmax>91</xmax>
			<ymin>2</ymin>
			<ymax>146</ymax>
		</bndbox>
	</object>
</annotation>
