<annotation>
	<folder></folder>
	<filename>00000177_jpg.rf.db86560936f754a4a40a75a4f8085363.jpg</filename>
	<path>00000177_jpg.rf.db86560936f754a4a40a75a4f8085363.jpg</path>
	<source>
		<database>roboflow.ai</database>
	</source>
	<size>
		<width>160</width>
		<height>160</height>
		<depth>3</depth>
	</size>
	<segmented>0</segmented>
	<object>
		<name>Komedo</name>
		<pose>Unspecified</pose>
		<truncated>0</truncated>
		<difficult>0</difficult>
		<occluded>0</occluded>
		<bndbox>
			<xmin>2</xmin>
			<xmax>160</xmax>
			<ymin>2</ymin>
			<ymax>70</ymax>
		</bndbox>
	</object>
	<object>
		<name>Komedo</name>
		<pose>Unspecified</pose>
		<truncated>0</truncated>
		<difficult>0</difficult>
		<occluded>0</occluded>
		<bndbox>
			<xmin>2</xmin>
			<xmax>146</xmax>
			<ymin>71</ymin>
			<ymax>136</ymax>
		</bndbox>
	</object>
</annotation>
