<annotation>
	<folder></folder>
	<filename>500--7-_jpg.rf.9a69cf70aac5a99af29914421015e6a3.jpg</filename>
	<path>500--7-_jpg.rf.9a69cf70aac5a99af29914421015e6a3.jpg</path>
	<source>
		<database>roboflow.ai</database>
	</source>
	<size>
		<width>160</width>
		<height>160</height>
		<depth>3</depth>
	</size>
	<segmented>0</segmented>
	<object>
		<name>Komedo</name>
		<pose>Unspecified</pose>
		<truncated>0</truncated>
		<difficult>0</difficult>
		<occluded>0</occluded>
		<bndbox>
			<xmin>2</xmin>
			<xmax>150</xmax>
			<ymin>2</ymin>
			<ymax>155</ymax>
		</bndbox>
	</object>
</annotation>
