<annotation>
	<folder></folder>
	<filename>500--7-_jpg.rf.bf001ff2c1a0d6fc72827853afeb4970.jpg</filename>
	<path>500--7-_jpg.rf.bf001ff2c1a0d6fc72827853afeb4970.jpg</path>
	<source>
		<database>roboflow.ai</database>
	</source>
	<size>
		<width>160</width>
		<height>160</height>
		<depth>3</depth>
	</size>
	<segmented>0</segmented>
	<object>
		<name>Komedo</name>
		<pose>Unspecified</pose>
		<truncated>0</truncated>
		<difficult>0</difficult>
		<occluded>0</occluded>
		<bndbox>
			<xmin>13</xmin>
			<xmax>161</xmax>
			<ymin>7</ymin>
			<ymax>160</ymax>
		</bndbox>
	</object>
</annotation>
