<annotation>
	<folder></folder>
	<filename>acne-closed-comedo-29_jpg.rf.d39f76df2bba398f4d1a485a914d7dbd.jpg</filename>
	<path>acne-closed-comedo-29_jpg.rf.d39f76df2bba398f4d1a485a914d7dbd.jpg</path>
	<source>
		<database>roboflow.ai</database>
	</source>
	<size>
		<width>160</width>
		<height>160</height>
		<depth>3</depth>
	</size>
	<segmented>0</segmented>
	<object>
		<name>Jerawat</name>
		<pose>Unspecified</pose>
		<truncated>0</truncated>
		<difficult>0</difficult>
		<occluded>0</occluded>
		<bndbox>
			<xmin>2</xmin>
			<xmax>76</xmax>
			<ymin>2</ymin>
			<ymax>44</ymax>
		</bndbox>
	</object>
	<object>
		<name>Komedo</name>
		<pose>Unspecified</pose>
		<truncated>0</truncated>
		<difficult>0</difficult>
		<occluded>0</occluded>
		<bndbox>
			<xmin>1</xmin>
			<xmax>69</xmax>
			<ymin>52</ymin>
			<ymax>116</ymax>
		</bndbox>
	</object>
	<object>
		<name>Komedo</name>
		<pose>Unspecified</pose>
		<truncated>0</truncated>
		<difficult>0</difficult>
		<occluded>0</occluded>
		<bndbox>
			<xmin>103</xmin>
			<xmax>161</xmax>
			<ymin>2</ymin>
			<ymax>149</ymax>
		</bndbox>
	</object>
</annotation>
