<annotation>
	<folder></folder>
	<filename>acne-closed-comedo-24_jpg.rf.5c3a1be5b6f8f36e22576e254bc59277.jpg</filename>
	<path>acne-closed-comedo-24_jpg.rf.5c3a1be5b6f8f36e22576e254bc59277.jpg</path>
	<source>
		<database>roboflow.ai</database>
	</source>
	<size>
		<width>160</width>
		<height>160</height>
		<depth>3</depth>
	</size>
	<segmented>0</segmented>
	<object>
		<name>Komedo</name>
		<pose>Unspecified</pose>
		<truncated>0</truncated>
		<difficult>0</difficult>
		<occluded>0</occluded>
		<bndbox>
			<xmin>91</xmin>
			<xmax>113</xmax>
			<ymin>145</ymin>
			<ymax>160</ymax>
		</bndbox>
	</object>
</annotation>
