<annotation>
	<folder></folder>
	<filename>acne-closed-comedo-22_jpg.rf.699bb8b01930d1d694e4953da5a2c515.jpg</filename>
	<path>acne-closed-comedo-22_jpg.rf.699bb8b01930d1d694e4953da5a2c515.jpg</path>
	<source>
		<database>roboflow.ai</database>
	</source>
	<size>
		<width>160</width>
		<height>160</height>
		<depth>3</depth>
	</size>
	<segmented>0</segmented>
	<object>
		<name>Komedo</name>
		<pose>Unspecified</pose>
		<truncated>0</truncated>
		<difficult>0</difficult>
		<occluded>0</occluded>
		<bndbox>
			<xmin>6</xmin>
			<xmax>104</xmax>
			<ymin>26</ymin>
			<ymax>140</ymax>
		</bndbox>
	</object>
</annotation>
