<annotation>
	<folder></folder>
	<filename>acne-closed-comedo-6_jpg.rf.91792a9a106e7ef3020b06cc29de2403.jpg</filename>
	<path>acne-closed-comedo-6_jpg.rf.91792a9a106e7ef3020b06cc29de2403.jpg</path>
	<source>
		<database>roboflow.ai</database>
	</source>
	<size>
		<width>160</width>
		<height>160</height>
		<depth>3</depth>
	</size>
	<segmented>0</segmented>
	<object>
		<name>Komedo</name>
		<pose>Unspecified</pose>
		<truncated>0</truncated>
		<difficult>0</difficult>
		<occluded>0</occluded>
		<bndbox>
			<xmin>148</xmin>
			<xmax>160</xmax>
			<ymin>4</ymin>
			<ymax>53</ymax>
		</bndbox>
	</object>
	<object>
		<name>Komedo</name>
		<pose>Unspecified</pose>
		<truncated>0</truncated>
		<difficult>0</difficult>
		<occluded>0</occluded>
		<bndbox>
			<xmin>33</xmin>
			<xmax>65</xmax>
			<ymin>36</ymin>
			<ymax>68</ymax>
		</bndbox>
	</object>
</annotation>
