<annotation>
	<folder></folder>
	<filename>acne-closed-comedo-22_jpg.rf.622f8c9bf9209d17fda4f3b20bb8a827.jpg</filename>
	<path>acne-closed-comedo-22_jpg.rf.622f8c9bf9209d17fda4f3b20bb8a827.jpg</path>
	<source>
		<database>roboflow.ai</database>
	</source>
	<size>
		<width>160</width>
		<height>160</height>
		<depth>3</depth>
	</size>
	<segmented>0</segmented>
	<object>
		<name>Komedo</name>
		<pose>Unspecified</pose>
		<truncated>0</truncated>
		<difficult>0</difficult>
		<occluded>0</occluded>
		<bndbox>
			<xmin>23</xmin>
			<xmax>137</xmax>
			<ymin>6</ymin>
			<ymax>104</ymax>
		</bndbox>
	</object>
</annotation>
