<annotation>
	<folder></folder>
	<filename>acne-closed-comedo-34_jpg.rf.13ac64c62415644b2b5dc69f9f3d5edf.jpg</filename>
	<path>acne-closed-comedo-34_jpg.rf.13ac64c62415644b2b5dc69f9f3d5edf.jpg</path>
	<source>
		<database>roboflow.ai</database>
	</source>
	<size>
		<width>160</width>
		<height>160</height>
		<depth>3</depth>
	</size>
	<segmented>0</segmented>
	<object>
		<name>Jerawat</name>
		<pose>Unspecified</pose>
		<truncated>0</truncated>
		<difficult>0</difficult>
		<occluded>0</occluded>
		<bndbox>
			<xmin>2</xmin>
			<xmax>155</xmax>
			<ymin>2</ymin>
			<ymax>70</ymax>
		</bndbox>
	</object>
	<object>
		<name>Jerawat</name>
		<pose>Unspecified</pose>
		<truncated>0</truncated>
		<difficult>0</difficult>
		<occluded>0</occluded>
		<bndbox>
			<xmin>2</xmin>
			<xmax>150</xmax>
			<ymin>90</ymin>
			<ymax>160</ymax>
		</bndbox>
	</object>
</annotation>
