<annotation>
	<folder></folder>
	<filename>acne-cystic-142_jpg.rf.613eb4e72ee401fba1809d5f1b5d101d.jpg</filename>
	<path>acne-cystic-142_jpg.rf.613eb4e72ee401fba1809d5f1b5d101d.jpg</path>
	<source>
		<database>roboflow.ai</database>
	</source>
	<size>
		<width>160</width>
		<height>160</height>
		<depth>3</depth>
	</size>
	<segmented>0</segmented>
	<object>
		<name>Jerawat</name>
		<pose>Unspecified</pose>
		<truncated>0</truncated>
		<difficult>0</difficult>
		<occluded>0</occluded>
		<bndbox>
			<xmin>145</xmin>
			<xmax>159</xmax>
			<ymin>49</ymin>
			<ymax>63</ymax>
		</bndbox>
	</object>
	<object>
		<name>Jerawat</name>
		<pose>Unspecified</pose>
		<truncated>0</truncated>
		<difficult>0</difficult>
		<occluded>0</occluded>
		<bndbox>
			<xmin>115</xmin>
			<xmax>133</xmax>
			<ymin>46</ymin>
			<ymax>59</ymax>
		</bndbox>
	</object>
	<object>
		<name>Jerawat</name>
		<pose>Unspecified</pose>
		<truncated>0</truncated>
		<difficult>0</difficult>
		<occluded>0</occluded>
		<bndbox>
			<xmin>24</xmin>
			<xmax>35</xmax>
			<ymin>29</ymin>
			<ymax>43</ymax>
		</bndbox>
	</object>
	<object>
		<name>Jerawat</name>
		<pose>Unspecified</pose>
		<truncated>0</truncated>
		<difficult>0</difficult>
		<occluded>0</occluded>
		<bndbox>
			<xmin>98</xmin>
			<xmax>112</xmax>
			<ymin>2</ymin>
			<ymax>10</ymax>
		</bndbox>
	</object>
</annotation>
