<annotation>
	<folder></folder>
	<filename>acne-closed-comedo-23_jpg.rf.d756e10eddf936bdeb50e13697e57c5d.jpg</filename>
	<path>acne-closed-comedo-23_jpg.rf.d756e10eddf936bdeb50e13697e57c5d.jpg</path>
	<source>
		<database>roboflow.ai</database>
	</source>
	<size>
		<width>160</width>
		<height>160</height>
		<depth>3</depth>
	</size>
	<segmented>0</segmented>
	<object>
		<name>Jerawat</name>
		<pose>Unspecified</pose>
		<truncated>0</truncated>
		<difficult>0</difficult>
		<occluded>0</occluded>
		<bndbox>
			<xmin>1</xmin>
			<xmax>89</xmax>
			<ymin>98</ymin>
			<ymax>156</ymax>
		</bndbox>
	</object>
</annotation>
