<annotation>
	<folder></folder>
	<filename>acne-cystic-128_jpg.rf.2bb2c25b753d6fba53b031f56c0e5f8f.jpg</filename>
	<path>acne-cystic-128_jpg.rf.2bb2c25b753d6fba53b031f56c0e5f8f.jpg</path>
	<source>
		<database>roboflow.ai</database>
	</source>
	<size>
		<width>160</width>
		<height>160</height>
		<depth>3</depth>
	</size>
	<segmented>0</segmented>
	<object>
		<name>Jerawat</name>
		<pose>Unspecified</pose>
		<truncated>0</truncated>
		<difficult>0</difficult>
		<occluded>0</occluded>
		<bndbox>
			<xmin>76</xmin>
			<xmax>114</xmax>
			<ymin>3</ymin>
			<ymax>65</ymax>
		</bndbox>
	</object>
	<object>
		<name>Jerawat</name>
		<pose>Unspecified</pose>
		<truncated>0</truncated>
		<difficult>0</difficult>
		<occluded>0</occluded>
		<bndbox>
			<xmin>54</xmin>
			<xmax>76</xmax>
			<ymin>21</ymin>
			<ymax>69</ymax>
		</bndbox>
	</object>
	<object>
		<name>Jerawat</name>
		<pose>Unspecified</pose>
		<truncated>0</truncated>
		<difficult>0</difficult>
		<occluded>0</occluded>
		<bndbox>
			<xmin>2</xmin>
			<xmax>41</xmax>
			<ymin>23</ymin>
			<ymax>74</ymax>
		</bndbox>
	</object>
	<object>
		<name>Jerawat</name>
		<pose>Unspecified</pose>
		<truncated>0</truncated>
		<difficult>0</difficult>
		<occluded>0</occluded>
		<bndbox>
			<xmin>152</xmin>
			<xmax>160</xmax>
			<ymin>88</ymin>
			<ymax>127</ymax>
		</bndbox>
	</object>
	<object>
		<name>Jerawat</name>
		<pose>Unspecified</pose>
		<truncated>0</truncated>
		<difficult>0</difficult>
		<occluded>0</occluded>
		<bndbox>
			<xmin>2</xmin>
			<xmax>40</xmax>
			<ymin>92</ymin>
			<ymax>133</ymax>
		</bndbox>
	</object>
	<object>
		<name>Jerawat</name>
		<pose>Unspecified</pose>
		<truncated>0</truncated>
		<difficult>0</difficult>
		<occluded>0</occluded>
		<bndbox>
			<xmin>100</xmin>
			<xmax>124</xmax>
			<ymin>124</ymin>
			<ymax>161</ymax>
		</bndbox>
	</object>
</annotation>
