<annotation>
	<folder></folder>
	<filename>acne-closed-comedo-17_jpg.rf.fe5e7366ecd85b2da9b9ecbc8ee8a160.jpg</filename>
	<path>acne-closed-comedo-17_jpg.rf.fe5e7366ecd85b2da9b9ecbc8ee8a160.jpg</path>
	<source>
		<database>roboflow.ai</database>
	</source>
	<size>
		<width>160</width>
		<height>160</height>
		<depth>3</depth>
	</size>
	<segmented>0</segmented>
	<object>
		<name>Komedo</name>
		<pose>Unspecified</pose>
		<truncated>0</truncated>
		<difficult>0</difficult>
		<occluded>0</occluded>
		<bndbox>
			<xmin>30</xmin>
			<xmax>117</xmax>
			<ymin>12</ymin>
			<ymax>71</ymax>
		</bndbox>
	</object>
	<object>
		<name>Komedo</name>
		<pose>Unspecified</pose>
		<truncated>0</truncated>
		<difficult>0</difficult>
		<occluded>0</occluded>
		<bndbox>
			<xmin>2</xmin>
			<xmax>106</xmax>
			<ymin>117</ymin>
			<ymax>161</ymax>
		</bndbox>
	</object>
</annotation>
