<annotation>
	<folder></folder>
	<filename>acne-cystic-127_jpg.rf.dec91fff2156cefa7e275ea3cb5c5b35.jpg</filename>
	<path>acne-cystic-127_jpg.rf.dec91fff2156cefa7e275ea3cb5c5b35.jpg</path>
	<source>
		<database>roboflow.ai</database>
	</source>
	<size>
		<width>160</width>
		<height>160</height>
		<depth>3</depth>
	</size>
	<segmented>0</segmented>
	<object>
		<name>Jerawat</name>
		<pose>Unspecified</pose>
		<truncated>0</truncated>
		<difficult>0</difficult>
		<occluded>0</occluded>
		<bndbox>
			<xmin>94</xmin>
			<xmax>123</xmax>
			<ymin>37</ymin>
			<ymax>63</ymax>
		</bndbox>
	</object>
	<object>
		<name>Jerawat</name>
		<pose>Unspecified</pose>
		<truncated>0</truncated>
		<difficult>0</difficult>
		<occluded>0</occluded>
		<bndbox>
			<xmin>1</xmin>
			<xmax>24</xmax>
			<ymin>59</ymin>
			<ymax>123</ymax>
		</bndbox>
	</object>
</annotation>
