<annotation>
	<folder></folder>
	<filename>acne-closed-comedo-40_jpg.rf.3c83ec1b27006a020a1bac1f0b0eb48d.jpg</filename>
	<path>acne-closed-comedo-40_jpg.rf.3c83ec1b27006a020a1bac1f0b0eb48d.jpg</path>
	<source>
		<database>roboflow.ai</database>
	</source>
	<size>
		<width>160</width>
		<height>160</height>
		<depth>3</depth>
	</size>
	<segmented>0</segmented>
	<object>
		<name>Komedo</name>
		<pose>Unspecified</pose>
		<truncated>0</truncated>
		<difficult>0</difficult>
		<occluded>0</occluded>
		<bndbox>
			<xmin>1</xmin>
			<xmax>61</xmax>
			<ymin>2</ymin>
			<ymax>76</ymax>
		</bndbox>
	</object>
	<object>
		<name>Jerawat</name>
		<pose>Unspecified</pose>
		<truncated>0</truncated>
		<difficult>0</difficult>
		<occluded>0</occluded>
		<bndbox>
			<xmin>17</xmin>
			<xmax>47</xmax>
			<ymin>155</ymin>
			<ymax>161</ymax>
		</bndbox>
	</object>
	<object>
		<name>Komedo</name>
		<pose>Unspecified</pose>
		<truncated>0</truncated>
		<difficult>0</difficult>
		<occluded>0</occluded>
		<bndbox>
			<xmin>100</xmin>
			<xmax>153</xmax>
			<ymin>128</ymin>
			<ymax>161</ymax>
		</bndbox>
	</object>
</annotation>
