<annotation>
	<folder></folder>
	<filename>acne-cystic-127_jpg.rf.dd9457efaa027860a9202cb0f6e979a8.jpg</filename>
	<path>acne-cystic-127_jpg.rf.dd9457efaa027860a9202cb0f6e979a8.jpg</path>
	<source>
		<database>roboflow.ai</database>
	</source>
	<size>
		<width>160</width>
		<height>160</height>
		<depth>3</depth>
	</size>
	<segmented>0</segmented>
	<object>
		<name>Jerawat</name>
		<pose>Unspecified</pose>
		<truncated>0</truncated>
		<difficult>0</difficult>
		<occluded>0</occluded>
		<bndbox>
			<xmin>40</xmin>
			<xmax>69</xmax>
			<ymin>37</ymin>
			<ymax>63</ymax>
		</bndbox>
	</object>
	<object>
		<name>Jerawat</name>
		<pose>Unspecified</pose>
		<truncated>0</truncated>
		<difficult>0</difficult>
		<occluded>0</occluded>
		<bndbox>
			<xmin>138</xmin>
			<xmax>160</xmax>
			<ymin>58</ymin>
			<ymax>123</ymax>
		</bndbox>
	</object>
</annotation>
