<annotation>
	<folder></folder>
	<filename>acne-cystic-106_jpg.rf.ce41952e794a5b1a47a30872fa168b2c.jpg</filename>
	<path>acne-cystic-106_jpg.rf.ce41952e794a5b1a47a30872fa168b2c.jpg</path>
	<source>
		<database>roboflow.ai</database>
	</source>
	<size>
		<width>160</width>
		<height>160</height>
		<depth>3</depth>
	</size>
	<segmented>0</segmented>
	<object>
		<name>Jerawat</name>
		<pose>Unspecified</pose>
		<truncated>0</truncated>
		<difficult>0</difficult>
		<occluded>0</occluded>
		<bndbox>
			<xmin>2</xmin>
			<xmax>46</xmax>
			<ymin>4</ymin>
			<ymax>81</ymax>
		</bndbox>
	</object>
	<object>
		<name>Komedo</name>
		<pose>Unspecified</pose>
		<truncated>0</truncated>
		<difficult>0</difficult>
		<occluded>0</occluded>
		<bndbox>
			<xmin>91</xmin>
			<xmax>154</xmax>
			<ymin>16</ymin>
			<ymax>67</ymax>
		</bndbox>
	</object>
	<object>
		<name>Jerawat</name>
		<pose>Unspecified</pose>
		<truncated>0</truncated>
		<difficult>0</difficult>
		<occluded>0</occluded>
		<bndbox>
			<xmin>23</xmin>
			<xmax>93</xmax>
			<ymin>100</ymin>
			<ymax>160</ymax>
		</bndbox>
	</object>
</annotation>
