<annotation>
	<folder></folder>
	<filename>acne-Closed-Comedo_jpg.rf.0e3bed95b611b797e2ff33dc3adcb27e.jpg</filename>
	<path>acne-Closed-Comedo_jpg.rf.0e3bed95b611b797e2ff33dc3adcb27e.jpg</path>
	<source>
		<database>roboflow.ai</database>
	</source>
	<size>
		<width>160</width>
		<height>160</height>
		<depth>3</depth>
	</size>
	<segmented>0</segmented>
	<object>
		<name>Komedo</name>
		<pose>Unspecified</pose>
		<truncated>0</truncated>
		<difficult>0</difficult>
		<occluded>0</occluded>
		<bndbox>
			<xmin>98</xmin>
			<xmax>144</xmax>
			<ymin>40</ymin>
			<ymax>97</ymax>
		</bndbox>
	</object>
	<object>
		<name>Komedo</name>
		<pose>Unspecified</pose>
		<truncated>0</truncated>
		<difficult>0</difficult>
		<occluded>0</occluded>
		<bndbox>
			<xmin>1</xmin>
			<xmax>68</xmax>
			<ymin>61</ymin>
			<ymax>160</ymax>
		</bndbox>
	</object>
</annotation>
