<annotation>
	<folder></folder>
	<filename>acne-closed-comedo-34_jpg.rf.270015ab10866060b8ab8e3d23b58e18.jpg</filename>
	<path>acne-closed-comedo-34_jpg.rf.270015ab10866060b8ab8e3d23b58e18.jpg</path>
	<source>
		<database>roboflow.ai</database>
	</source>
	<size>
		<width>160</width>
		<height>160</height>
		<depth>3</depth>
	</size>
	<segmented>0</segmented>
	<object>
		<name>Jerawat</name>
		<pose>Unspecified</pose>
		<truncated>0</truncated>
		<difficult>0</difficult>
		<occluded>0</occluded>
		<bndbox>
			<xmin>1</xmin>
			<xmax>71</xmax>
			<ymin>2</ymin>
			<ymax>155</ymax>
		</bndbox>
	</object>
	<object>
		<name>Jerawat</name>
		<pose>Unspecified</pose>
		<truncated>0</truncated>
		<difficult>0</difficult>
		<occluded>0</occluded>
		<bndbox>
			<xmin>91</xmin>
			<xmax>160</xmax>
			<ymin>2</ymin>
			<ymax>151</ymax>
		</bndbox>
	</object>
</annotation>
