<annotation>
	<folder></folder>
	<filename>acne-cystic-111_jpg.rf.a0bb198989ff1576c67b898c4dedf742.jpg</filename>
	<path>acne-cystic-111_jpg.rf.a0bb198989ff1576c67b898c4dedf742.jpg</path>
	<source>
		<database>roboflow.ai</database>
	</source>
	<size>
		<width>160</width>
		<height>160</height>
		<depth>3</depth>
	</size>
	<segmented>0</segmented>
	<object>
		<name>Komedo</name>
		<pose>Unspecified</pose>
		<truncated>0</truncated>
		<difficult>0</difficult>
		<occluded>0</occluded>
		<bndbox>
			<xmin>11</xmin>
			<xmax>90</xmax>
			<ymin>102</ymin>
			<ymax>160</ymax>
		</bndbox>
	</object>
	<object>
		<name>Komedo</name>
		<pose>Unspecified</pose>
		<truncated>0</truncated>
		<difficult>0</difficult>
		<occluded>0</occluded>
		<bndbox>
			<xmin>90</xmin>
			<xmax>160</xmax>
			<ymin>84</ymin>
			<ymax>155</ymax>
		</bndbox>
	</object>
</annotation>
