<annotation>
	<folder></folder>
	<filename>acne-closed-comedo-13_jpg.rf.a9b16a0cc2d98857b4c6bb0966f7ded7.jpg</filename>
	<path>acne-closed-comedo-13_jpg.rf.a9b16a0cc2d98857b4c6bb0966f7ded7.jpg</path>
	<source>
		<database>roboflow.ai</database>
	</source>
	<size>
		<width>160</width>
		<height>160</height>
		<depth>3</depth>
	</size>
	<segmented>0</segmented>
	<object>
		<name>Komedo</name>
		<pose>Unspecified</pose>
		<truncated>0</truncated>
		<difficult>0</difficult>
		<occluded>0</occluded>
		<bndbox>
			<xmin>2</xmin>
			<xmax>160</xmax>
			<ymin>2</ymin>
			<ymax>68</ymax>
		</bndbox>
	</object>
	<object>
		<name>Komedo</name>
		<pose>Unspecified</pose>
		<truncated>0</truncated>
		<difficult>0</difficult>
		<occluded>0</occluded>
		<bndbox>
			<xmin>2</xmin>
			<xmax>161</xmax>
			<ymin>101</ymin>
			<ymax>160</ymax>
		</bndbox>
	</object>
</annotation>
