<annotation>
	<folder></folder>
	<filename>acne-closed-comedo-32_jpg.rf.3a4652613a103a5bf9ff1dbdbfe4dd10.jpg</filename>
	<path>acne-closed-comedo-32_jpg.rf.3a4652613a103a5bf9ff1dbdbfe4dd10.jpg</path>
	<source>
		<database>roboflow.ai</database>
	</source>
	<size>
		<width>160</width>
		<height>160</height>
		<depth>3</depth>
	</size>
	<segmented>0</segmented>
	<object>
		<name>Komedo</name>
		<pose>Unspecified</pose>
		<truncated>0</truncated>
		<difficult>0</difficult>
		<occluded>0</occluded>
		<bndbox>
			<xmin>33</xmin>
			<xmax>104</xmax>
			<ymin>1</ymin>
			<ymax>74</ymax>
		</bndbox>
	</object>
	<object>
		<name>Komedo</name>
		<pose>Unspecified</pose>
		<truncated>0</truncated>
		<difficult>0</difficult>
		<occluded>0</occluded>
		<bndbox>
			<xmin>1</xmin>
			<xmax>27</xmax>
			<ymin>52</ymin>
			<ymax>138</ymax>
		</bndbox>
	</object>
</annotation>
