<annotation>
	<folder></folder>
	<filename>acne-closed-comedo-36_jpg.rf.5ca340ceece982ef7acef72f8b06026e.jpg</filename>
	<path>acne-closed-comedo-36_jpg.rf.5ca340ceece982ef7acef72f8b06026e.jpg</path>
	<source>
		<database>roboflow.ai</database>
	</source>
	<size>
		<width>160</width>
		<height>160</height>
		<depth>3</depth>
	</size>
	<segmented>0</segmented>
	<object>
		<name>Komedo</name>
		<pose>Unspecified</pose>
		<truncated>0</truncated>
		<difficult>0</difficult>
		<occluded>0</occluded>
		<bndbox>
			<xmin>2</xmin>
			<xmax>120</xmax>
			<ymin>1</ymin>
			<ymax>76</ymax>
		</bndbox>
	</object>
	<object>
		<name>Komedo</name>
		<pose>Unspecified</pose>
		<truncated>0</truncated>
		<difficult>0</difficult>
		<occluded>0</occluded>
		<bndbox>
			<xmin>109</xmin>
			<xmax>159</xmax>
			<ymin>93</ymin>
			<ymax>131</ymax>
		</bndbox>
	</object>
	<object>
		<name>Komedo</name>
		<pose>Unspecified</pose>
		<truncated>0</truncated>
		<difficult>0</difficult>
		<occluded>0</occluded>
		<bndbox>
			<xmin>2</xmin>
			<xmax>49</xmax>
			<ymin>106</ymin>
			<ymax>155</ymax>
		</bndbox>
	</object>
</annotation>
