<annotation>
	<folder></folder>
	<filename>acne-closed-comedo-11_jpg.rf.95e644b2a12d60bd9be0ab73da0e5128.jpg</filename>
	<path>acne-closed-comedo-11_jpg.rf.95e644b2a12d60bd9be0ab73da0e5128.jpg</path>
	<source>
		<database>roboflow.ai</database>
	</source>
	<size>
		<width>160</width>
		<height>160</height>
		<depth>3</depth>
	</size>
	<segmented>0</segmented>
	<object>
		<name>Komedo</name>
		<pose>Unspecified</pose>
		<truncated>0</truncated>
		<difficult>0</difficult>
		<occluded>0</occluded>
		<bndbox>
			<xmin>101</xmin>
			<xmax>160</xmax>
			<ymin>2</ymin>
			<ymax>160</ymax>
		</bndbox>
	</object>
	<object>
		<name>Komedo</name>
		<pose>Unspecified</pose>
		<truncated>0</truncated>
		<difficult>0</difficult>
		<occluded>0</occluded>
		<bndbox>
			<xmin>2</xmin>
			<xmax>63</xmax>
			<ymin>2</ymin>
			<ymax>160</ymax>
		</bndbox>
	</object>
</annotation>
