<annotation>
	<folder></folder>
	<filename>acne-cystic-106_jpg.rf.3a58dfb23cd622be303bf50c3b7aa0fc.jpg</filename>
	<path>acne-cystic-106_jpg.rf.3a58dfb23cd622be303bf50c3b7aa0fc.jpg</path>
	<source>
		<database>roboflow.ai</database>
	</source>
	<size>
		<width>160</width>
		<height>160</height>
		<depth>3</depth>
	</size>
	<segmented>0</segmented>
	<object>
		<name>Jerawat</name>
		<pose>Unspecified</pose>
		<truncated>0</truncated>
		<difficult>0</difficult>
		<occluded>0</occluded>
		<bndbox>
			<xmin>4</xmin>
			<xmax>81</xmax>
			<ymin>116</ymin>
			<ymax>161</ymax>
		</bndbox>
	</object>
	<object>
		<name>Komedo</name>
		<pose>Unspecified</pose>
		<truncated>0</truncated>
		<difficult>0</difficult>
		<occluded>0</occluded>
		<bndbox>
			<xmin>16</xmin>
			<xmax>67</xmax>
			<ymin>8</ymin>
			<ymax>71</ymax>
		</bndbox>
	</object>
	<object>
		<name>Jerawat</name>
		<pose>Unspecified</pose>
		<truncated>0</truncated>
		<difficult>0</difficult>
		<occluded>0</occluded>
		<bndbox>
			<xmin>100</xmin>
			<xmax>160</xmax>
			<ymin>70</ymin>
			<ymax>140</ymax>
		</bndbox>
	</object>
</annotation>
