<annotation>
	<folder></folder>
	<filename>acne-cystic-27_jpg.rf.d804b12fa8fdfa176da82f040c40216d.jpg</filename>
	<path>acne-cystic-27_jpg.rf.d804b12fa8fdfa176da82f040c40216d.jpg</path>
	<source>
		<database>roboflow.ai</database>
	</source>
	<size>
		<width>160</width>
		<height>160</height>
		<depth>3</depth>
	</size>
	<segmented>0</segmented>
	<object>
		<name>Jerawat</name>
		<pose>Unspecified</pose>
		<truncated>0</truncated>
		<difficult>0</difficult>
		<occluded>0</occluded>
		<bndbox>
			<xmin>120</xmin>
			<xmax>160</xmax>
			<ymin>11</ymin>
			<ymax>39</ymax>
		</bndbox>
	</object>
	<object>
		<name>Jerawat</name>
		<pose>Unspecified</pose>
		<truncated>0</truncated>
		<difficult>0</difficult>
		<occluded>0</occluded>
		<bndbox>
			<xmin>98</xmin>
			<xmax>125</xmax>
			<ymin>123</ymin>
			<ymax>146</ymax>
		</bndbox>
	</object>
	<object>
		<name>Jerawat</name>
		<pose>Unspecified</pose>
		<truncated>0</truncated>
		<difficult>0</difficult>
		<occluded>0</occluded>
		<bndbox>
			<xmin>2</xmin>
			<xmax>35</xmax>
			<ymin>78</ymin>
			<ymax>116</ymax>
		</bndbox>
	</object>
</annotation>
