<annotation>
	<folder></folder>
	<filename>acne-closed-comedo-7_jpg.rf.71073313d8f3ddfb705d0027425ddb79.jpg</filename>
	<path>acne-closed-comedo-7_jpg.rf.71073313d8f3ddfb705d0027425ddb79.jpg</path>
	<source>
		<database>roboflow.ai</database>
	</source>
	<size>
		<width>160</width>
		<height>160</height>
		<depth>3</depth>
	</size>
	<segmented>0</segmented>
	<object>
		<name>Komedo</name>
		<pose>Unspecified</pose>
		<truncated>0</truncated>
		<difficult>0</difficult>
		<occluded>0</occluded>
		<bndbox>
			<xmin>14</xmin>
			<xmax>70</xmax>
			<ymin>110</ymin>
			<ymax>150</ymax>
		</bndbox>
	</object>
	<object>
		<name>Komedo</name>
		<pose>Unspecified</pose>
		<truncated>0</truncated>
		<difficult>0</difficult>
		<occluded>0</occluded>
		<bndbox>
			<xmin>29</xmin>
			<xmax>72</xmax>
			<ymin>20</ymin>
			<ymax>38</ymax>
		</bndbox>
	</object>
</annotation>
