<annotation>
	<folder></folder>
	<filename>acne-cystic-124_jpg.rf.495e3c7065591124a0735a4de0a68842.jpg</filename>
	<path>acne-cystic-124_jpg.rf.495e3c7065591124a0735a4de0a68842.jpg</path>
	<source>
		<database>roboflow.ai</database>
	</source>
	<size>
		<width>160</width>
		<height>160</height>
		<depth>3</depth>
	</size>
	<segmented>0</segmented>
	<object>
		<name>Jerawat</name>
		<pose>Unspecified</pose>
		<truncated>0</truncated>
		<difficult>0</difficult>
		<occluded>0</occluded>
		<bndbox>
			<xmin>133</xmin>
			<xmax>160</xmax>
			<ymin>33</ymin>
			<ymax>70</ymax>
		</bndbox>
	</object>
</annotation>
