<annotation>
	<folder></folder>
	<filename>acne-closed-comedo-19_jpg.rf.6f8d68bb92ad3a28b65c0d5231998d72.jpg</filename>
	<path>acne-closed-comedo-19_jpg.rf.6f8d68bb92ad3a28b65c0d5231998d72.jpg</path>
	<source>
		<database>roboflow.ai</database>
	</source>
	<size>
		<width>160</width>
		<height>160</height>
		<depth>3</depth>
	</size>
	<segmented>0</segmented>
	<object>
		<name>Jerawat</name>
		<pose>Unspecified</pose>
		<truncated>0</truncated>
		<difficult>0</difficult>
		<occluded>0</occluded>
		<bndbox>
			<xmin>49</xmin>
			<xmax>112</xmax>
			<ymin>2</ymin>
			<ymax>50</ymax>
		</bndbox>
	</object>
</annotation>
