<annotation>
	<folder></folder>
	<filename>acne-cystic-140_jpg.rf.924e7f8949dc596c23f56f810141b691.jpg</filename>
	<path>acne-cystic-140_jpg.rf.924e7f8949dc596c23f56f810141b691.jpg</path>
	<source>
		<database>roboflow.ai</database>
	</source>
	<size>
		<width>160</width>
		<height>160</height>
		<depth>3</depth>
	</size>
	<segmented>0</segmented>
	<object>
		<name>Jerawat</name>
		<pose>Unspecified</pose>
		<truncated>0</truncated>
		<difficult>0</difficult>
		<occluded>0</occluded>
		<bndbox>
			<xmin>58</xmin>
			<xmax>116</xmax>
			<ymin>2</ymin>
			<ymax>16</ymax>
		</bndbox>
	</object>
</annotation>
