<annotation>
	<folder></folder>
	<filename>acne-cystic-111_jpg.rf.e0e479710c9c3509c874dfafb10e3c4d.jpg</filename>
	<path>acne-cystic-111_jpg.rf.e0e479710c9c3509c874dfafb10e3c4d.jpg</path>
	<source>
		<database>roboflow.ai</database>
	</source>
	<size>
		<width>160</width>
		<height>160</height>
		<depth>3</depth>
	</size>
	<segmented>0</segmented>
	<object>
		<name>Komedo</name>
		<pose>Unspecified</pose>
		<truncated>0</truncated>
		<difficult>0</difficult>
		<occluded>0</occluded>
		<bndbox>
			<xmin>2</xmin>
			<xmax>60</xmax>
			<ymin>11</ymin>
			<ymax>90</ymax>
		</bndbox>
	</object>
	<object>
		<name>Komedo</name>
		<pose>Unspecified</pose>
		<truncated>0</truncated>
		<difficult>0</difficult>
		<occluded>0</occluded>
		<bndbox>
			<xmin>7</xmin>
			<xmax>78</xmax>
			<ymin>90</ymin>
			<ymax>160</ymax>
		</bndbox>
	</object>
</annotation>
