<annotation>
	<folder></folder>
	<filename>acne-closed-comedo-003_jpg.rf.f3bf765589e8e2028d756b2cc3d8b92b.jpg</filename>
	<path>acne-closed-comedo-003_jpg.rf.f3bf765589e8e2028d756b2cc3d8b92b.jpg</path>
	<source>
		<database>roboflow.ai</database>
	</source>
	<size>
		<width>160</width>
		<height>160</height>
		<depth>3</depth>
	</size>
	<segmented>0</segmented>
	<object>
		<name>Komedo</name>
		<pose>Unspecified</pose>
		<truncated>0</truncated>
		<difficult>0</difficult>
		<occluded>0</occluded>
		<bndbox>
			<xmin>2</xmin>
			<xmax>144</xmax>
			<ymin>1</ymin>
			<ymax>160</ymax>
		</bndbox>
	</object>
</annotation>
