<annotation>
	<folder></folder>
	<filename>acne-closed-comedo-40_jpg.rf.83db6e0c2f27e83f6c6f3c176004a139.jpg</filename>
	<path>acne-closed-comedo-40_jpg.rf.83db6e0c2f27e83f6c6f3c176004a139.jpg</path>
	<source>
		<database>roboflow.ai</database>
	</source>
	<size>
		<width>160</width>
		<height>160</height>
		<depth>3</depth>
	</size>
	<segmented>0</segmented>
	<object>
		<name>Komedo</name>
		<pose>Unspecified</pose>
		<truncated>0</truncated>
		<difficult>0</difficult>
		<occluded>0</occluded>
		<bndbox>
			<xmin>87</xmin>
			<xmax>161</xmax>
			<ymin>1</ymin>
			<ymax>61</ymax>
		</bndbox>
	</object>
	<object>
		<name>Jerawat</name>
		<pose>Unspecified</pose>
		<truncated>0</truncated>
		<difficult>0</difficult>
		<occluded>0</occluded>
		<bndbox>
			<xmin>2</xmin>
			<xmax>8</xmax>
			<ymin>17</ymin>
			<ymax>47</ymax>
		</bndbox>
	</object>
	<object>
		<name>Komedo</name>
		<pose>Unspecified</pose>
		<truncated>0</truncated>
		<difficult>0</difficult>
		<occluded>0</occluded>
		<bndbox>
			<xmin>2</xmin>
			<xmax>34</xmax>
			<ymin>100</ymin>
			<ymax>153</ymax>
		</bndbox>
	</object>
</annotation>
