<annotation>
	<folder></folder>
	<filename>acne-closed-comedo-36_jpg.rf.286837dfe3d3f9f676495fcb50140109.jpg</filename>
	<path>acne-closed-comedo-36_jpg.rf.286837dfe3d3f9f676495fcb50140109.jpg</path>
	<source>
		<database>roboflow.ai</database>
	</source>
	<size>
		<width>160</width>
		<height>160</height>
		<depth>3</depth>
	</size>
	<segmented>0</segmented>
	<object>
		<name>Komedo</name>
		<pose>Unspecified</pose>
		<truncated>0</truncated>
		<difficult>0</difficult>
		<occluded>0</occluded>
		<bndbox>
			<xmin>43</xmin>
			<xmax>161</xmax>
			<ymin>87</ymin>
			<ymax>161</ymax>
		</bndbox>
	</object>
	<object>
		<name>Komedo</name>
		<pose>Unspecified</pose>
		<truncated>0</truncated>
		<difficult>0</difficult>
		<occluded>0</occluded>
		<bndbox>
			<xmin>4</xmin>
			<xmax>54</xmax>
			<ymin>31</ymin>
			<ymax>69</ymax>
		</bndbox>
	</object>
	<object>
		<name>Komedo</name>
		<pose>Unspecified</pose>
		<truncated>0</truncated>
		<difficult>0</difficult>
		<occluded>0</occluded>
		<bndbox>
			<xmin>114</xmin>
			<xmax>161</xmax>
			<ymin>8</ymin>
			<ymax>57</ymax>
		</bndbox>
	</object>
</annotation>
