<annotation>
	<folder></folder>
	<filename>acne-closed-comedo-22_jpg.rf.153a7413e3dad57175eea558a3dd90bd.jpg</filename>
	<path>acne-closed-comedo-22_jpg.rf.153a7413e3dad57175eea558a3dd90bd.jpg</path>
	<source>
		<database>roboflow.ai</database>
	</source>
	<size>
		<width>160</width>
		<height>160</height>
		<depth>3</depth>
	</size>
	<segmented>0</segmented>
	<object>
		<name>Komedo</name>
		<pose>Unspecified</pose>
		<truncated>0</truncated>
		<difficult>0</difficult>
		<occluded>0</occluded>
		<bndbox>
			<xmin>68</xmin>
			<xmax>108</xmax>
			<ymin>15</ymin>
			<ymax>57</ymax>
		</bndbox>
	</object>
	<object>
		<name>Komedo</name>
		<pose>Unspecified</pose>
		<truncated>0</truncated>
		<difficult>0</difficult>
		<occluded>0</occluded>
		<bndbox>
			<xmin>2</xmin>
			<xmax>54</xmax>
			<ymin>33</ymin>
			<ymax>105</ymax>
		</bndbox>
	</object>
	<object>
		<name>Komedo</name>
		<pose>Unspecified</pose>
		<truncated>0</truncated>
		<difficult>0</difficult>
		<occluded>0</occluded>
		<bndbox>
			<xmin>23</xmin>
			<xmax>103</xmax>
			<ymin>91</ymin>
			<ymax>148</ymax>
		</bndbox>
	</object>
</annotation>
