<annotation>
	<folder></folder>
	<filename>acne-closed-comedo-38_jpg.rf.4f12c60b462e673980d42ff93cf5f096.jpg</filename>
	<path>acne-closed-comedo-38_jpg.rf.4f12c60b462e673980d42ff93cf5f096.jpg</path>
	<source>
		<database>roboflow.ai</database>
	</source>
	<size>
		<width>160</width>
		<height>160</height>
		<depth>3</depth>
	</size>
	<segmented>0</segmented>
	<object>
		<name>Komedo</name>
		<pose>Unspecified</pose>
		<truncated>0</truncated>
		<difficult>0</difficult>
		<occluded>0</occluded>
		<bndbox>
			<xmin>90</xmin>
			<xmax>132</xmax>
			<ymin>43</ymin>
			<ymax>91</ymax>
		</bndbox>
	</object>
	<object>
		<name>Komedo</name>
		<pose>Unspecified</pose>
		<truncated>0</truncated>
		<difficult>0</difficult>
		<occluded>0</occluded>
		<bndbox>
			<xmin>1</xmin>
			<xmax>50</xmax>
			<ymin>75</ymin>
			<ymax>160</ymax>
		</bndbox>
	</object>
</annotation>
