<annotation>
	<folder></folder>
	<filename>acne-closed-comedo-38_jpg.rf.b7c2e386490c6322e1b50ca451e3ec66.jpg</filename>
	<path>acne-closed-comedo-38_jpg.rf.b7c2e386490c6322e1b50ca451e3ec66.jpg</path>
	<source>
		<database>roboflow.ai</database>
	</source>
	<size>
		<width>160</width>
		<height>160</height>
		<depth>3</depth>
	</size>
	<segmented>0</segmented>
	<object>
		<name>Komedo</name>
		<pose>Unspecified</pose>
		<truncated>0</truncated>
		<difficult>0</difficult>
		<occluded>0</occluded>
		<bndbox>
			<xmin>30</xmin>
			<xmax>72</xmax>
			<ymin>72</ymin>
			<ymax>120</ymax>
		</bndbox>
	</object>
	<object>
		<name>Komedo</name>
		<pose>Unspecified</pose>
		<truncated>0</truncated>
		<difficult>0</difficult>
		<occluded>0</occluded>
		<bndbox>
			<xmin>112</xmin>
			<xmax>160</xmax>
			<ymin>2</ymin>
			<ymax>87</ymax>
		</bndbox>
	</object>
</annotation>
