<annotation>
	<folder></folder>
	<filename>B2ABF4B4-0FD8-4431-A947-B3A102367103---Halimah-Tusa_Diyah-1-_jpeg_jpg.rf.866dd2ddd4052e51676e8a720028c413.jpg</filename>
	<path>B2ABF4B4-0FD8-4431-A947-B3A102367103---Halimah-Tusa_Diyah-1-_jpeg_jpg.rf.866dd2ddd4052e51676e8a720028c413.jpg</path>
	<source>
		<database>roboflow.ai</database>
	</source>
	<size>
		<width>160</width>
		<height>160</height>
		<depth>3</depth>
	</size>
	<segmented>0</segmented>
	<object>
		<name>Jerawat</name>
		<pose>Unspecified</pose>
		<truncated>0</truncated>
		<difficult>0</difficult>
		<occluded>0</occluded>
		<bndbox>
			<xmin>33</xmin>
			<xmax>131</xmax>
			<ymin>6</ymin>
			<ymax>60</ymax>
		</bndbox>
	</object>
</annotation>
