<annotation>
	<folder></folder>
	<filename>IMG-20220509-WA0058---Maulidya-Dwi-Ila-Zamzani-1-_jpeg_jpg.rf.64e75ab08f2a855aa126892e78839ca5.jpg</filename>
	<path>IMG-20220509-WA0058---Maulidya-Dwi-Ila-Zamzani-1-_jpeg_jpg.rf.64e75ab08f2a855aa126892e78839ca5.jpg</path>
	<source>
		<database>roboflow.ai</database>
	</source>
	<size>
		<width>160</width>
		<height>160</height>
		<depth>3</depth>
	</size>
	<segmented>0</segmented>
	<object>
		<name>Jerawat</name>
		<pose>Unspecified</pose>
		<truncated>0</truncated>
		<difficult>0</difficult>
		<occluded>0</occluded>
		<bndbox>
			<xmin>2</xmin>
			<xmax>81</xmax>
			<ymin>2</ymin>
			<ymax>111</ymax>
		</bndbox>
	</object>
</annotation>
