<annotation>
	<folder></folder>
	<filename>IMG20220509193023---Muhammad-Rivai_jpg.rf.d501ce036205a31d2fc1216959308be4.jpg</filename>
	<path>IMG20220509193023---Muhammad-Rivai_jpg.rf.d501ce036205a31d2fc1216959308be4.jpg</path>
	<source>
		<database>roboflow.ai</database>
	</source>
	<size>
		<width>160</width>
		<height>160</height>
		<depth>3</depth>
	</size>
	<segmented>0</segmented>
	<object>
		<name>Jerawat</name>
		<pose>Unspecified</pose>
		<truncated>0</truncated>
		<difficult>0</difficult>
		<occluded>0</occluded>
		<bndbox>
			<xmin>67</xmin>
			<xmax>114</xmax>
			<ymin>32</ymin>
			<ymax>80</ymax>
		</bndbox>
	</object>
</annotation>
