<annotation>
	<folder></folder>
	<filename>IMG20220509201626---Lutphi-Mardiono_jpg.rf.b867fe39717403e82719e64829a67247.jpg</filename>
	<path>IMG20220509201626---Lutphi-Mardiono_jpg.rf.b867fe39717403e82719e64829a67247.jpg</path>
	<source>
		<database>roboflow.ai</database>
	</source>
	<size>
		<width>160</width>
		<height>160</height>
		<depth>3</depth>
	</size>
	<segmented>0</segmented>
	<object>
		<name>Jerawat</name>
		<pose>Unspecified</pose>
		<truncated>0</truncated>
		<difficult>0</difficult>
		<occluded>0</occluded>
		<bndbox>
			<xmin>71</xmin>
			<xmax>131</xmax>
			<ymin>126</ymin>
			<ymax>160</ymax>
		</bndbox>
	</object>
</annotation>
