<annotation>
	<folder></folder>
	<filename>IMG20220509193023---Muhammad-Rivai_jpg.rf.0f967984fe1d995a79e278d1bd63a6ad.jpg</filename>
	<path>IMG20220509193023---Muhammad-Rivai_jpg.rf.0f967984fe1d995a79e278d1bd63a6ad.jpg</path>
	<source>
		<database>roboflow.ai</database>
	</source>
	<size>
		<width>160</width>
		<height>160</height>
		<depth>3</depth>
	</size>
	<segmented>0</segmented>
	<object>
		<name>Jerawat</name>
		<pose>Unspecified</pose>
		<truncated>0</truncated>
		<difficult>0</difficult>
		<occluded>0</occluded>
		<bndbox>
			<xmin>32</xmin>
			<xmax>80</xmax>
			<ymin>67</ymin>
			<ymax>114</ymax>
		</bndbox>
	</object>
</annotation>
