<annotation>
	<folder></folder>
	<filename>IMG_20220512_060813---Tomi-Timutius-C2010F1059_jpg.rf.8800ff30ef02b8d9a4f3cde4b6e31a28.jpg</filename>
	<path>IMG_20220512_060813---Tomi-Timutius-C2010F1059_jpg.rf.8800ff30ef02b8d9a4f3cde4b6e31a28.jpg</path>
	<source>
		<database>roboflow.ai</database>
	</source>
	<size>
		<width>160</width>
		<height>160</height>
		<depth>3</depth>
	</size>
	<segmented>0</segmented>
	<object>
		<name>Jerawat</name>
		<pose>Unspecified</pose>
		<truncated>0</truncated>
		<difficult>0</difficult>
		<occluded>0</occluded>
		<bndbox>
			<xmin>70</xmin>
			<xmax>142</xmax>
			<ymin>2</ymin>
			<ymax>104</ymax>
		</bndbox>
	</object>
</annotation>
