<annotation>
	<folder></folder>
	<filename>IMG_20220510_052934---Emilia_jpg.rf.cd1e5654ea267227e48b30fb35bb133e.jpg</filename>
	<path>IMG_20220510_052934---Emilia_jpg.rf.cd1e5654ea267227e48b30fb35bb133e.jpg</path>
	<source>
		<database>roboflow.ai</database>
	</source>
	<size>
		<width>160</width>
		<height>160</height>
		<depth>3</depth>
	</size>
	<segmented>0</segmented>
	<object>
		<name>Komedo</name>
		<pose>Unspecified</pose>
		<truncated>0</truncated>
		<difficult>0</difficult>
		<occluded>0</occluded>
		<bndbox>
			<xmin>2</xmin>
			<xmax>14</xmax>
			<ymin>79</ymin>
			<ymax>101</ymax>
		</bndbox>
	</object>
</annotation>
