<annotation>
	<folder></folder>
	<filename>IMG_20220509_185442---Green-Light_jpg.rf.0190fa37c0265aff200db2cbd9ab7dc4.jpg</filename>
	<path>IMG_20220509_185442---Green-Light_jpg.rf.0190fa37c0265aff200db2cbd9ab7dc4.jpg</path>
	<source>
		<database>roboflow.ai</database>
	</source>
	<size>
		<width>160</width>
		<height>160</height>
		<depth>3</depth>
	</size>
	<segmented>0</segmented>
	<object>
		<name>Komedo</name>
		<pose>Unspecified</pose>
		<truncated>0</truncated>
		<difficult>0</difficult>
		<occluded>0</occluded>
		<bndbox>
			<xmin>13</xmin>
			<xmax>28</xmax>
			<ymin>86</ymin>
			<ymax>101</ymax>
		</bndbox>
	</object>
</annotation>
