<annotation>
	<folder></folder>
	<filename>IMG_20220509_202711---Bifta-Desfiana_jpg.rf.2db1a7400b6a1956765b9d5f613ba769.jpg</filename>
	<path>IMG_20220509_202711---Bifta-Desfiana_jpg.rf.2db1a7400b6a1956765b9d5f613ba769.jpg</path>
	<source>
		<database>roboflow.ai</database>
	</source>
	<size>
		<width>160</width>
		<height>160</height>
		<depth>3</depth>
	</size>
	<segmented>0</segmented>
	<object>
		<name>Jerawat</name>
		<pose>Unspecified</pose>
		<truncated>0</truncated>
		<difficult>0</difficult>
		<occluded>0</occluded>
		<bndbox>
			<xmin>63</xmin>
			<xmax>155</xmax>
			<ymin>2</ymin>
			<ymax>72</ymax>
		</bndbox>
	</object>
</annotation>
