<annotation>
	<folder></folder>
	<filename>IMG_20220509_202512---Afdiila-Cahya_jpg.rf.cc31b9dd76e5dd57f21d0063e35fc379.jpg</filename>
	<path>IMG_20220509_202512---Afdiila-Cahya_jpg.rf.cc31b9dd76e5dd57f21d0063e35fc379.jpg</path>
	<source>
		<database>roboflow.ai</database>
	</source>
	<size>
		<width>160</width>
		<height>160</height>
		<depth>3</depth>
	</size>
	<segmented>0</segmented>
	<object>
		<name>Jerawat</name>
		<pose>Unspecified</pose>
		<truncated>0</truncated>
		<difficult>0</difficult>
		<occluded>0</occluded>
		<bndbox>
			<xmin>2</xmin>
			<xmax>28</xmax>
			<ymin>123</ymin>
			<ymax>155</ymax>
		</bndbox>
	</object>
	<object>
		<name>Komedo</name>
		<pose>Unspecified</pose>
		<truncated>0</truncated>
		<difficult>0</difficult>
		<occluded>0</occluded>
		<bndbox>
			<xmin>58</xmin>
			<xmax>76</xmax>
			<ymin>44</ymin>
			<ymax>64</ymax>
		</bndbox>
	</object>
	<object>
		<name>Jerawat</name>
		<pose>Unspecified</pose>
		<truncated>0</truncated>
		<difficult>0</difficult>
		<occluded>0</occluded>
		<bndbox>
			<xmin>84</xmin>
			<xmax>160</xmax>
			<ymin>2</ymin>
			<ymax>110</ymax>
		</bndbox>
	</object>
	<object>
		<name>Komedo</name>
		<pose>Unspecified</pose>
		<truncated>0</truncated>
		<difficult>0</difficult>
		<occluded>0</occluded>
		<bndbox>
			<xmin>1</xmin>
			<xmax>49</xmax>
			<ymin>2</ymin>
			<ymax>84</ymax>
		</bndbox>
	</object>
</annotation>
