<annotation>
	<folder></folder>
	<filename>IMG_20220510_052934---Emilia_jpg.rf.6ab08e716308ad1847d5129d1efbbf93.jpg</filename>
	<path>IMG_20220510_052934---Emilia_jpg.rf.6ab08e716308ad1847d5129d1efbbf93.jpg</path>
	<source>
		<database>roboflow.ai</database>
	</source>
	<size>
		<width>160</width>
		<height>160</height>
		<depth>3</depth>
	</size>
	<segmented>0</segmented>
	<object>
		<name>Komedo</name>
		<pose>Unspecified</pose>
		<truncated>0</truncated>
		<difficult>0</difficult>
		<occluded>0</occluded>
		<bndbox>
			<xmin>79</xmin>
			<xmax>101</xmax>
			<ymin>2</ymin>
			<ymax>14</ymax>
		</bndbox>
	</object>
</annotation>
