<annotation>
	<folder></folder>
	<filename>IMG_20220510_052934---Emilia_jpg.rf.b0cb9bea034aa6739d7d7292dc2165e1.jpg</filename>
	<path>IMG_20220510_052934---Emilia_jpg.rf.b0cb9bea034aa6739d7d7292dc2165e1.jpg</path>
	<source>
		<database>roboflow.ai</database>
	</source>
	<size>
		<width>160</width>
		<height>160</height>
		<depth>3</depth>
	</size>
	<segmented>0</segmented>
	<object>
		<name>Komedo</name>
		<pose>Unspecified</pose>
		<truncated>0</truncated>
		<difficult>0</difficult>
		<occluded>0</occluded>
		<bndbox>
			<xmin>61</xmin>
			<xmax>83</xmax>
			<ymin>2</ymin>
			<ymax>14</ymax>
		</bndbox>
	</object>
</annotation>
