<annotation>
	<folder></folder>
	<filename>IMG_20220509_185442---Green-Light_jpg.rf.d802017fc4d2d65c834f14a0fcf37192.jpg</filename>
	<path>IMG_20220509_185442---Green-Light_jpg.rf.d802017fc4d2d65c834f14a0fcf37192.jpg</path>
	<source>
		<database>roboflow.ai</database>
	</source>
	<size>
		<width>160</width>
		<height>160</height>
		<depth>3</depth>
	</size>
	<segmented>0</segmented>
	<object>
		<name>Komedo</name>
		<pose>Unspecified</pose>
		<truncated>0</truncated>
		<difficult>0</difficult>
		<occluded>0</occluded>
		<bndbox>
			<xmin>86</xmin>
			<xmax>101</xmax>
			<ymin>135</ymin>
			<ymax>150</ymax>
		</bndbox>
	</object>
</annotation>
