<annotation>
	<folder></folder>
	<filename>IMG_20220509_193708---Muhammad-Reza-Azhar-Priyadi-M2005F0429_jpg.rf.e19db509b9d6688d9f784a94fdfb3671.jpg</filename>
	<path>IMG_20220509_193708---Muhammad-Reza-Azhar-Priyadi-M2005F0429_jpg.rf.e19db509b9d6688d9f784a94fdfb3671.jpg</path>
	<source>
		<database>roboflow.ai</database>
	</source>
	<size>
		<width>160</width>
		<height>160</height>
		<depth>3</depth>
	</size>
	<segmented>0</segmented>
	<object>
		<name>Jerawat</name>
		<pose>Unspecified</pose>
		<truncated>0</truncated>
		<difficult>0</difficult>
		<occluded>0</occluded>
		<bndbox>
			<xmin>52</xmin>
			<xmax>160</xmax>
			<ymin>87</ymin>
			<ymax>161</ymax>
		</bndbox>
	</object>
</annotation>
