<annotation>
	<folder></folder>
	<filename>IMG_20220510_075316---Lonard-Steven_jpg.rf.01ad0ae4b46393597e0ac0c278236d6b.jpg</filename>
	<path>IMG_20220510_075316---Lonard-Steven_jpg.rf.01ad0ae4b46393597e0ac0c278236d6b.jpg</path>
	<source>
		<database>roboflow.ai</database>
	</source>
	<size>
		<width>160</width>
		<height>160</height>
		<depth>3</depth>
	</size>
	<segmented>0</segmented>
	<object>
		<name>Komedo</name>
		<pose>Unspecified</pose>
		<truncated>0</truncated>
		<difficult>0</difficult>
		<occluded>0</occluded>
		<bndbox>
			<xmin>102</xmin>
			<xmax>160</xmax>
			<ymin>59</ymin>
			<ymax>160</ymax>
		</bndbox>
	</object>
</annotation>
