<annotation>
	<folder></folder>
	<filename>IMG_20220510_075313_1---Lonard-Steven_jpg.rf.35644ef86787c8b4c3c00ced9d7e3505.jpg</filename>
	<path>IMG_20220510_075313_1---Lonard-Steven_jpg.rf.35644ef86787c8b4c3c00ced9d7e3505.jpg</path>
	<source>
		<database>roboflow.ai</database>
	</source>
	<size>
		<width>160</width>
		<height>160</height>
		<depth>3</depth>
	</size>
	<segmented>0</segmented>
	<object>
		<name>Komedo</name>
		<pose>Unspecified</pose>
		<truncated>0</truncated>
		<difficult>0</difficult>
		<occluded>0</occluded>
		<bndbox>
			<xmin>90</xmin>
			<xmax>117</xmax>
			<ymin>38</ymin>
			<ymax>66</ymax>
		</bndbox>
	</object>
</annotation>
