<annotation>
	<folder></folder>
	<filename>IMG_20220512_005532_708-2---Athaya-Zahra-1-_jpg.rf.5b0ad097f1ca1fd98a28bb9e69529851.jpg</filename>
	<path>IMG_20220512_005532_708-2---Athaya-Zahra-1-_jpg.rf.5b0ad097f1ca1fd98a28bb9e69529851.jpg</path>
	<source>
		<database>roboflow.ai</database>
	</source>
	<size>
		<width>160</width>
		<height>160</height>
		<depth>3</depth>
	</size>
	<segmented>0</segmented>
	<object>
		<name>Jerawat</name>
		<pose>Unspecified</pose>
		<truncated>0</truncated>
		<difficult>0</difficult>
		<occluded>0</occluded>
		<bndbox>
			<xmin>23</xmin>
			<xmax>157</xmax>
			<ymin>70</ymin>
			<ymax>160</ymax>
		</bndbox>
	</object>
	<object>
		<name>Jerawat</name>
		<pose>Unspecified</pose>
		<truncated>0</truncated>
		<difficult>0</difficult>
		<occluded>0</occluded>
		<bndbox>
			<xmin>18</xmin>
			<xmax>64</xmax>
			<ymin>2</ymin>
			<ymax>24</ymax>
		</bndbox>
	</object>
	<object>
		<name>Jerawat</name>
		<pose>Unspecified</pose>
		<truncated>0</truncated>
		<difficult>0</difficult>
		<occluded>0</occluded>
		<bndbox>
			<xmin>67</xmin>
			<xmax>145</xmax>
			<ymin>11</ymin>
			<ymax>54</ymax>
		</bndbox>
	</object>
</annotation>
