<annotation>
	<folder></folder>
	<filename>IMG_20220509_202512---Afdiila-Cahya_jpg.rf.0d421902f09540803955dd0daa5d04a6.jpg</filename>
	<path>IMG_20220509_202512---Afdiila-Cahya_jpg.rf.0d421902f09540803955dd0daa5d04a6.jpg</path>
	<source>
		<database>roboflow.ai</database>
	</source>
	<size>
		<width>160</width>
		<height>160</height>
		<depth>3</depth>
	</size>
	<segmented>0</segmented>
	<object>
		<name>Jerawat</name>
		<pose>Unspecified</pose>
		<truncated>0</truncated>
		<difficult>0</difficult>
		<occluded>0</occluded>
		<bndbox>
			<xmin>134</xmin>
			<xmax>160</xmax>
			<ymin>7</ymin>
			<ymax>40</ymax>
		</bndbox>
	</object>
	<object>
		<name>Komedo</name>
		<pose>Unspecified</pose>
		<truncated>0</truncated>
		<difficult>0</difficult>
		<occluded>0</occluded>
		<bndbox>
			<xmin>87</xmin>
			<xmax>105</xmax>
			<ymin>99</ymin>
			<ymax>119</ymax>
		</bndbox>
	</object>
	<object>
		<name>Jerawat</name>
		<pose>Unspecified</pose>
		<truncated>0</truncated>
		<difficult>0</difficult>
		<occluded>0</occluded>
		<bndbox>
			<xmin>2</xmin>
			<xmax>78</xmax>
			<ymin>52</ymin>
			<ymax>160</ymax>
		</bndbox>
	</object>
	<object>
		<name>Komedo</name>
		<pose>Unspecified</pose>
		<truncated>0</truncated>
		<difficult>0</difficult>
		<occluded>0</occluded>
		<bndbox>
			<xmin>113</xmin>
			<xmax>160</xmax>
			<ymin>78</ymin>
			<ymax>161</ymax>
		</bndbox>
	</object>
</annotation>
