<annotation>
	<folder></folder>
	<filename>IMG_20220510_052835---Emilia_jpg.rf.c35ec3d4350dc53a9fd10c7d5a76129e.jpg</filename>
	<path>IMG_20220510_052835---Emilia_jpg.rf.c35ec3d4350dc53a9fd10c7d5a76129e.jpg</path>
	<source>
		<database>roboflow.ai</database>
	</source>
	<size>
		<width>160</width>
		<height>160</height>
		<depth>3</depth>
	</size>
	<segmented>0</segmented>
	<object>
		<name>Jerawat</name>
		<pose>Unspecified</pose>
		<truncated>0</truncated>
		<difficult>0</difficult>
		<occluded>0</occluded>
		<bndbox>
			<xmin>127</xmin>
			<xmax>161</xmax>
			<ymin>5</ymin>
			<ymax>73</ymax>
		</bndbox>
	</object>
</annotation>
