<annotation>
	<folder></folder>
	<filename>IMG_20220510_075316---Lonard-Steven_jpg.rf.ba25bd91c31d900c9286ccef8fefd8ee.jpg</filename>
	<path>IMG_20220510_075316---Lonard-Steven_jpg.rf.ba25bd91c31d900c9286ccef8fefd8ee.jpg</path>
	<source>
		<database>roboflow.ai</database>
	</source>
	<size>
		<width>160</width>
		<height>160</height>
		<depth>3</depth>
	</size>
	<segmented>0</segmented>
	<object>
		<name>Komedo</name>
		<pose>Unspecified</pose>
		<truncated>0</truncated>
		<difficult>0</difficult>
		<occluded>0</occluded>
		<bndbox>
			<xmin>59</xmin>
			<xmax>160</xmax>
			<ymin>102</ymin>
			<ymax>161</ymax>
		</bndbox>
	</object>
</annotation>
