<annotation>
	<folder></folder>
	<filename>IMG_20220510_075313_1---Lonard-Steven_jpg.rf.86c8c651b4bf91320054b17263a4cb7a.jpg</filename>
	<path>IMG_20220510_075313_1---Lonard-Steven_jpg.rf.86c8c651b4bf91320054b17263a4cb7a.jpg</path>
	<source>
		<database>roboflow.ai</database>
	</source>
	<size>
		<width>160</width>
		<height>160</height>
		<depth>3</depth>
	</size>
	<segmented>0</segmented>
	<object>
		<name>Komedo</name>
		<pose>Unspecified</pose>
		<truncated>0</truncated>
		<difficult>0</difficult>
		<occluded>0</occluded>
		<bndbox>
			<xmin>38</xmin>
			<xmax>66</xmax>
			<ymin>90</ymin>
			<ymax>117</ymax>
		</bndbox>
	</object>
</annotation>
