<annotation>
	<folder></folder>
	<filename>IMG_20220509_202711---Bifta-Desfiana_jpg.rf.632798dc8e474a3c26a99b55fe2036d2.jpg</filename>
	<path>IMG_20220509_202711---Bifta-Desfiana_jpg.rf.632798dc8e474a3c26a99b55fe2036d2.jpg</path>
	<source>
		<database>roboflow.ai</database>
	</source>
	<size>
		<width>160</width>
		<height>160</height>
		<depth>3</depth>
	</size>
	<segmented>0</segmented>
	<object>
		<name>Jerawat</name>
		<pose>Unspecified</pose>
		<truncated>0</truncated>
		<difficult>0</difficult>
		<occluded>0</occluded>
		<bndbox>
			<xmin>2</xmin>
			<xmax>72</xmax>
			<ymin>63</ymin>
			<ymax>155</ymax>
		</bndbox>
	</object>
</annotation>
