<annotation>
	<folder></folder>
	<filename>Screenshot_20220509_205933---Liza-Nadia-Lianza_jpg.rf.9db37036b1536822147a296dda478ef0.jpg</filename>
	<path>Screenshot_20220509_205933---Liza-Nadia-Lianza_jpg.rf.9db37036b1536822147a296dda478ef0.jpg</path>
	<source>
		<database>roboflow.ai</database>
	</source>
	<size>
		<width>160</width>
		<height>160</height>
		<depth>3</depth>
	</size>
	<segmented>0</segmented>
	<object>
		<name>Jerawat</name>
		<pose>Unspecified</pose>
		<truncated>0</truncated>
		<difficult>0</difficult>
		<occluded>0</occluded>
		<bndbox>
			<xmin>21</xmin>
			<xmax>79</xmax>
			<ymin>73</ymin>
			<ymax>102</ymax>
		</bndbox>
	</object>
</annotation>
