<annotation>
	<folder></folder>
	<filename>00000007_jpg.rf.9aa395fd7d13bf47a59f4f92f51a3f73.jpg</filename>
	<path>00000007_jpg.rf.9aa395fd7d13bf47a59f4f92f51a3f73.jpg</path>
	<source>
		<database>roboflow.ai</database>
	</source>
	<size>
		<width>416</width>
		<height>416</height>
		<depth>3</depth>
	</size>
	<segmented>0</segmented>
	<object>
		<name>Komedo</name>
		<pose>Unspecified</pose>
		<truncated>0</truncated>
		<difficult>0</difficult>
		<occluded>0</occluded>
		<bndbox>
			<xmin>193</xmin>
			<xmax>215</xmax>
			<ymin>146</ymin>
			<ymax>180</ymax>
		</bndbox>
	</object>
	<object>
		<name>Komedo</name>
		<pose>Unspecified</pose>
		<truncated>0</truncated>
		<difficult>0</difficult>
		<occluded>0</occluded>
		<bndbox>
			<xmin>142</xmin>
			<xmax>164</xmax>
			<ymin>365</ymin>
			<ymax>396</ymax>
		</bndbox>
	</object>
	<object>
		<name>Komedo</name>
		<pose>Unspecified</pose>
		<truncated>0</truncated>
		<difficult>0</difficult>
		<occluded>0</occluded>
		<bndbox>
			<xmin>99</xmin>
			<xmax>117</xmax>
			<ymin>17</ymin>
			<ymax>75</ymax>
		</bndbox>
	</object>
</annotation>
