<annotation>
	<folder></folder>
	<filename>00000154_jpg.rf.aa533828e0ea44fd3d4fb93baa5beaf6.jpg</filename>
	<path>00000154_jpg.rf.aa533828e0ea44fd3d4fb93baa5beaf6.jpg</path>
	<source>
		<database>roboflow.ai</database>
	</source>
	<size>
		<width>416</width>
		<height>416</height>
		<depth>3</depth>
	</size>
	<segmented>0</segmented>
	<object>
		<name>Komedo</name>
		<pose>Unspecified</pose>
		<truncated>0</truncated>
		<difficult>0</difficult>
		<occluded>0</occluded>
		<bndbox>
			<xmin>164</xmin>
			<xmax>251</xmax>
			<ymin>55</ymin>
			<ymax>131</ymax>
		</bndbox>
	</object>
	<object>
		<name>Komedo</name>
		<pose>Unspecified</pose>
		<truncated>0</truncated>
		<difficult>0</difficult>
		<occluded>0</occluded>
		<bndbox>
			<xmin>102</xmin>
			<xmax>344</xmax>
			<ymin>131</ymin>
			<ymax>298</ymax>
		</bndbox>
	</object>
</annotation>
