<annotation>
	<folder></folder>
	<filename>00000302_jpg.rf.29aab0b6a9e586eb38306c156573e4c8.jpg</filename>
	<path>00000302_jpg.rf.29aab0b6a9e586eb38306c156573e4c8.jpg</path>
	<source>
		<database>roboflow.ai</database>
	</source>
	<size>
		<width>416</width>
		<height>416</height>
		<depth>3</depth>
	</size>
	<segmented>0</segmented>
	<object>
		<name>Komedo</name>
		<pose>Unspecified</pose>
		<truncated>0</truncated>
		<difficult>0</difficult>
		<occluded>0</occluded>
		<bndbox>
			<xmin>1</xmin>
			<xmax>417</xmax>
			<ymin>5</ymin>
			<ymax>416</ymax>
		</bndbox>
	</object>
</annotation>
