<annotation>
	<folder></folder>
	<filename>00000146_jpg.rf.be90ce4e1fd37ed23f4511cc57b3a8d8.jpg</filename>
	<path>00000146_jpg.rf.be90ce4e1fd37ed23f4511cc57b3a8d8.jpg</path>
	<source>
		<database>roboflow.ai</database>
	</source>
	<size>
		<width>416</width>
		<height>416</height>
		<depth>3</depth>
	</size>
	<segmented>0</segmented>
	<object>
		<name>Komedo</name>
		<pose>Unspecified</pose>
		<truncated>0</truncated>
		<difficult>0</difficult>
		<occluded>0</occluded>
		<bndbox>
			<xmin>150</xmin>
			<xmax>402</xmax>
			<ymin>1</ymin>
			<ymax>306</ymax>
		</bndbox>
	</object>
</annotation>
