<annotation>
	<folder></folder>
	<filename>00000011_jpg.rf.76fbe586eb4d9238693bd127292736b5.jpg</filename>
	<path>00000011_jpg.rf.76fbe586eb4d9238693bd127292736b5.jpg</path>
	<source>
		<database>roboflow.ai</database>
	</source>
	<size>
		<width>416</width>
		<height>416</height>
		<depth>3</depth>
	</size>
	<segmented>0</segmented>
	<object>
		<name>Komedo</name>
		<pose>Unspecified</pose>
		<truncated>0</truncated>
		<difficult>0</difficult>
		<occluded>0</occluded>
		<bndbox>
			<xmin>204</xmin>
			<xmax>219</xmax>
			<ymin>48</ymin>
			<ymax>108</ymax>
		</bndbox>
	</object>
	<object>
		<name>Komedo</name>
		<pose>Unspecified</pose>
		<truncated>0</truncated>
		<difficult>0</difficult>
		<occluded>0</occluded>
		<bndbox>
			<xmin>112</xmin>
			<xmax>131</xmax>
			<ymin>172</ymin>
			<ymax>206</ymax>
		</bndbox>
	</object>
</annotation>
