<annotation>
	<folder></folder>
	<filename>00000132_jpg.rf.0f5383261662df26afc8bdc9de6bdb43.jpg</filename>
	<path>00000132_jpg.rf.0f5383261662df26afc8bdc9de6bdb43.jpg</path>
	<source>
		<database>roboflow.ai</database>
	</source>
	<size>
		<width>416</width>
		<height>416</height>
		<depth>3</depth>
	</size>
	<segmented>0</segmented>
	<object>
		<name>Komedo</name>
		<pose>Unspecified</pose>
		<truncated>0</truncated>
		<difficult>0</difficult>
		<occluded>0</occluded>
		<bndbox>
			<xmin>31</xmin>
			<xmax>408</xmax>
			<ymin>33</ymin>
			<ymax>298</ymax>
		</bndbox>
	</object>
</annotation>
