<annotation>
	<folder></folder>
	<filename>1652114288894-2---Fadli-Fadillah-M2128F1581-1-_jpg.rf.159dd8edcb54396651a318a7f95d6c40.jpg</filename>
	<path>1652114288894-2---Fadli-Fadillah-M2128F1581-1-_jpg.rf.159dd8edcb54396651a318a7f95d6c40.jpg</path>
	<source>
		<database>roboflow.ai</database>
	</source>
	<size>
		<width>416</width>
		<height>416</height>
		<depth>3</depth>
	</size>
	<segmented>0</segmented>
	<object>
		<name>Jerawat</name>
		<pose>Unspecified</pose>
		<truncated>0</truncated>
		<difficult>0</difficult>
		<occluded>0</occluded>
		<bndbox>
			<xmin>62</xmin>
			<xmax>277</xmax>
			<ymin>205</ymin>
			<ymax>337</ymax>
		</bndbox>
	</object>
</annotation>
