<annotation>
	<folder></folder>
	<filename>16520996142098754561093967373424---Shelly-Hafidayani_jpg.rf.b2ba9b991893475e00210d1c02b6583f.jpg</filename>
	<path>16520996142098754561093967373424---Shelly-Hafidayani_jpg.rf.b2ba9b991893475e00210d1c02b6583f.jpg</path>
	<source>
		<database>roboflow.ai</database>
	</source>
	<size>
		<width>416</width>
		<height>416</height>
		<depth>3</depth>
	</size>
	<segmented>0</segmented>
	<object>
		<name>Jerawat</name>
		<pose>Unspecified</pose>
		<truncated>0</truncated>
		<difficult>0</difficult>
		<occluded>0</occluded>
		<bndbox>
			<xmin>41</xmin>
			<xmax>356</xmax>
			<ymin>18</ymin>
			<ymax>212</ymax>
		</bndbox>
	</object>
</annotation>
