<annotation>
	<folder></folder>
	<filename>500--7-_jpg.rf.f87380437f95ca7cbd5313c0f46d360a.jpg</filename>
	<path>500--7-_jpg.rf.f87380437f95ca7cbd5313c0f46d360a.jpg</path>
	<source>
		<database>roboflow.ai</database>
	</source>
	<size>
		<width>416</width>
		<height>416</height>
		<depth>3</depth>
	</size>
	<segmented>0</segmented>
	<object>
		<name>Komedo</name>
		<pose>Unspecified</pose>
		<truncated>0</truncated>
		<difficult>0</difficult>
		<occluded>0</occluded>
		<bndbox>
			<xmin>120</xmin>
			<xmax>341</xmax>
			<ymin>113</ymin>
			<ymax>315</ymax>
		</bndbox>
	</object>
</annotation>
