<annotation>
	<folder></folder>
	<filename>acne-pustular-23_jpg.rf.2fae46fd77dd299d0228d7e4834f8d1d.jpg</filename>
	<path>acne-pustular-23_jpg.rf.2fae46fd77dd299d0228d7e4834f8d1d.jpg</path>
	<source>
		<database>roboflow.ai</database>
	</source>
	<size>
		<width>416</width>
		<height>416</height>
		<depth>3</depth>
	</size>
	<segmented>0</segmented>
	<object>
		<name>Jerawat</name>
		<pose>Unspecified</pose>
		<truncated>0</truncated>
		<difficult>0</difficult>
		<occluded>0</occluded>
		<bndbox>
			<xmin>236</xmin>
			<xmax>267</xmax>
			<ymin>224</ymin>
			<ymax>264</ymax>
		</bndbox>
	</object>
	<object>
		<name>Jerawat</name>
		<pose>Unspecified</pose>
		<truncated>0</truncated>
		<difficult>0</difficult>
		<occluded>0</occluded>
		<bndbox>
			<xmin>228</xmin>
			<xmax>268</xmax>
			<ymin>304</ymin>
			<ymax>360</ymax>
		</bndbox>
	</object>
	<object>
		<name>Jerawat</name>
		<pose>Unspecified</pose>
		<truncated>0</truncated>
		<difficult>0</difficult>
		<occluded>0</occluded>
		<bndbox>
			<xmin>165</xmin>
			<xmax>213</xmax>
			<ymin>338</ymin>
			<ymax>408</ymax>
		</bndbox>
	</object>
	<object>
		<name>Jerawat</name>
		<pose>Unspecified</pose>
		<truncated>0</truncated>
		<difficult>0</difficult>
		<occluded>0</occluded>
		<bndbox>
			<xmin>257</xmin>
			<xmax>292</xmax>
			<ymin>47</ymin>
			<ymax>109</ymax>
		</bndbox>
	</object>
</annotation>
