<annotation>
	<folder></folder>
	<filename>acne-open-comedo-3_jpg.rf.bdb103c2ce9efc9ec420bdcb6e63b087.jpg</filename>
	<path>acne-open-comedo-3_jpg.rf.bdb103c2ce9efc9ec420bdcb6e63b087.jpg</path>
	<source>
		<database>roboflow.ai</database>
	</source>
	<size>
		<width>416</width>
		<height>416</height>
		<depth>3</depth>
	</size>
	<segmented>0</segmented>
	<object>
		<name>Komedo</name>
		<pose>Unspecified</pose>
		<truncated>0</truncated>
		<difficult>0</difficult>
		<occluded>0</occluded>
		<bndbox>
			<xmin>192</xmin>
			<xmax>280</xmax>
			<ymin>138</ymin>
			<ymax>193</ymax>
		</bndbox>
	</object>
	<object>
		<name>Komedo</name>
		<pose>Unspecified</pose>
		<truncated>0</truncated>
		<difficult>0</difficult>
		<occluded>0</occluded>
		<bndbox>
			<xmin>115</xmin>
			<xmax>181</xmax>
			<ymin>146</ymin>
			<ymax>198</ymax>
		</bndbox>
	</object>
	<object>
		<name>Komedo</name>
		<pose>Unspecified</pose>
		<truncated>0</truncated>
		<difficult>0</difficult>
		<occluded>0</occluded>
		<bndbox>
			<xmin>171</xmin>
			<xmax>241</xmax>
			<ymin>276</ymin>
			<ymax>333</ymax>
		</bndbox>
	</object>
	<object>
		<name>Komedo</name>
		<pose>Unspecified</pose>
		<truncated>0</truncated>
		<difficult>0</difficult>
		<occluded>0</occluded>
		<bndbox>
			<xmin>115</xmin>
			<xmax>225</xmax>
			<ymin>50</ymin>
			<ymax>102</ymax>
		</bndbox>
	</object>
</annotation>
