<annotation>
	<folder></folder>
	<filename>acne-open-comedo-49_jpg.rf.953f3d0289281ccda54aeafa43dfedec.jpg</filename>
	<path>acne-open-comedo-49_jpg.rf.953f3d0289281ccda54aeafa43dfedec.jpg</path>
	<source>
		<database>roboflow.ai</database>
	</source>
	<size>
		<width>416</width>
		<height>416</height>
		<depth>3</depth>
	</size>
	<segmented>0</segmented>
	<object>
		<name>Komedo</name>
		<pose>Unspecified</pose>
		<truncated>0</truncated>
		<difficult>0</difficult>
		<occluded>0</occluded>
		<bndbox>
			<xmin>75</xmin>
			<xmax>264</xmax>
			<ymin>89</ymin>
			<ymax>199</ymax>
		</bndbox>
	</object>
	<object>
		<name>Komedo</name>
		<pose>Unspecified</pose>
		<truncated>0</truncated>
		<difficult>0</difficult>
		<occluded>0</occluded>
		<bndbox>
			<xmin>134</xmin>
			<xmax>290</xmax>
			<ymin>236</ymin>
			<ymax>343</ymax>
		</bndbox>
	</object>
	<object>
		<name>Jerawat</name>
		<pose>Unspecified</pose>
		<truncated>0</truncated>
		<difficult>0</difficult>
		<occluded>0</occluded>
		<bndbox>
			<xmin>232</xmin>
			<xmax>277</xmax>
			<ymin>268</ymin>
			<ymax>321</ymax>
		</bndbox>
	</object>
</annotation>
