<annotation>
	<folder></folder>
	<filename>acne-excoriated-16_jpg.rf.abd720e5689bd7b415eb34fdab51a54a.jpg</filename>
	<path>acne-excoriated-16_jpg.rf.abd720e5689bd7b415eb34fdab51a54a.jpg</path>
	<source>
		<database>roboflow.ai</database>
	</source>
	<size>
		<width>416</width>
		<height>416</height>
		<depth>3</depth>
	</size>
	<segmented>0</segmented>
	<object>
		<name>Jerawat</name>
		<pose>Unspecified</pose>
		<truncated>0</truncated>
		<difficult>0</difficult>
		<occluded>0</occluded>
		<bndbox>
			<xmin>102</xmin>
			<xmax>176</xmax>
			<ymin>63</ymin>
			<ymax>128</ymax>
		</bndbox>
	</object>
	<object>
		<name>Jerawat</name>
		<pose>Unspecified</pose>
		<truncated>0</truncated>
		<difficult>0</difficult>
		<occluded>0</occluded>
		<bndbox>
			<xmin>253</xmin>
			<xmax>330</xmax>
			<ymin>66</ymin>
			<ymax>127</ymax>
		</bndbox>
	</object>
	<object>
		<name>Jerawat</name>
		<pose>Unspecified</pose>
		<truncated>0</truncated>
		<difficult>0</difficult>
		<occluded>0</occluded>
		<bndbox>
			<xmin>173</xmin>
			<xmax>242</xmax>
			<ymin>322</ymin>
			<ymax>363</ymax>
		</bndbox>
	</object>
</annotation>
