<annotation>
	<folder></folder>
	<filename>acne-red-spots-scars-face-asian-young-woman-acne-red-spots-scars-face-243851111_jpg.rf.ee91dbd6858fa41238be3de216a8bcdc.jpg</filename>
	<path>acne-red-spots-scars-face-asian-young-woman-acne-red-spots-scars-face-243851111_jpg.rf.ee91dbd6858fa41238be3de216a8bcdc.jpg</path>
	<source>
		<database>roboflow.ai</database>
	</source>
	<size>
		<width>416</width>
		<height>416</height>
		<depth>3</depth>
	</size>
	<segmented>0</segmented>
	<object>
		<name>Jerawat</name>
		<pose>Unspecified</pose>
		<truncated>0</truncated>
		<difficult>0</difficult>
		<occluded>0</occluded>
		<bndbox>
			<xmin>225</xmin>
			<xmax>302</xmax>
			<ymin>109</ymin>
			<ymax>232</ymax>
		</bndbox>
	</object>
	<object>
		<name>Jerawat</name>
		<pose>Unspecified</pose>
		<truncated>0</truncated>
		<difficult>0</difficult>
		<occluded>0</occluded>
		<bndbox>
			<xmin>192</xmin>
			<xmax>244</xmax>
			<ymin>231</ymin>
			<ymax>270</ymax>
		</bndbox>
	</object>
	<object>
		<name>Jerawat</name>
		<pose>Unspecified</pose>
		<truncated>0</truncated>
		<difficult>0</difficult>
		<occluded>0</occluded>
		<bndbox>
			<xmin>94</xmin>
			<xmax>135</xmax>
			<ymin>286</ymin>
			<ymax>343</ymax>
		</bndbox>
	</object>
</annotation>
