<annotation>
	<folder></folder>
	<filename>acne-open-comedo-56_jpg.rf.ae009ed9a6a79472191e0283d44819de.jpg</filename>
	<path>acne-open-comedo-56_jpg.rf.ae009ed9a6a79472191e0283d44819de.jpg</path>
	<source>
		<database>roboflow.ai</database>
	</source>
	<size>
		<width>416</width>
		<height>416</height>
		<depth>3</depth>
	</size>
	<segmented>0</segmented>
	<object>
		<name>Komedo</name>
		<pose>Unspecified</pose>
		<truncated>0</truncated>
		<difficult>0</difficult>
		<occluded>0</occluded>
		<bndbox>
			<xmin>102</xmin>
			<xmax>208</xmax>
			<ymin>92</ymin>
			<ymax>197</ymax>
		</bndbox>
	</object>
	<object>
		<name>Komedo</name>
		<pose>Unspecified</pose>
		<truncated>0</truncated>
		<difficult>0</difficult>
		<occluded>0</occluded>
		<bndbox>
			<xmin>233</xmin>
			<xmax>311</xmax>
			<ymin>226</ymin>
			<ymax>329</ymax>
		</bndbox>
	</object>
</annotation>
