<annotation>
	<folder></folder>
	<filename>acne-open-comedo-26_jpg.rf.ff8426189e7df324c501c66478baf9a8.jpg</filename>
	<path>acne-open-comedo-26_jpg.rf.ff8426189e7df324c501c66478baf9a8.jpg</path>
	<source>
		<database>roboflow.ai</database>
	</source>
	<size>
		<width>416</width>
		<height>416</height>
		<depth>3</depth>
	</size>
	<segmented>0</segmented>
	<object>
		<name>Komedo</name>
		<pose>Unspecified</pose>
		<truncated>0</truncated>
		<difficult>0</difficult>
		<occluded>0</occluded>
		<bndbox>
			<xmin>11</xmin>
			<xmax>78</xmax>
			<ymin>218</ymin>
			<ymax>272</ymax>
		</bndbox>
	</object>
</annotation>
