<annotation>
	<folder></folder>
	<filename>acne-pustular-63_jpg.rf.3d3597b50f0c4aa2740c6fe3147d97a8.jpg</filename>
	<path>acne-pustular-63_jpg.rf.3d3597b50f0c4aa2740c6fe3147d97a8.jpg</path>
	<source>
		<database>roboflow.ai</database>
	</source>
	<size>
		<width>416</width>
		<height>416</height>
		<depth>3</depth>
	</size>
	<segmented>0</segmented>
	<object>
		<name>Jerawat</name>
		<pose>Unspecified</pose>
		<truncated>0</truncated>
		<difficult>0</difficult>
		<occluded>0</occluded>
		<bndbox>
			<xmin>115</xmin>
			<xmax>305</xmax>
			<ymin>47</ymin>
			<ymax>356</ymax>
		</bndbox>
	</object>
	<object>
		<name>Jerawat</name>
		<pose>Unspecified</pose>
		<truncated>0</truncated>
		<difficult>0</difficult>
		<occluded>0</occluded>
		<bndbox>
			<xmin>32</xmin>
			<xmax>109</xmax>
			<ymin>131</ymin>
			<ymax>317</ymax>
		</bndbox>
	</object>
</annotation>
