<annotation>
	<folder></folder>
	<filename>acne-open-comedo-11_jpg.rf.2e910b59600a7efb0050318576689c7d.jpg</filename>
	<path>acne-open-comedo-11_jpg.rf.2e910b59600a7efb0050318576689c7d.jpg</path>
	<source>
		<database>roboflow.ai</database>
	</source>
	<size>
		<width>416</width>
		<height>416</height>
		<depth>3</depth>
	</size>
	<segmented>0</segmented>
	<object>
		<name>Komedo</name>
		<pose>Unspecified</pose>
		<truncated>0</truncated>
		<difficult>0</difficult>
		<occluded>0</occluded>
		<bndbox>
			<xmin>160</xmin>
			<xmax>271</xmax>
			<ymin>169</ymin>
			<ymax>261</ymax>
		</bndbox>
	</object>
</annotation>
