<annotation>
	<folder></folder>
	<filename>acne-pustular-13_jpg.rf.9c43839ab0913aef876a7fb8ac144dc2.jpg</filename>
	<path>acne-pustular-13_jpg.rf.9c43839ab0913aef876a7fb8ac144dc2.jpg</path>
	<source>
		<database>roboflow.ai</database>
	</source>
	<size>
		<width>416</width>
		<height>416</height>
		<depth>3</depth>
	</size>
	<segmented>0</segmented>
	<object>
		<name>Jerawat</name>
		<pose>Unspecified</pose>
		<truncated>0</truncated>
		<difficult>0</difficult>
		<occluded>0</occluded>
		<bndbox>
			<xmin>84</xmin>
			<xmax>186</xmax>
			<ymin>100</ymin>
			<ymax>202</ymax>
		</bndbox>
	</object>
	<object>
		<name>Jerawat</name>
		<pose>Unspecified</pose>
		<truncated>0</truncated>
		<difficult>0</difficult>
		<occluded>0</occluded>
		<bndbox>
			<xmin>108</xmin>
			<xmax>202</xmax>
			<ymin>225</ymin>
			<ymax>326</ymax>
		</bndbox>
	</object>
</annotation>
