<annotation>
	<folder></folder>
	<filename>acne-excoriated-6_jpg.rf.a452446d747f41de0bc55482721e989b.jpg</filename>
	<path>acne-excoriated-6_jpg.rf.a452446d747f41de0bc55482721e989b.jpg</path>
	<source>
		<database>roboflow.ai</database>
	</source>
	<size>
		<width>416</width>
		<height>416</height>
		<depth>3</depth>
	</size>
	<segmented>0</segmented>
	<object>
		<name>Jerawat</name>
		<pose>Unspecified</pose>
		<truncated>0</truncated>
		<difficult>0</difficult>
		<occluded>0</occluded>
		<bndbox>
			<xmin>24</xmin>
			<xmax>77</xmax>
			<ymin>108</ymin>
			<ymax>165</ymax>
		</bndbox>
	</object>
	<object>
		<name>Jerawat</name>
		<pose>Unspecified</pose>
		<truncated>0</truncated>
		<difficult>0</difficult>
		<occluded>0</occluded>
		<bndbox>
			<xmin>304</xmin>
			<xmax>356</xmax>
			<ymin>124</ymin>
			<ymax>189</ymax>
		</bndbox>
	</object>
	<object>
		<name>Jerawat</name>
		<pose>Unspecified</pose>
		<truncated>0</truncated>
		<difficult>0</difficult>
		<occluded>0</occluded>
		<bndbox>
			<xmin>190</xmin>
			<xmax>235</xmax>
			<ymin>157</ymin>
			<ymax>214</ymax>
		</bndbox>
	</object>
	<object>
		<name>Jerawat</name>
		<pose>Unspecified</pose>
		<truncated>0</truncated>
		<difficult>0</difficult>
		<occluded>0</occluded>
		<bndbox>
			<xmin>292</xmin>
			<xmax>322</xmax>
			<ymin>324</ymin>
			<ymax>378</ymax>
		</bndbox>
	</object>
</annotation>
