<annotation>
	<folder></folder>
	<filename>acneVulgaris_51158_sm_jpg.rf.87b79837dbb908c31631cbd237bcf46a.jpg</filename>
	<path>acneVulgaris_51158_sm_jpg.rf.87b79837dbb908c31631cbd237bcf46a.jpg</path>
	<source>
		<database>roboflow.ai</database>
	</source>
	<size>
		<width>416</width>
		<height>416</height>
		<depth>3</depth>
	</size>
	<segmented>0</segmented>
	<object>
		<name>Jerawat</name>
		<pose>Unspecified</pose>
		<truncated>0</truncated>
		<difficult>0</difficult>
		<occluded>0</occluded>
		<bndbox>
			<xmin>140</xmin>
			<xmax>327</xmax>
			<ymin>50</ymin>
			<ymax>403</ymax>
		</bndbox>
	</object>
</annotation>
