<annotation>
	<folder></folder>
	<filename>acne-cystic-57_jpg.rf.6efd3c9a7fb19b67a7e216d229bbc9fc.jpg</filename>
	<path>acne-cystic-57_jpg.rf.6efd3c9a7fb19b67a7e216d229bbc9fc.jpg</path>
	<source>
		<database>roboflow.ai</database>
	</source>
	<size>
		<width>416</width>
		<height>416</height>
		<depth>3</depth>
	</size>
	<segmented>0</segmented>
	<object>
		<name>Jerawat</name>
		<pose>Unspecified</pose>
		<truncated>0</truncated>
		<difficult>0</difficult>
		<occluded>0</occluded>
		<bndbox>
			<xmin>54</xmin>
			<xmax>116</xmax>
			<ymin>211</ymin>
			<ymax>305</ymax>
		</bndbox>
	</object>
	<object>
		<name>Jerawat</name>
		<pose>Unspecified</pose>
		<truncated>0</truncated>
		<difficult>0</difficult>
		<occluded>0</occluded>
		<bndbox>
			<xmin>303</xmin>
			<xmax>337</xmax>
			<ymin>247</ymin>
			<ymax>299</ymax>
		</bndbox>
	</object>
	<object>
		<name>Jerawat</name>
		<pose>Unspecified</pose>
		<truncated>0</truncated>
		<difficult>0</difficult>
		<occluded>0</occluded>
		<bndbox>
			<xmin>236</xmin>
			<xmax>255</xmax>
			<ymin>249</ymin>
			<ymax>300</ymax>
		</bndbox>
	</object>
</annotation>
