<annotation>
	<folder></folder>
	<filename>acne-Closed-Comedo_jpg.rf.d47eb25ab42d4a828014eb30728cce27.jpg</filename>
	<path>acne-Closed-Comedo_jpg.rf.d47eb25ab42d4a828014eb30728cce27.jpg</path>
	<source>
		<database>roboflow.ai</database>
	</source>
	<size>
		<width>416</width>
		<height>416</height>
		<depth>3</depth>
	</size>
	<segmented>0</segmented>
	<object>
		<name>Komedo</name>
		<pose>Unspecified</pose>
		<truncated>0</truncated>
		<difficult>0</difficult>
		<occluded>0</occluded>
		<bndbox>
			<xmin>189</xmin>
			<xmax>263</xmax>
			<ymin>127</ymin>
			<ymax>187</ymax>
		</bndbox>
	</object>
	<object>
		<name>Komedo</name>
		<pose>Unspecified</pose>
		<truncated>0</truncated>
		<difficult>0</difficult>
		<occluded>0</occluded>
		<bndbox>
			<xmin>90</xmin>
			<xmax>234</xmax>
			<ymin>227</ymin>
			<ymax>324</ymax>
		</bndbox>
	</object>
</annotation>
