<annotation>
	<folder></folder>
	<filename>acneVulgaris_51059_sm_jpg.rf.ae9a3386990bb8a6a25d6ecc18266e0b.jpg</filename>
	<path>acneVulgaris_51059_sm_jpg.rf.ae9a3386990bb8a6a25d6ecc18266e0b.jpg</path>
	<source>
		<database>roboflow.ai</database>
	</source>
	<size>
		<width>416</width>
		<height>416</height>
		<depth>3</depth>
	</size>
	<segmented>0</segmented>
	<object>
		<name>Jerawat</name>
		<pose>Unspecified</pose>
		<truncated>0</truncated>
		<difficult>0</difficult>
		<occluded>0</occluded>
		<bndbox>
			<xmin>7</xmin>
			<xmax>125</xmax>
			<ymin>1</ymin>
			<ymax>146</ymax>
		</bndbox>
	</object>
	<object>
		<name>Jerawat</name>
		<pose>Unspecified</pose>
		<truncated>0</truncated>
		<difficult>0</difficult>
		<occluded>0</occluded>
		<bndbox>
			<xmin>182</xmin>
			<xmax>283</xmax>
			<ymin>247</ymin>
			<ymax>372</ymax>
		</bndbox>
	</object>
	<object>
		<name>Jerawat</name>
		<pose>Unspecified</pose>
		<truncated>0</truncated>
		<difficult>0</difficult>
		<occluded>0</occluded>
		<bndbox>
			<xmin>300</xmin>
			<xmax>399</xmax>
			<ymin>258</ymin>
			<ymax>375</ymax>
		</bndbox>
	</object>
</annotation>
