<annotation>
	<folder></folder>
	<filename>acne-pustular-59_jpg.rf.ab59c2680a97b5a0a625ad9d1e865b55.jpg</filename>
	<path>acne-pustular-59_jpg.rf.ab59c2680a97b5a0a625ad9d1e865b55.jpg</path>
	<source>
		<database>roboflow.ai</database>
	</source>
	<size>
		<width>416</width>
		<height>416</height>
		<depth>3</depth>
	</size>
	<segmented>0</segmented>
	<object>
		<name>Jerawat</name>
		<pose>Unspecified</pose>
		<truncated>0</truncated>
		<difficult>0</difficult>
		<occluded>0</occluded>
		<bndbox>
			<xmin>134</xmin>
			<xmax>195</xmax>
			<ymin>115</ymin>
			<ymax>208</ymax>
		</bndbox>
	</object>
</annotation>
