<annotation>
	<folder></folder>
	<filename>acne-cystic-127_jpg.rf.83290b2eeeac20291ed95ae16c760d3e.jpg</filename>
	<path>acne-cystic-127_jpg.rf.83290b2eeeac20291ed95ae16c760d3e.jpg</path>
	<source>
		<database>roboflow.ai</database>
	</source>
	<size>
		<width>416</width>
		<height>416</height>
		<depth>3</depth>
	</size>
	<segmented>0</segmented>
	<object>
		<name>Jerawat</name>
		<pose>Unspecified</pose>
		<truncated>0</truncated>
		<difficult>0</difficult>
		<occluded>0</occluded>
		<bndbox>
			<xmin>152</xmin>
			<xmax>186</xmax>
			<ymin>225</ymin>
			<ymax>263</ymax>
		</bndbox>
	</object>
	<object>
		<name>Jerawat</name>
		<pose>Unspecified</pose>
		<truncated>0</truncated>
		<difficult>0</difficult>
		<occluded>0</occluded>
		<bndbox>
			<xmin>159</xmin>
			<xmax>279</xmax>
			<ymin>300</ymin>
			<ymax>377</ymax>
		</bndbox>
	</object>
	<object>
		<name>Jerawat</name>
		<pose>Unspecified</pose>
		<truncated>0</truncated>
		<difficult>0</difficult>
		<occluded>0</occluded>
		<bndbox>
			<xmin>180</xmin>
			<xmax>262</xmax>
			<ymin>22</ymin>
			<ymax>134</ymax>
		</bndbox>
	</object>
</annotation>
