<annotation>
	<folder></folder>
	<filename>acne-cystic-45_jpg.rf.36bb909f5a58d943190230c0ae528e2f.jpg</filename>
	<path>acne-cystic-45_jpg.rf.36bb909f5a58d943190230c0ae528e2f.jpg</path>
	<source>
		<database>roboflow.ai</database>
	</source>
	<size>
		<width>416</width>
		<height>416</height>
		<depth>3</depth>
	</size>
	<segmented>0</segmented>
	<object>
		<name>Jerawat</name>
		<pose>Unspecified</pose>
		<truncated>0</truncated>
		<difficult>0</difficult>
		<occluded>0</occluded>
		<bndbox>
			<xmin>41</xmin>
			<xmax>77</xmax>
			<ymin>74</ymin>
			<ymax>125</ymax>
		</bndbox>
	</object>
	<object>
		<name>Jerawat</name>
		<pose>Unspecified</pose>
		<truncated>0</truncated>
		<difficult>0</difficult>
		<occluded>0</occluded>
		<bndbox>
			<xmin>70</xmin>
			<xmax>119</xmax>
			<ymin>199</ymin>
			<ymax>260</ymax>
		</bndbox>
	</object>
	<object>
		<name>Jerawat</name>
		<pose>Unspecified</pose>
		<truncated>0</truncated>
		<difficult>0</difficult>
		<occluded>0</occluded>
		<bndbox>
			<xmin>275</xmin>
			<xmax>321</xmax>
			<ymin>227</ymin>
			<ymax>271</ymax>
		</bndbox>
	</object>
	<object>
		<name>Jerawat</name>
		<pose>Unspecified</pose>
		<truncated>0</truncated>
		<difficult>0</difficult>
		<occluded>0</occluded>
		<bndbox>
			<xmin>280</xmin>
			<xmax>322</xmax>
			<ymin>14</ymin>
			<ymax>64</ymax>
		</bndbox>
	</object>
</annotation>
