<annotation>
	<folder></folder>
	<filename>acne-pustular-4_jpg.rf.d4f61f004d942a1096c9c3d8499b6670.jpg</filename>
	<path>acne-pustular-4_jpg.rf.d4f61f004d942a1096c9c3d8499b6670.jpg</path>
	<source>
		<database>roboflow.ai</database>
	</source>
	<size>
		<width>416</width>
		<height>416</height>
		<depth>3</depth>
	</size>
	<segmented>0</segmented>
	<object>
		<name>Jerawat</name>
		<pose>Unspecified</pose>
		<truncated>0</truncated>
		<difficult>0</difficult>
		<occluded>0</occluded>
		<bndbox>
			<xmin>5</xmin>
			<xmax>416</xmax>
			<ymin>1</ymin>
			<ymax>202</ymax>
		</bndbox>
	</object>
	<object>
		<name>Jerawat</name>
		<pose>Unspecified</pose>
		<truncated>0</truncated>
		<difficult>0</difficult>
		<occluded>0</occluded>
		<bndbox>
			<xmin>5</xmin>
			<xmax>416</xmax>
			<ymin>217</ymin>
			<ymax>318</ymax>
		</bndbox>
	</object>
</annotation>
