<annotation>
	<folder></folder>
	<filename>acne-open-comedo-57_jpg.rf.25f58ea5cf9b80468e184310930b45fe.jpg</filename>
	<path>acne-open-comedo-57_jpg.rf.25f58ea5cf9b80468e184310930b45fe.jpg</path>
	<source>
		<database>roboflow.ai</database>
	</source>
	<size>
		<width>416</width>
		<height>416</height>
		<depth>3</depth>
	</size>
	<segmented>0</segmented>
	<object>
		<name>Komedo</name>
		<pose>Unspecified</pose>
		<truncated>0</truncated>
		<difficult>0</difficult>
		<occluded>0</occluded>
		<bndbox>
			<xmin>127</xmin>
			<xmax>292</xmax>
			<ymin>73</ymin>
			<ymax>200</ymax>
		</bndbox>
	</object>
	<object>
		<name>Komedo</name>
		<pose>Unspecified</pose>
		<truncated>0</truncated>
		<difficult>0</difficult>
		<occluded>0</occluded>
		<bndbox>
			<xmin>140</xmin>
			<xmax>294</xmax>
			<ymin>228</ymin>
			<ymax>366</ymax>
		</bndbox>
	</object>
</annotation>
