<annotation>
	<folder></folder>
	<filename>acne-scar-5_jpg.rf.a0ab79a7d55f309fdf81aacc9eb95ec0.jpg</filename>
	<path>acne-scar-5_jpg.rf.a0ab79a7d55f309fdf81aacc9eb95ec0.jpg</path>
	<source>
		<database>roboflow.ai</database>
	</source>
	<size>
		<width>416</width>
		<height>416</height>
		<depth>3</depth>
	</size>
	<segmented>0</segmented>
	<object>
		<name>Jerawat</name>
		<pose>Unspecified</pose>
		<truncated>0</truncated>
		<difficult>0</difficult>
		<occluded>0</occluded>
		<bndbox>
			<xmin>120</xmin>
			<xmax>221</xmax>
			<ymin>188</ymin>
			<ymax>338</ymax>
		</bndbox>
	</object>
</annotation>
