<annotation>
	<folder></folder>
	<filename>acneVulgaris_42006_sm_jpg.rf.b76ba1724164e4e0e1b80bcbb6fa27d9.jpg</filename>
	<path>acneVulgaris_42006_sm_jpg.rf.b76ba1724164e4e0e1b80bcbb6fa27d9.jpg</path>
	<source>
		<database>roboflow.ai</database>
	</source>
	<size>
		<width>416</width>
		<height>416</height>
		<depth>3</depth>
	</size>
	<segmented>0</segmented>
	<object>
		<name>Jerawat</name>
		<pose>Unspecified</pose>
		<truncated>0</truncated>
		<difficult>0</difficult>
		<occluded>0</occluded>
		<bndbox>
			<xmin>171</xmin>
			<xmax>388</xmax>
			<ymin>1</ymin>
			<ymax>373</ymax>
		</bndbox>
	</object>
</annotation>
