<annotation>
	<folder></folder>
	<filename>acne-closed-comedo-32_jpg.rf.ddc3670b2f0adb3cf0491d2e57930992.jpg</filename>
	<path>acne-closed-comedo-32_jpg.rf.ddc3670b2f0adb3cf0491d2e57930992.jpg</path>
	<source>
		<database>roboflow.ai</database>
	</source>
	<size>
		<width>416</width>
		<height>416</height>
		<depth>3</depth>
	</size>
	<segmented>0</segmented>
	<object>
		<name>Komedo</name>
		<pose>Unspecified</pose>
		<truncated>0</truncated>
		<difficult>0</difficult>
		<occluded>0</occluded>
		<bndbox>
			<xmin>147</xmin>
			<xmax>238</xmax>
			<ymin>105</ymin>
			<ymax>199</ymax>
		</bndbox>
	</object>
	<object>
		<name>Komedo</name>
		<pose>Unspecified</pose>
		<truncated>0</truncated>
		<difficult>0</difficult>
		<occluded>0</occluded>
		<bndbox>
			<xmin>26</xmin>
			<xmax>138</xmax>
			<ymin>172</ymin>
			<ymax>282</ymax>
		</bndbox>
	</object>
	<object>
		<name>Jerawat</name>
		<pose>Unspecified</pose>
		<truncated>0</truncated>
		<difficult>0</difficult>
		<occluded>0</occluded>
		<bndbox>
			<xmin>323</xmin>
			<xmax>362</xmax>
			<ymin>15</ymin>
			<ymax>69</ymax>
		</bndbox>
	</object>
</annotation>
