<annotation>
	<folder></folder>
	<filename>acne-open-comedo-65_jpg.rf.2a920d4a7338b26b6bc96b78657c1cea.jpg</filename>
	<path>acne-open-comedo-65_jpg.rf.2a920d4a7338b26b6bc96b78657c1cea.jpg</path>
	<source>
		<database>roboflow.ai</database>
	</source>
	<size>
		<width>416</width>
		<height>416</height>
		<depth>3</depth>
	</size>
	<segmented>0</segmented>
	<object>
		<name>Komedo</name>
		<pose>Unspecified</pose>
		<truncated>0</truncated>
		<difficult>0</difficult>
		<occluded>0</occluded>
		<bndbox>
			<xmin>168</xmin>
			<xmax>278</xmax>
			<ymin>102</ymin>
			<ymax>173</ymax>
		</bndbox>
	</object>
	<object>
		<name>Komedo</name>
		<pose>Unspecified</pose>
		<truncated>0</truncated>
		<difficult>0</difficult>
		<occluded>0</occluded>
		<bndbox>
			<xmin>6</xmin>
			<xmax>158</xmax>
			<ymin>103</ymin>
			<ymax>202</ymax>
		</bndbox>
	</object>
	<object>
		<name>Komedo</name>
		<pose>Unspecified</pose>
		<truncated>0</truncated>
		<difficult>0</difficult>
		<occluded>0</occluded>
		<bndbox>
			<xmin>7</xmin>
			<xmax>226</xmax>
			<ymin>221</ymin>
			<ymax>321</ymax>
		</bndbox>
	</object>
</annotation>
