<annotation>
	<folder></folder>
	<filename>acne-pustular-29_jpg.rf.67e2d8fdaa40db1dde0159653e69175a.jpg</filename>
	<path>acne-pustular-29_jpg.rf.67e2d8fdaa40db1dde0159653e69175a.jpg</path>
	<source>
		<database>roboflow.ai</database>
	</source>
	<size>
		<width>416</width>
		<height>416</height>
		<depth>3</depth>
	</size>
	<segmented>0</segmented>
	<object>
		<name>Jerawat</name>
		<pose>Unspecified</pose>
		<truncated>0</truncated>
		<difficult>0</difficult>
		<occluded>0</occluded>
		<bndbox>
			<xmin>224</xmin>
			<xmax>270</xmax>
			<ymin>85</ymin>
			<ymax>143</ymax>
		</bndbox>
	</object>
	<object>
		<name>Jerawat</name>
		<pose>Unspecified</pose>
		<truncated>0</truncated>
		<difficult>0</difficult>
		<occluded>0</occluded>
		<bndbox>
			<xmin>187</xmin>
			<xmax>243</xmax>
			<ymin>124</ymin>
			<ymax>196</ymax>
		</bndbox>
	</object>
</annotation>
