<annotation>
	<folder></folder>
	<filename>acne-scar-2_jpg.rf.08fdf69dd33e9aa55bf9bcc6a50924a7.jpg</filename>
	<path>acne-scar-2_jpg.rf.08fdf69dd33e9aa55bf9bcc6a50924a7.jpg</path>
	<source>
		<database>roboflow.ai</database>
	</source>
	<size>
		<width>416</width>
		<height>416</height>
		<depth>3</depth>
	</size>
	<segmented>0</segmented>
	<object>
		<name>Jerawat</name>
		<pose>Unspecified</pose>
		<truncated>0</truncated>
		<difficult>0</difficult>
		<occluded>0</occluded>
		<bndbox>
			<xmin>295</xmin>
			<xmax>345</xmax>
			<ymin>1</ymin>
			<ymax>42</ymax>
		</bndbox>
	</object>
	<object>
		<name>Jerawat</name>
		<pose>Unspecified</pose>
		<truncated>0</truncated>
		<difficult>0</difficult>
		<occluded>0</occluded>
		<bndbox>
			<xmin>216</xmin>
			<xmax>350</xmax>
			<ymin>145</ymin>
			<ymax>335</ymax>
		</bndbox>
	</object>
</annotation>
