<annotation>
	<folder></folder>
	<filename>acneVulgaris_51164_sm_jpg.rf.9b735f66ef9dd7f2f0d992501c312ef0.jpg</filename>
	<path>acneVulgaris_51164_sm_jpg.rf.9b735f66ef9dd7f2f0d992501c312ef0.jpg</path>
	<source>
		<database>roboflow.ai</database>
	</source>
	<size>
		<width>416</width>
		<height>416</height>
		<depth>3</depth>
	</size>
	<segmented>0</segmented>
	<object>
		<name>Jerawat</name>
		<pose>Unspecified</pose>
		<truncated>0</truncated>
		<difficult>0</difficult>
		<occluded>0</occluded>
		<bndbox>
			<xmin>40</xmin>
			<xmax>100</xmax>
			<ymin>354</ymin>
			<ymax>413</ymax>
		</bndbox>
	</object>
</annotation>
