<annotation>
	<folder></folder>
	<filename>acne-open-comedo-71_jpg.rf.d55e4fd50a623b52cc344b5974a7e82a.jpg</filename>
	<path>acne-open-comedo-71_jpg.rf.d55e4fd50a623b52cc344b5974a7e82a.jpg</path>
	<source>
		<database>roboflow.ai</database>
	</source>
	<size>
		<width>416</width>
		<height>416</height>
		<depth>3</depth>
	</size>
	<segmented>0</segmented>
	<object>
		<name>Komedo</name>
		<pose>Unspecified</pose>
		<truncated>0</truncated>
		<difficult>0</difficult>
		<occluded>0</occluded>
		<bndbox>
			<xmin>206</xmin>
			<xmax>416</xmax>
			<ymin>1</ymin>
			<ymax>209</ymax>
		</bndbox>
	</object>
	<object>
		<name>Komedo</name>
		<pose>Unspecified</pose>
		<truncated>0</truncated>
		<difficult>0</difficult>
		<occluded>0</occluded>
		<bndbox>
			<xmin>15</xmin>
			<xmax>236</xmax>
			<ymin>241</ymin>
			<ymax>398</ymax>
		</bndbox>
	</object>
</annotation>
