<annotation>
	<folder></folder>
	<filename>acne-open-comedo-46_jpg.rf.c529f7168e10c28bacf0eae48f0dd4fa.jpg</filename>
	<path>acne-open-comedo-46_jpg.rf.c529f7168e10c28bacf0eae48f0dd4fa.jpg</path>
	<source>
		<database>roboflow.ai</database>
	</source>
	<size>
		<width>416</width>
		<height>416</height>
		<depth>3</depth>
	</size>
	<segmented>0</segmented>
	<object>
		<name>Komedo</name>
		<pose>Unspecified</pose>
		<truncated>0</truncated>
		<difficult>0</difficult>
		<occluded>0</occluded>
		<bndbox>
			<xmin>1</xmin>
			<xmax>269</xmax>
			<ymin>223</ymin>
			<ymax>416</ymax>
		</bndbox>
	</object>
</annotation>
