<annotation>
	<folder></folder>
	<filename>acne-closed-comedo-22_jpg.rf.048793f468ddd138c7c44fe364f6a723.jpg</filename>
	<path>acne-closed-comedo-22_jpg.rf.048793f468ddd138c7c44fe364f6a723.jpg</path>
	<source>
		<database>roboflow.ai</database>
	</source>
	<size>
		<width>416</width>
		<height>416</height>
		<depth>3</depth>
	</size>
	<segmented>0</segmented>
	<object>
		<name>Komedo</name>
		<pose>Unspecified</pose>
		<truncated>0</truncated>
		<difficult>0</difficult>
		<occluded>0</occluded>
		<bndbox>
			<xmin>174</xmin>
			<xmax>225</xmax>
			<ymin>123</ymin>
			<ymax>177</ymax>
		</bndbox>
	</object>
	<object>
		<name>Komedo</name>
		<pose>Unspecified</pose>
		<truncated>0</truncated>
		<difficult>0</difficult>
		<occluded>0</occluded>
		<bndbox>
			<xmin>245</xmin>
			<xmax>325</xmax>
			<ymin>147</ymin>
			<ymax>240</ymax>
		</bndbox>
	</object>
	<object>
		<name>Komedo</name>
		<pose>Unspecified</pose>
		<truncated>0</truncated>
		<difficult>0</difficult>
		<occluded>0</occluded>
		<bndbox>
			<xmin>180</xmin>
			<xmax>285</xmax>
			<ymin>222</ymin>
			<ymax>296</ymax>
		</bndbox>
	</object>
</annotation>
