<annotation>
	<folder></folder>
	<filename>acne-excoriated-5_jpg.rf.3c028b132786bc574b8d7c82cec429b3.jpg</filename>
	<path>acne-excoriated-5_jpg.rf.3c028b132786bc574b8d7c82cec429b3.jpg</path>
	<source>
		<database>roboflow.ai</database>
	</source>
	<size>
		<width>416</width>
		<height>416</height>
		<depth>3</depth>
	</size>
	<segmented>0</segmented>
	<object>
		<name>Jerawat</name>
		<pose>Unspecified</pose>
		<truncated>0</truncated>
		<difficult>0</difficult>
		<occluded>0</occluded>
		<bndbox>
			<xmin>44</xmin>
			<xmax>98</xmax>
			<ymin>79</ymin>
			<ymax>145</ymax>
		</bndbox>
	</object>
	<object>
		<name>Jerawat</name>
		<pose>Unspecified</pose>
		<truncated>0</truncated>
		<difficult>0</difficult>
		<occluded>0</occluded>
		<bndbox>
			<xmin>219</xmin>
			<xmax>280</xmax>
			<ymin>97</ymin>
			<ymax>182</ymax>
		</bndbox>
	</object>
	<object>
		<name>Jerawat</name>
		<pose>Unspecified</pose>
		<truncated>0</truncated>
		<difficult>0</difficult>
		<occluded>0</occluded>
		<bndbox>
			<xmin>191</xmin>
			<xmax>241</xmax>
			<ymin>249</ymin>
			<ymax>337</ymax>
		</bndbox>
	</object>
</annotation>
