<annotation>
	<folder></folder>
	<filename>acneVulgaris_51155_sm_jpg.rf.28e07d59c28980f523d72954f7082441.jpg</filename>
	<path>acneVulgaris_51155_sm_jpg.rf.28e07d59c28980f523d72954f7082441.jpg</path>
	<source>
		<database>roboflow.ai</database>
	</source>
	<size>
		<width>416</width>
		<height>416</height>
		<depth>3</depth>
	</size>
	<segmented>0</segmented>
	<object>
		<name>Jerawat</name>
		<pose>Unspecified</pose>
		<truncated>0</truncated>
		<difficult>0</difficult>
		<occluded>0</occluded>
		<bndbox>
			<xmin>191</xmin>
			<xmax>333</xmax>
			<ymin>48</ymin>
			<ymax>216</ymax>
		</bndbox>
	</object>
	<object>
		<name>Jerawat</name>
		<pose>Unspecified</pose>
		<truncated>0</truncated>
		<difficult>0</difficult>
		<occluded>0</occluded>
		<bndbox>
			<xmin>104</xmin>
			<xmax>186</xmax>
			<ymin>107</ymin>
			<ymax>210</ymax>
		</bndbox>
	</object>
	<object>
		<name>Jerawat</name>
		<pose>Unspecified</pose>
		<truncated>0</truncated>
		<difficult>0</difficult>
		<occluded>0</occluded>
		<bndbox>
			<xmin>62</xmin>
			<xmax>109</xmax>
			<ymin>345</ymin>
			<ymax>416</ymax>
		</bndbox>
	</object>
</annotation>
