<annotation>
	<folder></folder>
	<filename>acne-pustular-30_jpg.rf.b2743a3641765aee9f328adcb90eef60.jpg</filename>
	<path>acne-pustular-30_jpg.rf.b2743a3641765aee9f328adcb90eef60.jpg</path>
	<source>
		<database>roboflow.ai</database>
	</source>
	<size>
		<width>416</width>
		<height>416</height>
		<depth>3</depth>
	</size>
	<segmented>0</segmented>
	<object>
		<name>Jerawat</name>
		<pose>Unspecified</pose>
		<truncated>0</truncated>
		<difficult>0</difficult>
		<occluded>0</occluded>
		<bndbox>
			<xmin>134</xmin>
			<xmax>172</xmax>
			<ymin>94</ymin>
			<ymax>137</ymax>
		</bndbox>
	</object>
	<object>
		<name>Jerawat</name>
		<pose>Unspecified</pose>
		<truncated>0</truncated>
		<difficult>0</difficult>
		<occluded>0</occluded>
		<bndbox>
			<xmin>225</xmin>
			<xmax>265</xmax>
			<ymin>353</ymin>
			<ymax>394</ymax>
		</bndbox>
	</object>
</annotation>
