<annotation>
	<folder></folder>
	<filename>acne-closed-comedo-13_jpg.rf.804c3c83dc7ca18833bc063789a1714e.jpg</filename>
	<path>acne-closed-comedo-13_jpg.rf.804c3c83dc7ca18833bc063789a1714e.jpg</path>
	<source>
		<database>roboflow.ai</database>
	</source>
	<size>
		<width>416</width>
		<height>416</height>
		<depth>3</depth>
	</size>
	<segmented>0</segmented>
	<object>
		<name>Komedo</name>
		<pose>Unspecified</pose>
		<truncated>0</truncated>
		<difficult>0</difficult>
		<occluded>0</occluded>
		<bndbox>
			<xmin>80</xmin>
			<xmax>371</xmax>
			<ymin>33</ymin>
			<ymax>191</ymax>
		</bndbox>
	</object>
	<object>
		<name>Komedo</name>
		<pose>Unspecified</pose>
		<truncated>0</truncated>
		<difficult>0</difficult>
		<occluded>0</occluded>
		<bndbox>
			<xmin>82</xmin>
			<xmax>361</xmax>
			<ymin>236</ymin>
			<ymax>377</ymax>
		</bndbox>
	</object>
</annotation>
