<annotation>
	<folder></folder>
	<filename>acne-pustular-41_jpg.rf.261b715048509ee7a3468177486705be.jpg</filename>
	<path>acne-pustular-41_jpg.rf.261b715048509ee7a3468177486705be.jpg</path>
	<source>
		<database>roboflow.ai</database>
	</source>
	<size>
		<width>416</width>
		<height>416</height>
		<depth>3</depth>
	</size>
	<segmented>0</segmented>
	<object>
		<name>Jerawat</name>
		<pose>Unspecified</pose>
		<truncated>0</truncated>
		<difficult>0</difficult>
		<occluded>0</occluded>
		<bndbox>
			<xmin>128</xmin>
			<xmax>257</xmax>
			<ymin>138</ymin>
			<ymax>216</ymax>
		</bndbox>
	</object>
	<object>
		<name>Jerawat</name>
		<pose>Unspecified</pose>
		<truncated>0</truncated>
		<difficult>0</difficult>
		<occluded>0</occluded>
		<bndbox>
			<xmin>44</xmin>
			<xmax>121</xmax>
			<ymin>168</ymin>
			<ymax>292</ymax>
		</bndbox>
	</object>
</annotation>
