<annotation>
	<folder></folder>
	<filename>acne-open-comedo-25_jpg.rf.c392a5fa9aef5368e873b756c545e28b.jpg</filename>
	<path>acne-open-comedo-25_jpg.rf.c392a5fa9aef5368e873b756c545e28b.jpg</path>
	<source>
		<database>roboflow.ai</database>
	</source>
	<size>
		<width>416</width>
		<height>416</height>
		<depth>3</depth>
	</size>
	<segmented>0</segmented>
	<object>
		<name>Komedo</name>
		<pose>Unspecified</pose>
		<truncated>0</truncated>
		<difficult>0</difficult>
		<occluded>0</occluded>
		<bndbox>
			<xmin>70</xmin>
			<xmax>141</xmax>
			<ymin>216</ymin>
			<ymax>270</ymax>
		</bndbox>
	</object>
</annotation>
