<annotation>
	<folder></folder>
	<filename>acne-open-comedo-22_jpg.rf.2e64a9a8314d113ebeb0aa5885097bdb.jpg</filename>
	<path>acne-open-comedo-22_jpg.rf.2e64a9a8314d113ebeb0aa5885097bdb.jpg</path>
	<source>
		<database>roboflow.ai</database>
	</source>
	<size>
		<width>416</width>
		<height>416</height>
		<depth>3</depth>
	</size>
	<segmented>0</segmented>
	<object>
		<name>Komedo</name>
		<pose>Unspecified</pose>
		<truncated>0</truncated>
		<difficult>0</difficult>
		<occluded>0</occluded>
		<bndbox>
			<xmin>95</xmin>
			<xmax>202</xmax>
			<ymin>35</ymin>
			<ymax>98</ymax>
		</bndbox>
	</object>
	<object>
		<name>Komedo</name>
		<pose>Unspecified</pose>
		<truncated>0</truncated>
		<difficult>0</difficult>
		<occluded>0</occluded>
		<bndbox>
			<xmin>216</xmin>
			<xmax>331</xmax>
			<ymin>87</ymin>
			<ymax>204</ymax>
		</bndbox>
	</object>
	<object>
		<name>Komedo</name>
		<pose>Unspecified</pose>
		<truncated>0</truncated>
		<difficult>0</difficult>
		<occluded>0</occluded>
		<bndbox>
			<xmin>150</xmin>
			<xmax>240</xmax>
			<ymin>227</ymin>
			<ymax>311</ymax>
		</bndbox>
	</object>
	<object>
		<name>Komedo</name>
		<pose>Unspecified</pose>
		<truncated>0</truncated>
		<difficult>0</difficult>
		<occluded>0</occluded>
		<bndbox>
			<xmin>6</xmin>
			<xmax>173</xmax>
			<ymin>287</ymin>
			<ymax>349</ymax>
		</bndbox>
	</object>
</annotation>
