<annotation>
	<folder></folder>
	<filename>acne-closed-comedo-17_jpg.rf.31096133637420e0ba58b2fb5fd3727d.jpg</filename>
	<path>acne-closed-comedo-17_jpg.rf.31096133637420e0ba58b2fb5fd3727d.jpg</path>
	<source>
		<database>roboflow.ai</database>
	</source>
	<size>
		<width>416</width>
		<height>416</height>
		<depth>3</depth>
	</size>
	<segmented>0</segmented>
	<object>
		<name>Komedo</name>
		<pose>Unspecified</pose>
		<truncated>0</truncated>
		<difficult>0</difficult>
		<occluded>0</occluded>
		<bndbox>
			<xmin>163</xmin>
			<xmax>276</xmax>
			<ymin>119</ymin>
			<ymax>196</ymax>
		</bndbox>
	</object>
	<object>
		<name>Komedo</name>
		<pose>Unspecified</pose>
		<truncated>0</truncated>
		<difficult>0</difficult>
		<occluded>0</occluded>
		<bndbox>
			<xmin>11</xmin>
			<xmax>108</xmax>
			<ymin>99</ymin>
			<ymax>364</ymax>
		</bndbox>
	</object>
	<object>
		<name>Komedo</name>
		<pose>Unspecified</pose>
		<truncated>0</truncated>
		<difficult>0</difficult>
		<occluded>0</occluded>
		<bndbox>
			<xmin>177</xmin>
			<xmax>321</xmax>
			<ymin>255</ymin>
			<ymax>400</ymax>
		</bndbox>
	</object>
</annotation>
