<annotation>
	<folder></folder>
	<filename>acne-closed-comedo-34_jpg.rf.864c637e69756aba52218fa22465e880.jpg</filename>
	<path>acne-closed-comedo-34_jpg.rf.864c637e69756aba52218fa22465e880.jpg</path>
	<source>
		<database>roboflow.ai</database>
	</source>
	<size>
		<width>416</width>
		<height>416</height>
		<depth>3</depth>
	</size>
	<segmented>0</segmented>
	<object>
		<name>Jerawat</name>
		<pose>Unspecified</pose>
		<truncated>0</truncated>
		<difficult>0</difficult>
		<occluded>0</occluded>
		<bndbox>
			<xmin>100</xmin>
			<xmax>303</xmax>
			<ymin>53</ymin>
			<ymax>193</ymax>
		</bndbox>
	</object>
	<object>
		<name>Jerawat</name>
		<pose>Unspecified</pose>
		<truncated>0</truncated>
		<difficult>0</difficult>
		<occluded>0</occluded>
		<bndbox>
			<xmin>304</xmin>
			<xmax>416</xmax>
			<ymin>172</ymin>
			<ymax>409</ymax>
		</bndbox>
	</object>
	<object>
		<name>Jerawat</name>
		<pose>Unspecified</pose>
		<truncated>0</truncated>
		<difficult>0</difficult>
		<occluded>0</occluded>
		<bndbox>
			<xmin>41</xmin>
			<xmax>297</xmax>
			<ymin>223</ymin>
			<ymax>407</ymax>
		</bndbox>
	</object>
</annotation>
