<annotation>
	<folder></folder>
	<filename>acne-scar-1_jpg.rf.a941abfa2d3c770b2165f9684627f585.jpg</filename>
	<path>acne-scar-1_jpg.rf.a941abfa2d3c770b2165f9684627f585.jpg</path>
	<source>
		<database>roboflow.ai</database>
	</source>
	<size>
		<width>416</width>
		<height>416</height>
		<depth>3</depth>
	</size>
	<segmented>0</segmented>
	<object>
		<name>Jerawat</name>
		<pose>Unspecified</pose>
		<truncated>0</truncated>
		<difficult>0</difficult>
		<occluded>0</occluded>
		<bndbox>
			<xmin>4</xmin>
			<xmax>370</xmax>
			<ymin>1</ymin>
			<ymax>332</ymax>
		</bndbox>
	</object>
</annotation>
