<annotation>
	<folder></folder>
	<filename>acne-pustular-69_jpg.rf.ff6bb3f71786ec1c945d7fdb0aefbd35.jpg</filename>
	<path>acne-pustular-69_jpg.rf.ff6bb3f71786ec1c945d7fdb0aefbd35.jpg</path>
	<source>
		<database>roboflow.ai</database>
	</source>
	<size>
		<width>416</width>
		<height>416</height>
		<depth>3</depth>
	</size>
	<segmented>0</segmented>
	<object>
		<name>Jerawat</name>
		<pose>Unspecified</pose>
		<truncated>0</truncated>
		<difficult>0</difficult>
		<occluded>0</occluded>
		<bndbox>
			<xmin>77</xmin>
			<xmax>189</xmax>
			<ymin>112</ymin>
			<ymax>205</ymax>
		</bndbox>
	</object>
	<object>
		<name>Jerawat</name>
		<pose>Unspecified</pose>
		<truncated>0</truncated>
		<difficult>0</difficult>
		<occluded>0</occluded>
		<bndbox>
			<xmin>51</xmin>
			<xmax>152</xmax>
			<ymin>200</ymin>
			<ymax>368</ymax>
		</bndbox>
	</object>
</annotation>
