<annotation>
	<folder></folder>
	<filename>acne-scar-8_jpg.rf.e92e07d2ebe78a1a0a36ed8ee023a4f2.jpg</filename>
	<path>acne-scar-8_jpg.rf.e92e07d2ebe78a1a0a36ed8ee023a4f2.jpg</path>
	<source>
		<database>roboflow.ai</database>
	</source>
	<size>
		<width>416</width>
		<height>416</height>
		<depth>3</depth>
	</size>
	<segmented>0</segmented>
	<object>
		<name>Jerawat</name>
		<pose>Unspecified</pose>
		<truncated>0</truncated>
		<difficult>0</difficult>
		<occluded>0</occluded>
		<bndbox>
			<xmin>73</xmin>
			<xmax>142</xmax>
			<ymin>148</ymin>
			<ymax>229</ymax>
		</bndbox>
	</object>
</annotation>
