<annotation>
	<folder></folder>
	<filename>acne-closed-comedo-6_jpg.rf.640cad3af4fc0c0bb1c760f2f0d9d592.jpg</filename>
	<path>acne-closed-comedo-6_jpg.rf.640cad3af4fc0c0bb1c760f2f0d9d592.jpg</path>
	<source>
		<database>roboflow.ai</database>
	</source>
	<size>
		<width>416</width>
		<height>416</height>
		<depth>3</depth>
	</size>
	<segmented>0</segmented>
	<object>
		<name>Komedo</name>
		<pose>Unspecified</pose>
		<truncated>0</truncated>
		<difficult>0</difficult>
		<occluded>0</occluded>
		<bndbox>
			<xmin>81</xmin>
			<xmax>121</xmax>
			<ymin>109</ymin>
			<ymax>171</ymax>
		</bndbox>
	</object>
	<object>
		<name>Komedo</name>
		<pose>Unspecified</pose>
		<truncated>0</truncated>
		<difficult>0</difficult>
		<occluded>0</occluded>
		<bndbox>
			<xmin>231</xmin>
			<xmax>272</xmax>
			<ymin>150</ymin>
			<ymax>192</ymax>
		</bndbox>
	</object>
	<object>
		<name>Jerawat</name>
		<pose>Unspecified</pose>
		<truncated>0</truncated>
		<difficult>0</difficult>
		<occluded>0</occluded>
		<bndbox>
			<xmin>21</xmin>
			<xmax>104</xmax>
			<ymin>195</ymin>
			<ymax>300</ymax>
		</bndbox>
	</object>
</annotation>
