<annotation>
	<folder></folder>
	<filename>acne-pustular-47_jpg.rf.00fc535da2d522f74466cb46c6bd98be.jpg</filename>
	<path>acne-pustular-47_jpg.rf.00fc535da2d522f74466cb46c6bd98be.jpg</path>
	<source>
		<database>roboflow.ai</database>
	</source>
	<size>
		<width>416</width>
		<height>416</height>
		<depth>3</depth>
	</size>
	<segmented>0</segmented>
	<object>
		<name>Jerawat</name>
		<pose>Unspecified</pose>
		<truncated>0</truncated>
		<difficult>0</difficult>
		<occluded>0</occluded>
		<bndbox>
			<xmin>86</xmin>
			<xmax>254</xmax>
			<ymin>80</ymin>
			<ymax>204</ymax>
		</bndbox>
	</object>
	<object>
		<name>Jerawat</name>
		<pose>Unspecified</pose>
		<truncated>0</truncated>
		<difficult>0</difficult>
		<occluded>0</occluded>
		<bndbox>
			<xmin>71</xmin>
			<xmax>292</xmax>
			<ymin>218</ymin>
			<ymax>376</ymax>
		</bndbox>
	</object>
</annotation>
