<annotation>
	<folder></folder>
	<filename>acne-closed-comedo-7_jpg.rf.002ffb9cef24c94e6def29ccb7bb098d.jpg</filename>
	<path>acne-closed-comedo-7_jpg.rf.002ffb9cef24c94e6def29ccb7bb098d.jpg</path>
	<source>
		<database>roboflow.ai</database>
	</source>
	<size>
		<width>416</width>
		<height>416</height>
		<depth>3</depth>
	</size>
	<segmented>0</segmented>
	<object>
		<name>Komedo</name>
		<pose>Unspecified</pose>
		<truncated>0</truncated>
		<difficult>0</difficult>
		<occluded>0</occluded>
		<bndbox>
			<xmin>120</xmin>
			<xmax>172</xmax>
			<ymin>121</ymin>
			<ymax>194</ymax>
		</bndbox>
	</object>
	<object>
		<name>Komedo</name>
		<pose>Unspecified</pose>
		<truncated>0</truncated>
		<difficult>0</difficult>
		<occluded>0</occluded>
		<bndbox>
			<xmin>265</xmin>
			<xmax>288</xmax>
			<ymin>141</ymin>
			<ymax>197</ymax>
		</bndbox>
	</object>
	<object>
		<name>Komedo</name>
		<pose>Unspecified</pose>
		<truncated>0</truncated>
		<difficult>0</difficult>
		<occluded>0</occluded>
		<bndbox>
			<xmin>350</xmin>
			<xmax>403</xmax>
			<ymin>221</ymin>
			<ymax>307</ymax>
		</bndbox>
	</object>
</annotation>
