<annotation>
	<folder></folder>
	<filename>acneVulgaris_32922_sm_jpg.rf.0b429e90acf6b5bd47450dc0c8d22080.jpg</filename>
	<path>acneVulgaris_32922_sm_jpg.rf.0b429e90acf6b5bd47450dc0c8d22080.jpg</path>
	<source>
		<database>roboflow.ai</database>
	</source>
	<size>
		<width>416</width>
		<height>416</height>
		<depth>3</depth>
	</size>
	<segmented>0</segmented>
	<object>
		<name>Jerawat</name>
		<pose>Unspecified</pose>
		<truncated>0</truncated>
		<difficult>0</difficult>
		<occluded>0</occluded>
		<bndbox>
			<xmin>181</xmin>
			<xmax>220</xmax>
			<ymin>108</ymin>
			<ymax>185</ymax>
		</bndbox>
	</object>
	<object>
		<name>Jerawat</name>
		<pose>Unspecified</pose>
		<truncated>0</truncated>
		<difficult>0</difficult>
		<occluded>0</occluded>
		<bndbox>
			<xmin>259</xmin>
			<xmax>370</xmax>
			<ymin>122</ymin>
			<ymax>271</ymax>
		</bndbox>
	</object>
	<object>
		<name>Jerawat</name>
		<pose>Unspecified</pose>
		<truncated>0</truncated>
		<difficult>0</difficult>
		<occluded>0</occluded>
		<bndbox>
			<xmin>116</xmin>
			<xmax>254</xmax>
			<ymin>183</ymin>
			<ymax>307</ymax>
		</bndbox>
	</object>
	<object>
		<name>Jerawat</name>
		<pose>Unspecified</pose>
		<truncated>0</truncated>
		<difficult>0</difficult>
		<occluded>0</occluded>
		<bndbox>
			<xmin>145</xmin>
			<xmax>235</xmax>
			<ymin>311</ymin>
			<ymax>374</ymax>
		</bndbox>
	</object>
</annotation>
