<annotation>
	<folder></folder>
	<filename>acne-excoriated-15_jpg.rf.b5f6ff3a10bba9adf5f02b0d3f567b51.jpg</filename>
	<path>acne-excoriated-15_jpg.rf.b5f6ff3a10bba9adf5f02b0d3f567b51.jpg</path>
	<source>
		<database>roboflow.ai</database>
	</source>
	<size>
		<width>416</width>
		<height>416</height>
		<depth>3</depth>
	</size>
	<segmented>0</segmented>
	<object>
		<name>Jerawat</name>
		<pose>Unspecified</pose>
		<truncated>0</truncated>
		<difficult>0</difficult>
		<occluded>0</occluded>
		<bndbox>
			<xmin>203</xmin>
			<xmax>380</xmax>
			<ymin>103</ymin>
			<ymax>326</ymax>
		</bndbox>
	</object>
	<object>
		<name>Jerawat</name>
		<pose>Unspecified</pose>
		<truncated>0</truncated>
		<difficult>0</difficult>
		<occluded>0</occluded>
		<bndbox>
			<xmin>161</xmin>
			<xmax>232</xmax>
			<ymin>197</ymin>
			<ymax>318</ymax>
		</bndbox>
	</object>
</annotation>
