<annotation>
	<folder></folder>
	<filename>acne-closed-comedo-18_jpg.rf.278cf31554a7cbc59cc9876a0541149e.jpg</filename>
	<path>acne-closed-comedo-18_jpg.rf.278cf31554a7cbc59cc9876a0541149e.jpg</path>
	<source>
		<database>roboflow.ai</database>
	</source>
	<size>
		<width>416</width>
		<height>416</height>
		<depth>3</depth>
	</size>
	<segmented>0</segmented>
	<object>
		<name>Jerawat</name>
		<pose>Unspecified</pose>
		<truncated>0</truncated>
		<difficult>0</difficult>
		<occluded>0</occluded>
		<bndbox>
			<xmin>290</xmin>
			<xmax>385</xmax>
			<ymin>267</ymin>
			<ymax>393</ymax>
		</bndbox>
	</object>
	<object>
		<name>Komedo</name>
		<pose>Unspecified</pose>
		<truncated>0</truncated>
		<difficult>0</difficult>
		<occluded>0</occluded>
		<bndbox>
			<xmin>15</xmin>
			<xmax>171</xmax>
			<ymin>254</ymin>
			<ymax>411</ymax>
		</bndbox>
	</object>
	<object>
		<name>Komedo</name>
		<pose>Unspecified</pose>
		<truncated>0</truncated>
		<difficult>0</difficult>
		<occluded>0</occluded>
		<bndbox>
			<xmin>33</xmin>
			<xmax>335</xmax>
			<ymin>3</ymin>
			<ymax>176</ymax>
		</bndbox>
	</object>
</annotation>
