<annotation>
	<folder></folder>
	<filename>acne-open-comedo-36_jpg.rf.74dbc65f7b906657543fae5145099c18.jpg</filename>
	<path>acne-open-comedo-36_jpg.rf.74dbc65f7b906657543fae5145099c18.jpg</path>
	<source>
		<database>roboflow.ai</database>
	</source>
	<size>
		<width>416</width>
		<height>416</height>
		<depth>3</depth>
	</size>
	<segmented>0</segmented>
	<object>
		<name>Komedo</name>
		<pose>Unspecified</pose>
		<truncated>0</truncated>
		<difficult>0</difficult>
		<occluded>0</occluded>
		<bndbox>
			<xmin>167</xmin>
			<xmax>336</xmax>
			<ymin>109</ymin>
			<ymax>214</ymax>
		</bndbox>
	</object>
	<object>
		<name>Komedo</name>
		<pose>Unspecified</pose>
		<truncated>0</truncated>
		<difficult>0</difficult>
		<occluded>0</occluded>
		<bndbox>
			<xmin>118</xmin>
			<xmax>300</xmax>
			<ymin>253</ymin>
			<ymax>354</ymax>
		</bndbox>
	</object>
</annotation>
