<annotation>
	<folder></folder>
	<filename>acne-cystic-55_jpg.rf.33fec786efd6f9bd17c0f3c972ad07c0.jpg</filename>
	<path>acne-cystic-55_jpg.rf.33fec786efd6f9bd17c0f3c972ad07c0.jpg</path>
	<source>
		<database>roboflow.ai</database>
	</source>
	<size>
		<width>416</width>
		<height>416</height>
		<depth>3</depth>
	</size>
	<segmented>0</segmented>
	<object>
		<name>Jerawat</name>
		<pose>Unspecified</pose>
		<truncated>0</truncated>
		<difficult>0</difficult>
		<occluded>0</occluded>
		<bndbox>
			<xmin>147</xmin>
			<xmax>307</xmax>
			<ymin>25</ymin>
			<ymax>171</ymax>
		</bndbox>
	</object>
	<object>
		<name>Jerawat</name>
		<pose>Unspecified</pose>
		<truncated>0</truncated>
		<difficult>0</difficult>
		<occluded>0</occluded>
		<bndbox>
			<xmin>16</xmin>
			<xmax>49</xmax>
			<ymin>115</ymin>
			<ymax>189</ymax>
		</bndbox>
	</object>
	<object>
		<name>Jerawat</name>
		<pose>Unspecified</pose>
		<truncated>0</truncated>
		<difficult>0</difficult>
		<occluded>0</occluded>
		<bndbox>
			<xmin>283</xmin>
			<xmax>360</xmax>
			<ymin>237</ymin>
			<ymax>318</ymax>
		</bndbox>
	</object>
	<object>
		<name>Jerawat</name>
		<pose>Unspecified</pose>
		<truncated>0</truncated>
		<difficult>0</difficult>
		<occluded>0</occluded>
		<bndbox>
			<xmin>102</xmin>
			<xmax>263</xmax>
			<ymin>171</ymin>
			<ymax>389</ymax>
		</bndbox>
	</object>
</annotation>
