<annotation>
	<folder></folder>
	<filename>acne-cystic-125_jpg.rf.f8548866223b30222a5de5c878e796ba.jpg</filename>
	<path>acne-cystic-125_jpg.rf.f8548866223b30222a5de5c878e796ba.jpg</path>
	<source>
		<database>roboflow.ai</database>
	</source>
	<size>
		<width>416</width>
		<height>416</height>
		<depth>3</depth>
	</size>
	<segmented>0</segmented>
	<object>
		<name>Jerawat</name>
		<pose>Unspecified</pose>
		<truncated>0</truncated>
		<difficult>0</difficult>
		<occluded>0</occluded>
		<bndbox>
			<xmin>92</xmin>
			<xmax>349</xmax>
			<ymin>4</ymin>
			<ymax>196</ymax>
		</bndbox>
	</object>
</annotation>
