<annotation>
	<folder></folder>
	<filename>acne-cystic-88_jpg.rf.2ecdfe3339ac1c5212172f0b97ca1c6e.jpg</filename>
	<path>acne-cystic-88_jpg.rf.2ecdfe3339ac1c5212172f0b97ca1c6e.jpg</path>
	<source>
		<database>roboflow.ai</database>
	</source>
	<size>
		<width>416</width>
		<height>416</height>
		<depth>3</depth>
	</size>
	<segmented>0</segmented>
	<object>
		<name>Jerawat</name>
		<pose>Unspecified</pose>
		<truncated>0</truncated>
		<difficult>0</difficult>
		<occluded>0</occluded>
		<bndbox>
			<xmin>102</xmin>
			<xmax>162</xmax>
			<ymin>53</ymin>
			<ymax>139</ymax>
		</bndbox>
	</object>
	<object>
		<name>Jerawat</name>
		<pose>Unspecified</pose>
		<truncated>0</truncated>
		<difficult>0</difficult>
		<occluded>0</occluded>
		<bndbox>
			<xmin>27</xmin>
			<xmax>97</xmax>
			<ymin>122</ymin>
			<ymax>237</ymax>
		</bndbox>
	</object>
	<object>
		<name>Jerawat</name>
		<pose>Unspecified</pose>
		<truncated>0</truncated>
		<difficult>0</difficult>
		<occluded>0</occluded>
		<bndbox>
			<xmin>320</xmin>
			<xmax>411</xmax>
			<ymin>97</ymin>
			<ymax>290</ymax>
		</bndbox>
	</object>
</annotation>
