<annotation>
	<folder></folder>
	<filename>acne-closed-comedo-003_jpg.rf.3c3a834255d12954780fa4605bb5c727.jpg</filename>
	<path>acne-closed-comedo-003_jpg.rf.3c3a834255d12954780fa4605bb5c727.jpg</path>
	<source>
		<database>roboflow.ai</database>
	</source>
	<size>
		<width>416</width>
		<height>416</height>
		<depth>3</depth>
	</size>
	<segmented>0</segmented>
	<object>
		<name>Komedo</name>
		<pose>Unspecified</pose>
		<truncated>0</truncated>
		<difficult>0</difficult>
		<occluded>0</occluded>
		<bndbox>
			<xmin>25</xmin>
			<xmax>388</xmax>
			<ymin>29</ymin>
			<ymax>289</ymax>
		</bndbox>
	</object>
</annotation>
