<annotation>
	<folder></folder>
	<filename>acne-open-comedo-52_jpg.rf.28b344ce519eef90287b2ce337f42f30.jpg</filename>
	<path>acne-open-comedo-52_jpg.rf.28b344ce519eef90287b2ce337f42f30.jpg</path>
	<source>
		<database>roboflow.ai</database>
	</source>
	<size>
		<width>416</width>
		<height>416</height>
		<depth>3</depth>
	</size>
	<segmented>0</segmented>
	<object>
		<name>Komedo</name>
		<pose>Unspecified</pose>
		<truncated>0</truncated>
		<difficult>0</difficult>
		<occluded>0</occluded>
		<bndbox>
			<xmin>101</xmin>
			<xmax>237</xmax>
			<ymin>114</ymin>
			<ymax>197</ymax>
		</bndbox>
	</object>
	<object>
		<name>Komedo</name>
		<pose>Unspecified</pose>
		<truncated>0</truncated>
		<difficult>0</difficult>
		<occluded>0</occluded>
		<bndbox>
			<xmin>325</xmin>
			<xmax>416</xmax>
			<ymin>110</ymin>
			<ymax>321</ymax>
		</bndbox>
	</object>
	<object>
		<name>Komedo</name>
		<pose>Unspecified</pose>
		<truncated>0</truncated>
		<difficult>0</difficult>
		<occluded>0</occluded>
		<bndbox>
			<xmin>100</xmin>
			<xmax>288</xmax>
			<ymin>237</ymin>
			<ymax>375</ymax>
		</bndbox>
	</object>
	<object>
		<name>Komedo</name>
		<pose>Unspecified</pose>
		<truncated>0</truncated>
		<difficult>0</difficult>
		<occluded>0</occluded>
		<bndbox>
			<xmin>14</xmin>
			<xmax>162</xmax>
			<ymin>276</ymin>
			<ymax>416</ymax>
		</bndbox>
	</object>
</annotation>
