<annotation>
	<folder></folder>
	<filename>acne-pustular-61_jpg.rf.427c55dc8e3c150f2619ce7388b0b276.jpg</filename>
	<path>acne-pustular-61_jpg.rf.427c55dc8e3c150f2619ce7388b0b276.jpg</path>
	<source>
		<database>roboflow.ai</database>
	</source>
	<size>
		<width>416</width>
		<height>416</height>
		<depth>3</depth>
	</size>
	<segmented>0</segmented>
	<object>
		<name>Jerawat</name>
		<pose>Unspecified</pose>
		<truncated>0</truncated>
		<difficult>0</difficult>
		<occluded>0</occluded>
		<bndbox>
			<xmin>203</xmin>
			<xmax>312</xmax>
			<ymin>60</ymin>
			<ymax>175</ymax>
		</bndbox>
	</object>
	<object>
		<name>Jerawat</name>
		<pose>Unspecified</pose>
		<truncated>0</truncated>
		<difficult>0</difficult>
		<occluded>0</occluded>
		<bndbox>
			<xmin>331</xmin>
			<xmax>370</xmax>
			<ymin>157</ymin>
			<ymax>221</ymax>
		</bndbox>
	</object>
	<object>
		<name>Jerawat</name>
		<pose>Unspecified</pose>
		<truncated>0</truncated>
		<difficult>0</difficult>
		<occluded>0</occluded>
		<bndbox>
			<xmin>87</xmin>
			<xmax>238</xmax>
			<ymin>232</ymin>
			<ymax>358</ymax>
		</bndbox>
	</object>
</annotation>
