<annotation>
	<folder></folder>
	<filename>acne-open-comedo-60_jpg.rf.2541542dacd6ca8c0cbdb4e71bbf0f45.jpg</filename>
	<path>acne-open-comedo-60_jpg.rf.2541542dacd6ca8c0cbdb4e71bbf0f45.jpg</path>
	<source>
		<database>roboflow.ai</database>
	</source>
	<size>
		<width>416</width>
		<height>416</height>
		<depth>3</depth>
	</size>
	<segmented>0</segmented>
	<object>
		<name>Komedo</name>
		<pose>Unspecified</pose>
		<truncated>0</truncated>
		<difficult>0</difficult>
		<occluded>0</occluded>
		<bndbox>
			<xmin>155</xmin>
			<xmax>353</xmax>
			<ymin>101</ymin>
			<ymax>205</ymax>
		</bndbox>
	</object>
	<object>
		<name>Komedo</name>
		<pose>Unspecified</pose>
		<truncated>0</truncated>
		<difficult>0</difficult>
		<occluded>0</occluded>
		<bndbox>
			<xmin>171</xmin>
			<xmax>316</xmax>
			<ymin>231</ymin>
			<ymax>366</ymax>
		</bndbox>
	</object>
</annotation>
