<annotation>
	<folder></folder>
	<filename>acne-open-comedo-53_jpg.rf.fed5c5afe7010cf6e7f5078c4926e92a.jpg</filename>
	<path>acne-open-comedo-53_jpg.rf.fed5c5afe7010cf6e7f5078c4926e92a.jpg</path>
	<source>
		<database>roboflow.ai</database>
	</source>
	<size>
		<width>416</width>
		<height>416</height>
		<depth>3</depth>
	</size>
	<segmented>0</segmented>
	<object>
		<name>Komedo</name>
		<pose>Unspecified</pose>
		<truncated>0</truncated>
		<difficult>0</difficult>
		<occluded>0</occluded>
		<bndbox>
			<xmin>217</xmin>
			<xmax>271</xmax>
			<ymin>114</ymin>
			<ymax>193</ymax>
		</bndbox>
	</object>
	<object>
		<name>Komedo</name>
		<pose>Unspecified</pose>
		<truncated>0</truncated>
		<difficult>0</difficult>
		<occluded>0</occluded>
		<bndbox>
			<xmin>150</xmin>
			<xmax>260</xmax>
			<ymin>232</ymin>
			<ymax>328</ymax>
		</bndbox>
	</object>
	<object>
		<name>Komedo</name>
		<pose>Unspecified</pose>
		<truncated>0</truncated>
		<difficult>0</difficult>
		<occluded>0</occluded>
		<bndbox>
			<xmin>105</xmin>
			<xmax>133</xmax>
			<ymin>239</ymin>
			<ymax>375</ymax>
		</bndbox>
	</object>
	<object>
		<name>Komedo</name>
		<pose>Unspecified</pose>
		<truncated>0</truncated>
		<difficult>0</difficult>
		<occluded>0</occluded>
		<bndbox>
			<xmin>335</xmin>
			<xmax>352</xmax>
			<ymin>39</ymin>
			<ymax>99</ymax>
		</bndbox>
	</object>
</annotation>
