<annotation>
	<folder></folder>
	<filename>acneVulgaris_51125_sm_jpg.rf.e81a4956124db06b8a5ff14a22eadd52.jpg</filename>
	<path>acneVulgaris_51125_sm_jpg.rf.e81a4956124db06b8a5ff14a22eadd52.jpg</path>
	<source>
		<database>roboflow.ai</database>
	</source>
	<size>
		<width>416</width>
		<height>416</height>
		<depth>3</depth>
	</size>
	<segmented>0</segmented>
	<object>
		<name>Jerawat</name>
		<pose>Unspecified</pose>
		<truncated>0</truncated>
		<difficult>0</difficult>
		<occluded>0</occluded>
		<bndbox>
			<xmin>100</xmin>
			<xmax>295</xmax>
			<ymin>31</ymin>
			<ymax>347</ymax>
		</bndbox>
	</object>
</annotation>
