<annotation>
	<folder></folder>
	<filename>acne-open-comedo-24_jpg.rf.9fb758a4f2f696c6bb30d03001f688e5.jpg</filename>
	<path>acne-open-comedo-24_jpg.rf.9fb758a4f2f696c6bb30d03001f688e5.jpg</path>
	<source>
		<database>roboflow.ai</database>
	</source>
	<size>
		<width>416</width>
		<height>416</height>
		<depth>3</depth>
	</size>
	<segmented>0</segmented>
	<object>
		<name>Komedo</name>
		<pose>Unspecified</pose>
		<truncated>0</truncated>
		<difficult>0</difficult>
		<occluded>0</occluded>
		<bndbox>
			<xmin>157</xmin>
			<xmax>308</xmax>
			<ymin>100</ymin>
			<ymax>194</ymax>
		</bndbox>
	</object>
	<object>
		<name>Komedo</name>
		<pose>Unspecified</pose>
		<truncated>0</truncated>
		<difficult>0</difficult>
		<occluded>0</occluded>
		<bndbox>
			<xmin>26</xmin>
			<xmax>58</xmax>
			<ymin>169</ymin>
			<ymax>265</ymax>
		</bndbox>
	</object>
	<object>
		<name>Komedo</name>
		<pose>Unspecified</pose>
		<truncated>0</truncated>
		<difficult>0</difficult>
		<occluded>0</occluded>
		<bndbox>
			<xmin>87</xmin>
			<xmax>228</xmax>
			<ymin>232</ymin>
			<ymax>373</ymax>
		</bndbox>
	</object>
</annotation>
