<annotation>
	<folder></folder>
	<filename>acne-pustular-9_jpg.rf.6ca2a203fff5ff82352f6fffb3557289.jpg</filename>
	<path>acne-pustular-9_jpg.rf.6ca2a203fff5ff82352f6fffb3557289.jpg</path>
	<source>
		<database>roboflow.ai</database>
	</source>
	<size>
		<width>416</width>
		<height>416</height>
		<depth>3</depth>
	</size>
	<segmented>0</segmented>
	<object>
		<name>Jerawat</name>
		<pose>Unspecified</pose>
		<truncated>0</truncated>
		<difficult>0</difficult>
		<occluded>0</occluded>
		<bndbox>
			<xmin>179</xmin>
			<xmax>242</xmax>
			<ymin>47</ymin>
			<ymax>172</ymax>
		</bndbox>
	</object>
	<object>
		<name>Jerawat</name>
		<pose>Unspecified</pose>
		<truncated>0</truncated>
		<difficult>0</difficult>
		<occluded>0</occluded>
		<bndbox>
			<xmin>253</xmin>
			<xmax>304</xmax>
			<ymin>89</ymin>
			<ymax>144</ymax>
		</bndbox>
	</object>
	<object>
		<name>Jerawat</name>
		<pose>Unspecified</pose>
		<truncated>0</truncated>
		<difficult>0</difficult>
		<occluded>0</occluded>
		<bndbox>
			<xmin>185</xmin>
			<xmax>300</xmax>
			<ymin>278</ymin>
			<ymax>399</ymax>
		</bndbox>
	</object>
</annotation>
