<annotation>
	<folder></folder>
	<filename>acne-open-comedo-34_jpg.rf.011f99b4cfbba4b631ea4efcd80255cd.jpg</filename>
	<path>acne-open-comedo-34_jpg.rf.011f99b4cfbba4b631ea4efcd80255cd.jpg</path>
	<source>
		<database>roboflow.ai</database>
	</source>
	<size>
		<width>416</width>
		<height>416</height>
		<depth>3</depth>
	</size>
	<segmented>0</segmented>
	<object>
		<name>Komedo</name>
		<pose>Unspecified</pose>
		<truncated>0</truncated>
		<difficult>0</difficult>
		<occluded>0</occluded>
		<bndbox>
			<xmin>190</xmin>
			<xmax>366</xmax>
			<ymin>258</ymin>
			<ymax>339</ymax>
		</bndbox>
	</object>
	<object>
		<name>Komedo</name>
		<pose>Unspecified</pose>
		<truncated>0</truncated>
		<difficult>0</difficult>
		<occluded>0</occluded>
		<bndbox>
			<xmin>3</xmin>
			<xmax>89</xmax>
			<ymin>279</ymin>
			<ymax>349</ymax>
		</bndbox>
	</object>
	<object>
		<name>Komedo</name>
		<pose>Unspecified</pose>
		<truncated>0</truncated>
		<difficult>0</difficult>
		<occluded>0</occluded>
		<bndbox>
			<xmin>105</xmin>
			<xmax>180</xmax>
			<ymin>323</ymin>
			<ymax>375</ymax>
		</bndbox>
	</object>
</annotation>
