<annotation>
	<folder></folder>
	<filename>acne-open-comedo-35_jpg.rf.e909c0d7323fea9ba5ff28a8f684cd7e.jpg</filename>
	<path>acne-open-comedo-35_jpg.rf.e909c0d7323fea9ba5ff28a8f684cd7e.jpg</path>
	<source>
		<database>roboflow.ai</database>
	</source>
	<size>
		<width>416</width>
		<height>416</height>
		<depth>3</depth>
	</size>
	<segmented>0</segmented>
	<object>
		<name>Komedo</name>
		<pose>Unspecified</pose>
		<truncated>0</truncated>
		<difficult>0</difficult>
		<occluded>0</occluded>
		<bndbox>
			<xmin>165</xmin>
			<xmax>254</xmax>
			<ymin>188</ymin>
			<ymax>273</ymax>
		</bndbox>
	</object>
</annotation>
