<annotation>
	<folder></folder>
	<filename>acne-closed-comedo-29_jpg.rf.16f6987680f71bd3378479a11123260c.jpg</filename>
	<path>acne-closed-comedo-29_jpg.rf.16f6987680f71bd3378479a11123260c.jpg</path>
	<source>
		<database>roboflow.ai</database>
	</source>
	<size>
		<width>416</width>
		<height>416</height>
		<depth>3</depth>
	</size>
	<segmented>0</segmented>
	<object>
		<name>Jerawat</name>
		<pose>Unspecified</pose>
		<truncated>0</truncated>
		<difficult>0</difficult>
		<occluded>0</occluded>
		<bndbox>
			<xmin>258</xmin>
			<xmax>373</xmax>
			<ymin>74</ymin>
			<ymax>201</ymax>
		</bndbox>
	</object>
	<object>
		<name>Komedo</name>
		<pose>Unspecified</pose>
		<truncated>0</truncated>
		<difficult>0</difficult>
		<occluded>0</occluded>
		<bndbox>
			<xmin>163</xmin>
			<xmax>246</xmax>
			<ymin>85</ymin>
			<ymax>192</ymax>
		</bndbox>
	</object>
	<object>
		<name>Komedo</name>
		<pose>Unspecified</pose>
		<truncated>0</truncated>
		<difficult>0</difficult>
		<occluded>0</occluded>
		<bndbox>
			<xmin>121</xmin>
			<xmax>391</xmax>
			<ymin>237</ymin>
			<ymax>361</ymax>
		</bndbox>
	</object>
</annotation>
