<annotation>
	<folder></folder>
	<filename>acne-open-comedo-12_jpg.rf.ff0b746f48b3bce4b2d9f8e966566dad.jpg</filename>
	<path>acne-open-comedo-12_jpg.rf.ff0b746f48b3bce4b2d9f8e966566dad.jpg</path>
	<source>
		<database>roboflow.ai</database>
	</source>
	<size>
		<width>416</width>
		<height>416</height>
		<depth>3</depth>
	</size>
	<segmented>0</segmented>
	<object>
		<name>Komedo</name>
		<pose>Unspecified</pose>
		<truncated>0</truncated>
		<difficult>0</difficult>
		<occluded>0</occluded>
		<bndbox>
			<xmin>166</xmin>
			<xmax>254</xmax>
			<ymin>163</ymin>
			<ymax>279</ymax>
		</bndbox>
	</object>
</annotation>
