<annotation>
	<folder></folder>
	<filename>acne-cystic-97_jpg.rf.74f2d981f4791d8b8a6de936a31ebdc6.jpg</filename>
	<path>acne-cystic-97_jpg.rf.74f2d981f4791d8b8a6de936a31ebdc6.jpg</path>
	<source>
		<database>roboflow.ai</database>
	</source>
	<size>
		<width>416</width>
		<height>416</height>
		<depth>3</depth>
	</size>
	<segmented>0</segmented>
	<object>
		<name>Jerawat</name>
		<pose>Unspecified</pose>
		<truncated>0</truncated>
		<difficult>0</difficult>
		<occluded>0</occluded>
		<bndbox>
			<xmin>166</xmin>
			<xmax>372</xmax>
			<ymin>27</ymin>
			<ymax>194</ymax>
		</bndbox>
	</object>
	<object>
		<name>Jerawat</name>
		<pose>Unspecified</pose>
		<truncated>0</truncated>
		<difficult>0</difficult>
		<occluded>0</occluded>
		<bndbox>
			<xmin>92</xmin>
			<xmax>223</xmax>
			<ymin>235</ymin>
			<ymax>383</ymax>
		</bndbox>
	</object>
	<object>
		<name>Jerawat</name>
		<pose>Unspecified</pose>
		<truncated>0</truncated>
		<difficult>0</difficult>
		<occluded>0</occluded>
		<bndbox>
			<xmin>287</xmin>
			<xmax>386</xmax>
			<ymin>241</ymin>
			<ymax>416</ymax>
		</bndbox>
	</object>
</annotation>
