<annotation>
	<folder></folder>
	<filename>acne-cystic-140_jpg.rf.af0344a850b73b0c8e4b1206d3462ed4.jpg</filename>
	<path>acne-cystic-140_jpg.rf.af0344a850b73b0c8e4b1206d3462ed4.jpg</path>
	<source>
		<database>roboflow.ai</database>
	</source>
	<size>
		<width>416</width>
		<height>416</height>
		<depth>3</depth>
	</size>
	<segmented>0</segmented>
	<object>
		<name>Jerawat</name>
		<pose>Unspecified</pose>
		<truncated>0</truncated>
		<difficult>0</difficult>
		<occluded>0</occluded>
		<bndbox>
			<xmin>294</xmin>
			<xmax>348</xmax>
			<ymin>179</ymin>
			<ymax>253</ymax>
		</bndbox>
	</object>
</annotation>
