<annotation>
	<folder></folder>
	<filename>acne-open-comedo-72_jpg.rf.26ea4ab65c3db1d2b1bfe2db29a63c76.jpg</filename>
	<path>acne-open-comedo-72_jpg.rf.26ea4ab65c3db1d2b1bfe2db29a63c76.jpg</path>
	<source>
		<database>roboflow.ai</database>
	</source>
	<size>
		<width>416</width>
		<height>416</height>
		<depth>3</depth>
	</size>
	<segmented>0</segmented>
	<object>
		<name>Komedo</name>
		<pose>Unspecified</pose>
		<truncated>0</truncated>
		<difficult>0</difficult>
		<occluded>0</occluded>
		<bndbox>
			<xmin>225</xmin>
			<xmax>255</xmax>
			<ymin>93</ymin>
			<ymax>198</ymax>
		</bndbox>
	</object>
	<object>
		<name>Komedo</name>
		<pose>Unspecified</pose>
		<truncated>0</truncated>
		<difficult>0</difficult>
		<occluded>0</occluded>
		<bndbox>
			<xmin>274</xmin>
			<xmax>371</xmax>
			<ymin>35</ymin>
			<ymax>260</ymax>
		</bndbox>
	</object>
	<object>
		<name>Komedo</name>
		<pose>Unspecified</pose>
		<truncated>0</truncated>
		<difficult>0</difficult>
		<occluded>0</occluded>
		<bndbox>
			<xmin>120</xmin>
			<xmax>154</xmax>
			<ymin>120</ymin>
			<ymax>177</ymax>
		</bndbox>
	</object>
	<object>
		<name>Komedo</name>
		<pose>Unspecified</pose>
		<truncated>0</truncated>
		<difficult>0</difficult>
		<occluded>0</occluded>
		<bndbox>
			<xmin>88</xmin>
			<xmax>203</xmax>
			<ymin>241</ymin>
			<ymax>407</ymax>
		</bndbox>
	</object>
</annotation>
