<annotation>
	<folder></folder>
	<filename>acne-open-comedo-41_jpg.rf.016ee7fc35d84844b10d79f67f536e89.jpg</filename>
	<path>acne-open-comedo-41_jpg.rf.016ee7fc35d84844b10d79f67f536e89.jpg</path>
	<source>
		<database>roboflow.ai</database>
	</source>
	<size>
		<width>416</width>
		<height>416</height>
		<depth>3</depth>
	</size>
	<segmented>0</segmented>
	<object>
		<name>Komedo</name>
		<pose>Unspecified</pose>
		<truncated>0</truncated>
		<difficult>0</difficult>
		<occluded>0</occluded>
		<bndbox>
			<xmin>85</xmin>
			<xmax>227</xmax>
			<ymin>132</ymin>
			<ymax>203</ymax>
		</bndbox>
	</object>
	<object>
		<name>Komedo</name>
		<pose>Unspecified</pose>
		<truncated>0</truncated>
		<difficult>0</difficult>
		<occluded>0</occluded>
		<bndbox>
			<xmin>128</xmin>
			<xmax>192</xmax>
			<ymin>222</ymin>
			<ymax>282</ymax>
		</bndbox>
	</object>
	<object>
		<name>Jerawat</name>
		<pose>Unspecified</pose>
		<truncated>0</truncated>
		<difficult>0</difficult>
		<occluded>0</occluded>
		<bndbox>
			<xmin>167</xmin>
			<xmax>198</xmax>
			<ymin>316</ymin>
			<ymax>344</ymax>
		</bndbox>
	</object>
</annotation>
