<annotation>
	<folder></folder>
	<filename>acne-pustular-51_jpg.rf.49a44bb74257d08a90f1b1d55d82fff6.jpg</filename>
	<path>acne-pustular-51_jpg.rf.49a44bb74257d08a90f1b1d55d82fff6.jpg</path>
	<source>
		<database>roboflow.ai</database>
	</source>
	<size>
		<width>416</width>
		<height>416</height>
		<depth>3</depth>
	</size>
	<segmented>0</segmented>
	<object>
		<name>Jerawat</name>
		<pose>Unspecified</pose>
		<truncated>0</truncated>
		<difficult>0</difficult>
		<occluded>0</occluded>
		<bndbox>
			<xmin>262</xmin>
			<xmax>340</xmax>
			<ymin>149</ymin>
			<ymax>221</ymax>
		</bndbox>
	</object>
	<object>
		<name>Jerawat</name>
		<pose>Unspecified</pose>
		<truncated>0</truncated>
		<difficult>0</difficult>
		<occluded>0</occluded>
		<bndbox>
			<xmin>251</xmin>
			<xmax>416</xmax>
			<ymin>244</ymin>
			<ymax>394</ymax>
		</bndbox>
	</object>
	<object>
		<name>Jerawat</name>
		<pose>Unspecified</pose>
		<truncated>0</truncated>
		<difficult>0</difficult>
		<occluded>0</occluded>
		<bndbox>
			<xmin>348</xmin>
			<xmax>407</xmax>
			<ymin>8</ymin>
			<ymax>65</ymax>
		</bndbox>
	</object>
</annotation>
