<annotation>
	<folder></folder>
	<filename>acne-open-comedo-37_jpg.rf.32247f4ab412af88d171a2b1b3b67158.jpg</filename>
	<path>acne-open-comedo-37_jpg.rf.32247f4ab412af88d171a2b1b3b67158.jpg</path>
	<source>
		<database>roboflow.ai</database>
	</source>
	<size>
		<width>416</width>
		<height>416</height>
		<depth>3</depth>
	</size>
	<segmented>0</segmented>
	<object>
		<name>Komedo</name>
		<pose>Unspecified</pose>
		<truncated>0</truncated>
		<difficult>0</difficult>
		<occluded>0</occluded>
		<bndbox>
			<xmin>172</xmin>
			<xmax>307</xmax>
			<ymin>220</ymin>
			<ymax>294</ymax>
		</bndbox>
	</object>
</annotation>
