<annotation>
	<folder></folder>
	<filename>acne-open-comedo-48_jpg.rf.6ade8694ac43e6cab214e76d9789ec8e.jpg</filename>
	<path>acne-open-comedo-48_jpg.rf.6ade8694ac43e6cab214e76d9789ec8e.jpg</path>
	<source>
		<database>roboflow.ai</database>
	</source>
	<size>
		<width>416</width>
		<height>416</height>
		<depth>3</depth>
	</size>
	<segmented>0</segmented>
	<object>
		<name>Komedo</name>
		<pose>Unspecified</pose>
		<truncated>0</truncated>
		<difficult>0</difficult>
		<occluded>0</occluded>
		<bndbox>
			<xmin>84</xmin>
			<xmax>296</xmax>
			<ymin>216</ymin>
			<ymax>333</ymax>
		</bndbox>
	</object>
</annotation>
