<annotation>
	<folder></folder>
	<filename>acne-scar-4_jpg.rf.c8478b34d2690d4b7f5c5fb19f11c827.jpg</filename>
	<path>acne-scar-4_jpg.rf.c8478b34d2690d4b7f5c5fb19f11c827.jpg</path>
	<source>
		<database>roboflow.ai</database>
	</source>
	<size>
		<width>416</width>
		<height>416</height>
		<depth>3</depth>
	</size>
	<segmented>0</segmented>
	<object>
		<name>Jerawat</name>
		<pose>Unspecified</pose>
		<truncated>0</truncated>
		<difficult>0</difficult>
		<occluded>0</occluded>
		<bndbox>
			<xmin>193</xmin>
			<xmax>265</xmax>
			<ymin>80</ymin>
			<ymax>165</ymax>
		</bndbox>
	</object>
	<object>
		<name>Jerawat</name>
		<pose>Unspecified</pose>
		<truncated>0</truncated>
		<difficult>0</difficult>
		<occluded>0</occluded>
		<bndbox>
			<xmin>186</xmin>
			<xmax>291</xmax>
			<ymin>235</ymin>
			<ymax>376</ymax>
		</bndbox>
	</object>
</annotation>
