<annotation>
	<folder></folder>
	<filename>acneVulgaris_32921_sm_jpg.rf.2de5e8afc3bb4b8065ddc834681be053.jpg</filename>
	<path>acneVulgaris_32921_sm_jpg.rf.2de5e8afc3bb4b8065ddc834681be053.jpg</path>
	<source>
		<database>roboflow.ai</database>
	</source>
	<size>
		<width>416</width>
		<height>416</height>
		<depth>3</depth>
	</size>
	<segmented>0</segmented>
	<object>
		<name>Jerawat</name>
		<pose>Unspecified</pose>
		<truncated>0</truncated>
		<difficult>0</difficult>
		<occluded>0</occluded>
		<bndbox>
			<xmin>118</xmin>
			<xmax>220</xmax>
			<ymin>156</ymin>
			<ymax>295</ymax>
		</bndbox>
	</object>
	<object>
		<name>Jerawat</name>
		<pose>Unspecified</pose>
		<truncated>0</truncated>
		<difficult>0</difficult>
		<occluded>0</occluded>
		<bndbox>
			<xmin>241</xmin>
			<xmax>349</xmax>
			<ymin>247</ymin>
			<ymax>316</ymax>
		</bndbox>
	</object>
</annotation>
