<annotation>
	<folder></folder>
	<filename>acneVulgaris_8126_sm_jpg.rf.923c66d2df713209b7ef82cf528fc751.jpg</filename>
	<path>acneVulgaris_8126_sm_jpg.rf.923c66d2df713209b7ef82cf528fc751.jpg</path>
	<source>
		<database>roboflow.ai</database>
	</source>
	<size>
		<width>416</width>
		<height>416</height>
		<depth>3</depth>
	</size>
	<segmented>0</segmented>
	<object>
		<name>Jerawat</name>
		<pose>Unspecified</pose>
		<truncated>0</truncated>
		<difficult>0</difficult>
		<occluded>0</occluded>
		<bndbox>
			<xmin>65</xmin>
			<xmax>196</xmax>
			<ymin>65</ymin>
			<ymax>340</ymax>
		</bndbox>
	</object>
	<object>
		<name>Jerawat</name>
		<pose>Unspecified</pose>
		<truncated>0</truncated>
		<difficult>0</difficult>
		<occluded>0</occluded>
		<bndbox>
			<xmin>196</xmin>
			<xmax>343</xmax>
			<ymin>42</ymin>
			<ymax>387</ymax>
		</bndbox>
	</object>
</annotation>
