<annotation>
	<folder></folder>
	<filename>acne-open-comedo-21_jpg.rf.e0948beb84c78c02eb1835e2b526bebe.jpg</filename>
	<path>acne-open-comedo-21_jpg.rf.e0948beb84c78c02eb1835e2b526bebe.jpg</path>
	<source>
		<database>roboflow.ai</database>
	</source>
	<size>
		<width>416</width>
		<height>416</height>
		<depth>3</depth>
	</size>
	<segmented>0</segmented>
	<object>
		<name>Komedo</name>
		<pose>Unspecified</pose>
		<truncated>0</truncated>
		<difficult>0</difficult>
		<occluded>0</occluded>
		<bndbox>
			<xmin>191</xmin>
			<xmax>345</xmax>
			<ymin>119</ymin>
			<ymax>194</ymax>
		</bndbox>
	</object>
	<object>
		<name>Komedo</name>
		<pose>Unspecified</pose>
		<truncated>0</truncated>
		<difficult>0</difficult>
		<occluded>0</occluded>
		<bndbox>
			<xmin>1</xmin>
			<xmax>130</xmax>
			<ymin>115</ymin>
			<ymax>284</ymax>
		</bndbox>
	</object>
	<object>
		<name>Komedo</name>
		<pose>Unspecified</pose>
		<truncated>0</truncated>
		<difficult>0</difficult>
		<occluded>0</occluded>
		<bndbox>
			<xmin>237</xmin>
			<xmax>416</xmax>
			<ymin>223</ymin>
			<ymax>317</ymax>
		</bndbox>
	</object>
</annotation>
