<annotation>
	<folder></folder>
	<filename>acne-open-comedo-32_jpg.rf.64ca8f775bc16b94d59e217f9abcb998.jpg</filename>
	<path>acne-open-comedo-32_jpg.rf.64ca8f775bc16b94d59e217f9abcb998.jpg</path>
	<source>
		<database>roboflow.ai</database>
	</source>
	<size>
		<width>416</width>
		<height>416</height>
		<depth>3</depth>
	</size>
	<segmented>0</segmented>
	<object>
		<name>Jerawat</name>
		<pose>Unspecified</pose>
		<truncated>0</truncated>
		<difficult>0</difficult>
		<occluded>0</occluded>
		<bndbox>
			<xmin>192</xmin>
			<xmax>356</xmax>
			<ymin>21</ymin>
			<ymax>213</ymax>
		</bndbox>
	</object>
	<object>
		<name>Komedo</name>
		<pose>Unspecified</pose>
		<truncated>0</truncated>
		<difficult>0</difficult>
		<occluded>0</occluded>
		<bndbox>
			<xmin>82</xmin>
			<xmax>167</xmax>
			<ymin>225</ymin>
			<ymax>353</ymax>
		</bndbox>
	</object>
	<object>
		<name>Jerawat</name>
		<pose>Unspecified</pose>
		<truncated>0</truncated>
		<difficult>0</difficult>
		<occluded>0</occluded>
		<bndbox>
			<xmin>287</xmin>
			<xmax>375</xmax>
			<ymin>216</ymin>
			<ymax>386</ymax>
		</bndbox>
	</object>
	<object>
		<name>Jerawat</name>
		<pose>Unspecified</pose>
		<truncated>0</truncated>
		<difficult>0</difficult>
		<occluded>0</occluded>
		<bndbox>
			<xmin>173</xmin>
			<xmax>277</xmax>
			<ymin>237</ymin>
			<ymax>413</ymax>
		</bndbox>
	</object>
</annotation>
