<annotation>
	<folder></folder>
	<filename>acne-pustular-60_jpg.rf.c87af087f0298bc5a4cc145360aecc69.jpg</filename>
	<path>acne-pustular-60_jpg.rf.c87af087f0298bc5a4cc145360aecc69.jpg</path>
	<source>
		<database>roboflow.ai</database>
	</source>
	<size>
		<width>416</width>
		<height>416</height>
		<depth>3</depth>
	</size>
	<segmented>0</segmented>
	<object>
		<name>Jerawat</name>
		<pose>Unspecified</pose>
		<truncated>0</truncated>
		<difficult>0</difficult>
		<occluded>0</occluded>
		<bndbox>
			<xmin>122</xmin>
			<xmax>306</xmax>
			<ymin>111</ymin>
			<ymax>229</ymax>
		</bndbox>
	</object>
</annotation>
