<annotation>
	<folder></folder>
	<filename>acneVulgaris_32924_sm_jpg.rf.658f9c441caff0611b982443fd006666.jpg</filename>
	<path>acneVulgaris_32924_sm_jpg.rf.658f9c441caff0611b982443fd006666.jpg</path>
	<source>
		<database>roboflow.ai</database>
	</source>
	<size>
		<width>416</width>
		<height>416</height>
		<depth>3</depth>
	</size>
	<segmented>0</segmented>
	<object>
		<name>Jerawat</name>
		<pose>Unspecified</pose>
		<truncated>0</truncated>
		<difficult>0</difficult>
		<occluded>0</occluded>
		<bndbox>
			<xmin>112</xmin>
			<xmax>187</xmax>
			<ymin>114</ymin>
			<ymax>192</ymax>
		</bndbox>
	</object>
	<object>
		<name>Jerawat</name>
		<pose>Unspecified</pose>
		<truncated>0</truncated>
		<difficult>0</difficult>
		<occluded>0</occluded>
		<bndbox>
			<xmin>227</xmin>
			<xmax>350</xmax>
			<ymin>200</ymin>
			<ymax>333</ymax>
		</bndbox>
	</object>
	<object>
		<name>Jerawat</name>
		<pose>Unspecified</pose>
		<truncated>0</truncated>
		<difficult>0</difficult>
		<occluded>0</occluded>
		<bndbox>
			<xmin>98</xmin>
			<xmax>180</xmax>
			<ymin>233</ymin>
			<ymax>322</ymax>
		</bndbox>
	</object>
</annotation>
