<annotation>
	<folder></folder>
	<filename>acneVulgaris_942_sm_jpg.rf.cd6772dada57cddf8a8de450a990155e.jpg</filename>
	<path>acneVulgaris_942_sm_jpg.rf.cd6772dada57cddf8a8de450a990155e.jpg</path>
	<source>
		<database>roboflow.ai</database>
	</source>
	<size>
		<width>416</width>
		<height>416</height>
		<depth>3</depth>
	</size>
	<segmented>0</segmented>
	<object>
		<name>Jerawat</name>
		<pose>Unspecified</pose>
		<truncated>0</truncated>
		<difficult>0</difficult>
		<occluded>0</occluded>
		<bndbox>
			<xmin>309</xmin>
			<xmax>367</xmax>
			<ymin>98</ymin>
			<ymax>172</ymax>
		</bndbox>
	</object>
</annotation>
