<annotation>
	<folder></folder>
	<filename>acne-open-comedo-63_jpg.rf.bd6369373accd0bb28846a58b471bfa6.jpg</filename>
	<path>acne-open-comedo-63_jpg.rf.bd6369373accd0bb28846a58b471bfa6.jpg</path>
	<source>
		<database>roboflow.ai</database>
	</source>
	<size>
		<width>416</width>
		<height>416</height>
		<depth>3</depth>
	</size>
	<segmented>0</segmented>
	<object>
		<name>Komedo</name>
		<pose>Unspecified</pose>
		<truncated>0</truncated>
		<difficult>0</difficult>
		<occluded>0</occluded>
		<bndbox>
			<xmin>43</xmin>
			<xmax>236</xmax>
			<ymin>56</ymin>
			<ymax>195</ymax>
		</bndbox>
	</object>
	<object>
		<name>Jerawat</name>
		<pose>Unspecified</pose>
		<truncated>0</truncated>
		<difficult>0</difficult>
		<occluded>0</occluded>
		<bndbox>
			<xmin>1</xmin>
			<xmax>152</xmax>
			<ymin>206</ymin>
			<ymax>408</ymax>
		</bndbox>
	</object>
	<object>
		<name>Komedo</name>
		<pose>Unspecified</pose>
		<truncated>0</truncated>
		<difficult>0</difficult>
		<occluded>0</occluded>
		<bndbox>
			<xmin>156</xmin>
			<xmax>332</xmax>
			<ymin>233</ymin>
			<ymax>411</ymax>
		</bndbox>
	</object>
	<object>
		<name>Jerawat</name>
		<pose>Unspecified</pose>
		<truncated>0</truncated>
		<difficult>0</difficult>
		<occluded>0</occluded>
		<bndbox>
			<xmin>337</xmin>
			<xmax>369</xmax>
			<ymin>260</ymin>
			<ymax>397</ymax>
		</bndbox>
	</object>
</annotation>
