<annotation>
	<folder></folder>
	<filename>acne-open-comedo-42_jpg.rf.39da70e80234c47fcac7f38e8116f27a.jpg</filename>
	<path>acne-open-comedo-42_jpg.rf.39da70e80234c47fcac7f38e8116f27a.jpg</path>
	<source>
		<database>roboflow.ai</database>
	</source>
	<size>
		<width>416</width>
		<height>416</height>
		<depth>3</depth>
	</size>
	<segmented>0</segmented>
	<object>
		<name>Komedo</name>
		<pose>Unspecified</pose>
		<truncated>0</truncated>
		<difficult>0</difficult>
		<occluded>0</occluded>
		<bndbox>
			<xmin>129</xmin>
			<xmax>279</xmax>
			<ymin>11</ymin>
			<ymax>273</ymax>
		</bndbox>
	</object>
</annotation>
