<annotation>
	<folder></folder>
	<filename>acne-open-comedo-70_jpg.rf.09f2fbe23914ee0ae3425b80c4cdbc4b.jpg</filename>
	<path>acne-open-comedo-70_jpg.rf.09f2fbe23914ee0ae3425b80c4cdbc4b.jpg</path>
	<source>
		<database>roboflow.ai</database>
	</source>
	<size>
		<width>416</width>
		<height>416</height>
		<depth>3</depth>
	</size>
	<segmented>0</segmented>
	<object>
		<name>Komedo</name>
		<pose>Unspecified</pose>
		<truncated>0</truncated>
		<difficult>0</difficult>
		<occluded>0</occluded>
		<bndbox>
			<xmin>104</xmin>
			<xmax>319</xmax>
			<ymin>109</ymin>
			<ymax>201</ymax>
		</bndbox>
	</object>
	<object>
		<name>Komedo</name>
		<pose>Unspecified</pose>
		<truncated>0</truncated>
		<difficult>0</difficult>
		<occluded>0</occluded>
		<bndbox>
			<xmin>106</xmin>
			<xmax>337</xmax>
			<ymin>13</ymin>
			<ymax>105</ymax>
		</bndbox>
	</object>
</annotation>
