<annotation>
	<folder></folder>
	<filename>acne-cystic-111_jpg.rf.bb32a722a502039f519a36ed4be3b641.jpg</filename>
	<path>acne-cystic-111_jpg.rf.bb32a722a502039f519a36ed4be3b641.jpg</path>
	<source>
		<database>roboflow.ai</database>
	</source>
	<size>
		<width>416</width>
		<height>416</height>
		<depth>3</depth>
	</size>
	<segmented>0</segmented>
	<object>
		<name>Komedo</name>
		<pose>Unspecified</pose>
		<truncated>0</truncated>
		<difficult>0</difficult>
		<occluded>0</occluded>
		<bndbox>
			<xmin>118</xmin>
			<xmax>218</xmax>
			<ymin>71</ymin>
			<ymax>180</ymax>
		</bndbox>
	</object>
	<object>
		<name>Komedo</name>
		<pose>Unspecified</pose>
		<truncated>0</truncated>
		<difficult>0</difficult>
		<occluded>0</occluded>
		<bndbox>
			<xmin>221</xmin>
			<xmax>313</xmax>
			<ymin>113</ymin>
			<ymax>204</ymax>
		</bndbox>
	</object>
	<object>
		<name>Jerawat</name>
		<pose>Unspecified</pose>
		<truncated>0</truncated>
		<difficult>0</difficult>
		<occluded>0</occluded>
		<bndbox>
			<xmin>311</xmin>
			<xmax>362</xmax>
			<ymin>187</ymin>
			<ymax>255</ymax>
		</bndbox>
	</object>
	<object>
		<name>Komedo</name>
		<pose>Unspecified</pose>
		<truncated>0</truncated>
		<difficult>0</difficult>
		<occluded>0</occluded>
		<bndbox>
			<xmin>220</xmin>
			<xmax>253</xmax>
			<ymin>41</ymin>
			<ymax>93</ymax>
		</bndbox>
	</object>
</annotation>
