<annotation>
	<folder></folder>
	<filename>acne-pustular-72_jpg.rf.0e710fcf2971bbd5a67a71712a86c45f.jpg</filename>
	<path>acne-pustular-72_jpg.rf.0e710fcf2971bbd5a67a71712a86c45f.jpg</path>
	<source>
		<database>roboflow.ai</database>
	</source>
	<size>
		<width>416</width>
		<height>416</height>
		<depth>3</depth>
	</size>
	<segmented>0</segmented>
	<object>
		<name>Jerawat</name>
		<pose>Unspecified</pose>
		<truncated>0</truncated>
		<difficult>0</difficult>
		<occluded>0</occluded>
		<bndbox>
			<xmin>4</xmin>
			<xmax>222</xmax>
			<ymin>20</ymin>
			<ymax>192</ymax>
		</bndbox>
	</object>
	<object>
		<name>Jerawat</name>
		<pose>Unspecified</pose>
		<truncated>0</truncated>
		<difficult>0</difficult>
		<occluded>0</occluded>
		<bndbox>
			<xmin>37</xmin>
			<xmax>339</xmax>
			<ymin>222</ymin>
			<ymax>416</ymax>
		</bndbox>
	</object>
</annotation>
