<annotation>
	<folder></folder>
	<filename>acne-excoriated-10_jpg.rf.4b4952553cc025226b086a3af81d74a0.jpg</filename>
	<path>acne-excoriated-10_jpg.rf.4b4952553cc025226b086a3af81d74a0.jpg</path>
	<source>
		<database>roboflow.ai</database>
	</source>
	<size>
		<width>416</width>
		<height>416</height>
		<depth>3</depth>
	</size>
	<segmented>0</segmented>
	<object>
		<name>Jerawat</name>
		<pose>Unspecified</pose>
		<truncated>0</truncated>
		<difficult>0</difficult>
		<occluded>0</occluded>
		<bndbox>
			<xmin>198</xmin>
			<xmax>249</xmax>
			<ymin>221</ymin>
			<ymax>266</ymax>
		</bndbox>
	</object>
	<object>
		<name>Jerawat</name>
		<pose>Unspecified</pose>
		<truncated>0</truncated>
		<difficult>0</difficult>
		<occluded>0</occluded>
		<bndbox>
			<xmin>156</xmin>
			<xmax>215</xmax>
			<ymin>275</ymin>
			<ymax>361</ymax>
		</bndbox>
	</object>
</annotation>
