<annotation>
	<folder></folder>
	<filename>acne-open-comedo-30_jpg.rf.3e298c5a973a56e5d716072f1592b2c4.jpg</filename>
	<path>acne-open-comedo-30_jpg.rf.3e298c5a973a56e5d716072f1592b2c4.jpg</path>
	<source>
		<database>roboflow.ai</database>
	</source>
	<size>
		<width>416</width>
		<height>416</height>
		<depth>3</depth>
	</size>
	<segmented>0</segmented>
	<object>
		<name>Komedo</name>
		<pose>Unspecified</pose>
		<truncated>0</truncated>
		<difficult>0</difficult>
		<occluded>0</occluded>
		<bndbox>
			<xmin>90</xmin>
			<xmax>345</xmax>
			<ymin>28</ymin>
			<ymax>218</ymax>
		</bndbox>
	</object>
	<object>
		<name>Komedo</name>
		<pose>Unspecified</pose>
		<truncated>0</truncated>
		<difficult>0</difficult>
		<occluded>0</occluded>
		<bndbox>
			<xmin>130</xmin>
			<xmax>353</xmax>
			<ymin>230</ymin>
			<ymax>392</ymax>
		</bndbox>
	</object>
	<object>
		<name>Komedo</name>
		<pose>Unspecified</pose>
		<truncated>0</truncated>
		<difficult>0</difficult>
		<occluded>0</occluded>
		<bndbox>
			<xmin>1</xmin>
			<xmax>62</xmax>
			<ymin>299</ymin>
			<ymax>384</ymax>
		</bndbox>
	</object>
</annotation>
