<annotation>
	<folder></folder>
	<filename>acne-closed-comedo-16_jpg.rf.6f3a40dfb18584a5d8df75f26b9a7cc6.jpg</filename>
	<path>acne-closed-comedo-16_jpg.rf.6f3a40dfb18584a5d8df75f26b9a7cc6.jpg</path>
	<source>
		<database>roboflow.ai</database>
	</source>
	<size>
		<width>416</width>
		<height>416</height>
		<depth>3</depth>
	</size>
	<segmented>0</segmented>
	<object>
		<name>Komedo</name>
		<pose>Unspecified</pose>
		<truncated>0</truncated>
		<difficult>0</difficult>
		<occluded>0</occluded>
		<bndbox>
			<xmin>123</xmin>
			<xmax>370</xmax>
			<ymin>103</ymin>
			<ymax>374</ymax>
		</bndbox>
	</object>
</annotation>
