<annotation>
	<folder></folder>
	<filename>acne-excoriated-11_jpg.rf.53f5776cb63850dc25d2f1860fb032dc.jpg</filename>
	<path>acne-excoriated-11_jpg.rf.53f5776cb63850dc25d2f1860fb032dc.jpg</path>
	<source>
		<database>roboflow.ai</database>
	</source>
	<size>
		<width>416</width>
		<height>416</height>
		<depth>3</depth>
	</size>
	<segmented>0</segmented>
	<object>
		<name>Jerawat</name>
		<pose>Unspecified</pose>
		<truncated>0</truncated>
		<difficult>0</difficult>
		<occluded>0</occluded>
		<bndbox>
			<xmin>3</xmin>
			<xmax>74</xmax>
			<ymin>145</ymin>
			<ymax>251</ymax>
		</bndbox>
	</object>
	<object>
		<name>Jerawat</name>
		<pose>Unspecified</pose>
		<truncated>0</truncated>
		<difficult>0</difficult>
		<occluded>0</occluded>
		<bndbox>
			<xmin>167</xmin>
			<xmax>346</xmax>
			<ymin>216</ymin>
			<ymax>337</ymax>
		</bndbox>
	</object>
	<object>
		<name>Jerawat</name>
		<pose>Unspecified</pose>
		<truncated>0</truncated>
		<difficult>0</difficult>
		<occluded>0</occluded>
		<bndbox>
			<xmin>92</xmin>
			<xmax>175</xmax>
			<ymin>264</ymin>
			<ymax>359</ymax>
		</bndbox>
	</object>
</annotation>
