<annotation>
	<folder></folder>
	<filename>acneVulgaris_51130_sm_jpg.rf.eee92ad090d2603cc3df8a78db8949d5.jpg</filename>
	<path>acneVulgaris_51130_sm_jpg.rf.eee92ad090d2603cc3df8a78db8949d5.jpg</path>
	<source>
		<database>roboflow.ai</database>
	</source>
	<size>
		<width>416</width>
		<height>416</height>
		<depth>3</depth>
	</size>
	<segmented>0</segmented>
	<object>
		<name>Jerawat</name>
		<pose>Unspecified</pose>
		<truncated>0</truncated>
		<difficult>0</difficult>
		<occluded>0</occluded>
		<bndbox>
			<xmin>136</xmin>
			<xmax>348</xmax>
			<ymin>69</ymin>
			<ymax>288</ymax>
		</bndbox>
	</object>
</annotation>
