<annotation>
	<folder></folder>
	<filename>acne-open-comedo-66_jpg.rf.e396a82a2408b4d3f9d03b1c12191fbd.jpg</filename>
	<path>acne-open-comedo-66_jpg.rf.e396a82a2408b4d3f9d03b1c12191fbd.jpg</path>
	<source>
		<database>roboflow.ai</database>
	</source>
	<size>
		<width>416</width>
		<height>416</height>
		<depth>3</depth>
	</size>
	<segmented>0</segmented>
	<object>
		<name>Komedo</name>
		<pose>Unspecified</pose>
		<truncated>0</truncated>
		<difficult>0</difficult>
		<occluded>0</occluded>
		<bndbox>
			<xmin>64</xmin>
			<xmax>382</xmax>
			<ymin>33</ymin>
			<ymax>185</ymax>
		</bndbox>
	</object>
	<object>
		<name>Komedo</name>
		<pose>Unspecified</pose>
		<truncated>0</truncated>
		<difficult>0</difficult>
		<occluded>0</occluded>
		<bndbox>
			<xmin>132</xmin>
			<xmax>403</xmax>
			<ymin>228</ymin>
			<ymax>406</ymax>
		</bndbox>
	</object>
</annotation>
