<annotation>
	<folder></folder>
	<filename>acne-closed-comedo-9_jpg.rf.66931f2e9cc7367e68133dfb378c8c6e.jpg</filename>
	<path>acne-closed-comedo-9_jpg.rf.66931f2e9cc7367e68133dfb378c8c6e.jpg</path>
	<source>
		<database>roboflow.ai</database>
	</source>
	<size>
		<width>416</width>
		<height>416</height>
		<depth>3</depth>
	</size>
	<segmented>0</segmented>
	<object>
		<name>Komedo</name>
		<pose>Unspecified</pose>
		<truncated>0</truncated>
		<difficult>0</difficult>
		<occluded>0</occluded>
		<bndbox>
			<xmin>24</xmin>
			<xmax>400</xmax>
			<ymin>37</ymin>
			<ymax>188</ymax>
		</bndbox>
	</object>
	<object>
		<name>Komedo</name>
		<pose>Unspecified</pose>
		<truncated>0</truncated>
		<difficult>0</difficult>
		<occluded>0</occluded>
		<bndbox>
			<xmin>27</xmin>
			<xmax>391</xmax>
			<ymin>226</ymin>
			<ymax>402</ymax>
		</bndbox>
	</object>
</annotation>
