<annotation>
	<folder></folder>
	<filename>acne-open-comedo-5_jpg.rf.1265749ed64abafcd36b75a6d936c316.jpg</filename>
	<path>acne-open-comedo-5_jpg.rf.1265749ed64abafcd36b75a6d936c316.jpg</path>
	<source>
		<database>roboflow.ai</database>
	</source>
	<size>
		<width>416</width>
		<height>416</height>
		<depth>3</depth>
	</size>
	<segmented>0</segmented>
	<object>
		<name>Komedo</name>
		<pose>Unspecified</pose>
		<truncated>0</truncated>
		<difficult>0</difficult>
		<occluded>0</occluded>
		<bndbox>
			<xmin>239</xmin>
			<xmax>252</xmax>
			<ymin>227</ymin>
			<ymax>251</ymax>
		</bndbox>
	</object>
	<object>
		<name>Komedo</name>
		<pose>Unspecified</pose>
		<truncated>0</truncated>
		<difficult>0</difficult>
		<occluded>0</occluded>
		<bndbox>
			<xmin>290</xmin>
			<xmax>326</xmax>
			<ymin>262</ymin>
			<ymax>318</ymax>
		</bndbox>
	</object>
	<object>
		<name>Komedo</name>
		<pose>Unspecified</pose>
		<truncated>0</truncated>
		<difficult>0</difficult>
		<occluded>0</occluded>
		<bndbox>
			<xmin>101</xmin>
			<xmax>151</xmax>
			<ymin>261</ymin>
			<ymax>324</ymax>
		</bndbox>
	</object>
</annotation>
