<annotation>
	<folder></folder>
	<filename>acne-closed-comedo-1_jpg.rf.a15206b90d80e6303047ffcc200353bc.jpg</filename>
	<path>acne-closed-comedo-1_jpg.rf.a15206b90d80e6303047ffcc200353bc.jpg</path>
	<source>
		<database>roboflow.ai</database>
	</source>
	<size>
		<width>416</width>
		<height>416</height>
		<depth>3</depth>
	</size>
	<segmented>0</segmented>
	<object>
		<name>Komedo</name>
		<pose>Unspecified</pose>
		<truncated>0</truncated>
		<difficult>0</difficult>
		<occluded>0</occluded>
		<bndbox>
			<xmin>13</xmin>
			<xmax>411</xmax>
			<ymin>35</ymin>
			<ymax>186</ymax>
		</bndbox>
	</object>
	<object>
		<name>Komedo</name>
		<pose>Unspecified</pose>
		<truncated>0</truncated>
		<difficult>0</difficult>
		<occluded>0</occluded>
		<bndbox>
			<xmin>58</xmin>
			<xmax>358</xmax>
			<ymin>239</ymin>
			<ymax>346</ymax>
		</bndbox>
	</object>
</annotation>
