<annotation>
	<folder></folder>
	<filename>acne-pustular-55_jpg.rf.4619a680fb29dc4690cf56c82963a146.jpg</filename>
	<path>acne-pustular-55_jpg.rf.4619a680fb29dc4690cf56c82963a146.jpg</path>
	<source>
		<database>roboflow.ai</database>
	</source>
	<size>
		<width>416</width>
		<height>416</height>
		<depth>3</depth>
	</size>
	<segmented>0</segmented>
	<object>
		<name>Jerawat</name>
		<pose>Unspecified</pose>
		<truncated>0</truncated>
		<difficult>0</difficult>
		<occluded>0</occluded>
		<bndbox>
			<xmin>73</xmin>
			<xmax>276</xmax>
			<ymin>77</ymin>
			<ymax>181</ymax>
		</bndbox>
	</object>
	<object>
		<name>Jerawat</name>
		<pose>Unspecified</pose>
		<truncated>0</truncated>
		<difficult>0</difficult>
		<occluded>0</occluded>
		<bndbox>
			<xmin>4</xmin>
			<xmax>135</xmax>
			<ymin>261</ymin>
			<ymax>389</ymax>
		</bndbox>
	</object>
	<object>
		<name>Jerawat</name>
		<pose>Unspecified</pose>
		<truncated>0</truncated>
		<difficult>0</difficult>
		<occluded>0</occluded>
		<bndbox>
			<xmin>196</xmin>
			<xmax>416</xmax>
			<ymin>245</ymin>
			<ymax>417</ymax>
		</bndbox>
	</object>
</annotation>
