<annotation>
	<folder></folder>
	<filename>acneVulgaris_6190_sm_jpg.rf.4d649ea23c1a1c6910a714992f4ba73b.jpg</filename>
	<path>acneVulgaris_6190_sm_jpg.rf.4d649ea23c1a1c6910a714992f4ba73b.jpg</path>
	<source>
		<database>roboflow.ai</database>
	</source>
	<size>
		<width>416</width>
		<height>416</height>
		<depth>3</depth>
	</size>
	<segmented>0</segmented>
	<object>
		<name>Jerawat</name>
		<pose>Unspecified</pose>
		<truncated>0</truncated>
		<difficult>0</difficult>
		<occluded>0</occluded>
		<bndbox>
			<xmin>116</xmin>
			<xmax>301</xmax>
			<ymin>113</ymin>
			<ymax>368</ymax>
		</bndbox>
	</object>
</annotation>
