<annotation>
	<folder></folder>
	<filename>acne-scar-6_jpg.rf.c62876401bd8d90254d80bd06192edad.jpg</filename>
	<path>acne-scar-6_jpg.rf.c62876401bd8d90254d80bd06192edad.jpg</path>
	<source>
		<database>roboflow.ai</database>
	</source>
	<size>
		<width>416</width>
		<height>416</height>
		<depth>3</depth>
	</size>
	<segmented>0</segmented>
	<object>
		<name>Komedo</name>
		<pose>Unspecified</pose>
		<truncated>0</truncated>
		<difficult>0</difficult>
		<occluded>0</occluded>
		<bndbox>
			<xmin>36</xmin>
			<xmax>119</xmax>
			<ymin>35</ymin>
			<ymax>145</ymax>
		</bndbox>
	</object>
	<object>
		<name>Komedo</name>
		<pose>Unspecified</pose>
		<truncated>0</truncated>
		<difficult>0</difficult>
		<occluded>0</occluded>
		<bndbox>
			<xmin>23</xmin>
			<xmax>145</xmax>
			<ymin>342</ymin>
			<ymax>414</ymax>
		</bndbox>
	</object>
	<object>
		<name>Komedo</name>
		<pose>Unspecified</pose>
		<truncated>0</truncated>
		<difficult>0</difficult>
		<occluded>0</occluded>
		<bndbox>
			<xmin>150</xmin>
			<xmax>235</xmax>
			<ymin>355</ymin>
			<ymax>416</ymax>
		</bndbox>
	</object>
</annotation>
