<annotation>
	<folder></folder>
	<filename>acne-scar-7_jpg.rf.da8da21b4ca284d6e15c4af5396aaea6.jpg</filename>
	<path>acne-scar-7_jpg.rf.da8da21b4ca284d6e15c4af5396aaea6.jpg</path>
	<source>
		<database>roboflow.ai</database>
	</source>
	<size>
		<width>416</width>
		<height>416</height>
		<depth>3</depth>
	</size>
	<segmented>0</segmented>
	<object>
		<name>Komedo</name>
		<pose>Unspecified</pose>
		<truncated>0</truncated>
		<difficult>0</difficult>
		<occluded>0</occluded>
		<bndbox>
			<xmin>198</xmin>
			<xmax>338</xmax>
			<ymin>55</ymin>
			<ymax>145</ymax>
		</bndbox>
	</object>
	<object>
		<name>Komedo</name>
		<pose>Unspecified</pose>
		<truncated>0</truncated>
		<difficult>0</difficult>
		<occluded>0</occluded>
		<bndbox>
			<xmin>9</xmin>
			<xmax>124</xmax>
			<ymin>219</ymin>
			<ymax>357</ymax>
		</bndbox>
	</object>
	<object>
		<name>Komedo</name>
		<pose>Unspecified</pose>
		<truncated>0</truncated>
		<difficult>0</difficult>
		<occluded>0</occluded>
		<bndbox>
			<xmin>234</xmin>
			<xmax>369</xmax>
			<ymin>285</ymin>
			<ymax>414</ymax>
		</bndbox>
	</object>
</annotation>
