<annotation>
	<folder></folder>
	<filename>acne-pustular-62_jpg.rf.84f47a1ada423a2eb3ffc3bbcc9958fc.jpg</filename>
	<path>acne-pustular-62_jpg.rf.84f47a1ada423a2eb3ffc3bbcc9958fc.jpg</path>
	<source>
		<database>roboflow.ai</database>
	</source>
	<size>
		<width>416</width>
		<height>416</height>
		<depth>3</depth>
	</size>
	<segmented>0</segmented>
	<object>
		<name>Jerawat</name>
		<pose>Unspecified</pose>
		<truncated>0</truncated>
		<difficult>0</difficult>
		<occluded>0</occluded>
		<bndbox>
			<xmin>213</xmin>
			<xmax>354</xmax>
			<ymin>36</ymin>
			<ymax>129</ymax>
		</bndbox>
	</object>
	<object>
		<name>Jerawat</name>
		<pose>Unspecified</pose>
		<truncated>0</truncated>
		<difficult>0</difficult>
		<occluded>0</occluded>
		<bndbox>
			<xmin>94</xmin>
			<xmax>226</xmax>
			<ymin>96</ymin>
			<ymax>194</ymax>
		</bndbox>
	</object>
	<object>
		<name>Jerawat</name>
		<pose>Unspecified</pose>
		<truncated>0</truncated>
		<difficult>0</difficult>
		<occluded>0</occluded>
		<bndbox>
			<xmin>39</xmin>
			<xmax>301</xmax>
			<ymin>232</ymin>
			<ymax>416</ymax>
		</bndbox>
	</object>
</annotation>
