<annotation>
	<folder></folder>
	<filename>acne-excoriated-8_jpg.rf.137644e7830cc2d0be7a5aa29aad3ebe.jpg</filename>
	<path>acne-excoriated-8_jpg.rf.137644e7830cc2d0be7a5aa29aad3ebe.jpg</path>
	<source>
		<database>roboflow.ai</database>
	</source>
	<size>
		<width>416</width>
		<height>416</height>
		<depth>3</depth>
	</size>
	<segmented>0</segmented>
	<object>
		<name>Jerawat</name>
		<pose>Unspecified</pose>
		<truncated>0</truncated>
		<difficult>0</difficult>
		<occluded>0</occluded>
		<bndbox>
			<xmin>107</xmin>
			<xmax>183</xmax>
			<ymin>75</ymin>
			<ymax>161</ymax>
		</bndbox>
	</object>
	<object>
		<name>Jerawat</name>
		<pose>Unspecified</pose>
		<truncated>0</truncated>
		<difficult>0</difficult>
		<occluded>0</occluded>
		<bndbox>
			<xmin>3</xmin>
			<xmax>96</xmax>
			<ymin>61</ymin>
			<ymax>249</ymax>
		</bndbox>
	</object>
	<object>
		<name>Jerawat</name>
		<pose>Unspecified</pose>
		<truncated>0</truncated>
		<difficult>0</difficult>
		<occluded>0</occluded>
		<bndbox>
			<xmin>182</xmin>
			<xmax>378</xmax>
			<ymin>242</ymin>
			<ymax>400</ymax>
		</bndbox>
	</object>
</annotation>
