<annotation>
	<folder></folder>
	<filename>acne-pustular-34_jpg.rf.5055143c1d8c408a8f3b2923cd47d260.jpg</filename>
	<path>acne-pustular-34_jpg.rf.5055143c1d8c408a8f3b2923cd47d260.jpg</path>
	<source>
		<database>roboflow.ai</database>
	</source>
	<size>
		<width>416</width>
		<height>416</height>
		<depth>3</depth>
	</size>
	<segmented>0</segmented>
	<object>
		<name>Komedo</name>
		<pose>Unspecified</pose>
		<truncated>0</truncated>
		<difficult>0</difficult>
		<occluded>0</occluded>
		<bndbox>
			<xmin>178</xmin>
			<xmax>228</xmax>
			<ymin>80</ymin>
			<ymax>132</ymax>
		</bndbox>
	</object>
	<object>
		<name>Jerawat</name>
		<pose>Unspecified</pose>
		<truncated>0</truncated>
		<difficult>0</difficult>
		<occluded>0</occluded>
		<bndbox>
			<xmin>303</xmin>
			<xmax>328</xmax>
			<ymin>145</ymin>
			<ymax>195</ymax>
		</bndbox>
	</object>
	<object>
		<name>Jerawat</name>
		<pose>Unspecified</pose>
		<truncated>0</truncated>
		<difficult>0</difficult>
		<occluded>0</occluded>
		<bndbox>
			<xmin>211</xmin>
			<xmax>240</xmax>
			<ymin>296</ymin>
			<ymax>340</ymax>
		</bndbox>
	</object>
	<object>
		<name>Jerawat</name>
		<pose>Unspecified</pose>
		<truncated>0</truncated>
		<difficult>0</difficult>
		<occluded>0</occluded>
		<bndbox>
			<xmin>298</xmin>
			<xmax>348</xmax>
			<ymin>36</ymin>
			<ymax>103</ymax>
		</bndbox>
	</object>
</annotation>
