<annotation>
	<folder></folder>
	<filename>acne-cystic-92_jpg.rf.22c5ae3794e4e1696bcf9a88f43a5a26.jpg</filename>
	<path>acne-cystic-92_jpg.rf.22c5ae3794e4e1696bcf9a88f43a5a26.jpg</path>
	<source>
		<database>roboflow.ai</database>
	</source>
	<size>
		<width>416</width>
		<height>416</height>
		<depth>3</depth>
	</size>
	<segmented>0</segmented>
	<object>
		<name>Jerawat</name>
		<pose>Unspecified</pose>
		<truncated>0</truncated>
		<difficult>0</difficult>
		<occluded>0</occluded>
		<bndbox>
			<xmin>99</xmin>
			<xmax>209</xmax>
			<ymin>26</ymin>
			<ymax>199</ymax>
		</bndbox>
	</object>
</annotation>
