<annotation>
	<folder></folder>
	<filename>acne-closed-comedo-8_jpg.rf.cc4d300137fd8c68aae4c7f8eecb6ce3.jpg</filename>
	<path>acne-closed-comedo-8_jpg.rf.cc4d300137fd8c68aae4c7f8eecb6ce3.jpg</path>
	<source>
		<database>roboflow.ai</database>
	</source>
	<size>
		<width>416</width>
		<height>416</height>
		<depth>3</depth>
	</size>
	<segmented>0</segmented>
	<object>
		<name>Komedo</name>
		<pose>Unspecified</pose>
		<truncated>0</truncated>
		<difficult>0</difficult>
		<occluded>0</occluded>
		<bndbox>
			<xmin>111</xmin>
			<xmax>402</xmax>
			<ymin>23</ymin>
			<ymax>181</ymax>
		</bndbox>
	</object>
	<object>
		<name>Komedo</name>
		<pose>Unspecified</pose>
		<truncated>0</truncated>
		<difficult>0</difficult>
		<occluded>0</occluded>
		<bndbox>
			<xmin>1</xmin>
			<xmax>107</xmax>
			<ymin>79</ymin>
			<ymax>385</ymax>
		</bndbox>
	</object>
	<object>
		<name>Komedo</name>
		<pose>Unspecified</pose>
		<truncated>0</truncated>
		<difficult>0</difficult>
		<occluded>0</occluded>
		<bndbox>
			<xmin>118</xmin>
			<xmax>399</xmax>
			<ymin>249</ymin>
			<ymax>390</ymax>
		</bndbox>
	</object>
</annotation>
