<annotation>
	<folder></folder>
	<filename>acneVulgaris_51135_sm_jpg.rf.f7f0f21987e01e560c72eef00c28c566.jpg</filename>
	<path>acneVulgaris_51135_sm_jpg.rf.f7f0f21987e01e560c72eef00c28c566.jpg</path>
	<source>
		<database>roboflow.ai</database>
	</source>
	<size>
		<width>416</width>
		<height>416</height>
		<depth>3</depth>
	</size>
	<segmented>0</segmented>
	<object>
		<name>Jerawat</name>
		<pose>Unspecified</pose>
		<truncated>0</truncated>
		<difficult>0</difficult>
		<occluded>0</occluded>
		<bndbox>
			<xmin>59</xmin>
			<xmax>383</xmax>
			<ymin>83</ymin>
			<ymax>309</ymax>
		</bndbox>
	</object>
</annotation>
