<annotation>
	<folder></folder>
	<filename>acne-closed-comedo-22_jpg.rf.f30a0a9ef0fa41e21843ab6e08704869.jpg</filename>
	<path>acne-closed-comedo-22_jpg.rf.f30a0a9ef0fa41e21843ab6e08704869.jpg</path>
	<source>
		<database>roboflow.ai</database>
	</source>
	<size>
		<width>416</width>
		<height>416</height>
		<depth>3</depth>
	</size>
	<segmented>0</segmented>
	<object>
		<name>Komedo</name>
		<pose>Unspecified</pose>
		<truncated>0</truncated>
		<difficult>0</difficult>
		<occluded>0</occluded>
		<bndbox>
			<xmin>180</xmin>
			<xmax>307</xmax>
			<ymin>133</ymin>
			<ymax>281</ymax>
		</bndbox>
	</object>
</annotation>
