<annotation>
	<folder></folder>
	<filename>acne-open-comedo-39_jpg.rf.5de828f0e7e3cadcd0f026eee8952bb2.jpg</filename>
	<path>acne-open-comedo-39_jpg.rf.5de828f0e7e3cadcd0f026eee8952bb2.jpg</path>
	<source>
		<database>roboflow.ai</database>
	</source>
	<size>
		<width>416</width>
		<height>416</height>
		<depth>3</depth>
	</size>
	<segmented>0</segmented>
	<object>
		<name>Komedo</name>
		<pose>Unspecified</pose>
		<truncated>0</truncated>
		<difficult>0</difficult>
		<occluded>0</occluded>
		<bndbox>
			<xmin>157</xmin>
			<xmax>238</xmax>
			<ymin>144</ymin>
			<ymax>265</ymax>
		</bndbox>
	</object>
</annotation>
