<annotation>
	<folder></folder>
	<filename>acne-pustular-48_jpg.rf.af954b670107f4b421ed9afd2384236c.jpg</filename>
	<path>acne-pustular-48_jpg.rf.af954b670107f4b421ed9afd2384236c.jpg</path>
	<source>
		<database>roboflow.ai</database>
	</source>
	<size>
		<width>416</width>
		<height>416</height>
		<depth>3</depth>
	</size>
	<segmented>0</segmented>
	<object>
		<name>Jerawat</name>
		<pose>Unspecified</pose>
		<truncated>0</truncated>
		<difficult>0</difficult>
		<occluded>0</occluded>
		<bndbox>
			<xmin>249</xmin>
			<xmax>285</xmax>
			<ymin>99</ymin>
			<ymax>143</ymax>
		</bndbox>
	</object>
	<object>
		<name>Jerawat</name>
		<pose>Unspecified</pose>
		<truncated>0</truncated>
		<difficult>0</difficult>
		<occluded>0</occluded>
		<bndbox>
			<xmin>147</xmin>
			<xmax>199</xmax>
			<ymin>110</ymin>
			<ymax>183</ymax>
		</bndbox>
	</object>
	<object>
		<name>Jerawat</name>
		<pose>Unspecified</pose>
		<truncated>0</truncated>
		<difficult>0</difficult>
		<occluded>0</occluded>
		<bndbox>
			<xmin>46</xmin>
			<xmax>85</xmax>
			<ymin>143</ymin>
			<ymax>247</ymax>
		</bndbox>
	</object>
	<object>
		<name>Jerawat</name>
		<pose>Unspecified</pose>
		<truncated>0</truncated>
		<difficult>0</difficult>
		<occluded>0</occluded>
		<bndbox>
			<xmin>280</xmin>
			<xmax>333</xmax>
			<ymin>254</ymin>
			<ymax>317</ymax>
		</bndbox>
	</object>
</annotation>
