<annotation>
	<folder></folder>
	<filename>acneVulgaris_38301_sm_jpg.rf.88cdce08aece144caea424818f11bde2.jpg</filename>
	<path>acneVulgaris_38301_sm_jpg.rf.88cdce08aece144caea424818f11bde2.jpg</path>
	<source>
		<database>roboflow.ai</database>
	</source>
	<size>
		<width>416</width>
		<height>416</height>
		<depth>3</depth>
	</size>
	<segmented>0</segmented>
	<object>
		<name>Jerawat</name>
		<pose>Unspecified</pose>
		<truncated>0</truncated>
		<difficult>0</difficult>
		<occluded>0</occluded>
		<bndbox>
			<xmin>38</xmin>
			<xmax>344</xmax>
			<ymin>89</ymin>
			<ymax>323</ymax>
		</bndbox>
	</object>
</annotation>
