<annotation>
	<folder></folder>
	<filename>acneVulgaris_51145_sm_jpg.rf.82382774dc94edf31a0555952d4c4b9f.jpg</filename>
	<path>acneVulgaris_51145_sm_jpg.rf.82382774dc94edf31a0555952d4c4b9f.jpg</path>
	<source>
		<database>roboflow.ai</database>
	</source>
	<size>
		<width>416</width>
		<height>416</height>
		<depth>3</depth>
	</size>
	<segmented>0</segmented>
	<object>
		<name>Jerawat</name>
		<pose>Unspecified</pose>
		<truncated>0</truncated>
		<difficult>0</difficult>
		<occluded>0</occluded>
		<bndbox>
			<xmin>256</xmin>
			<xmax>353</xmax>
			<ymin>26</ymin>
			<ymax>164</ymax>
		</bndbox>
	</object>
	<object>
		<name>Jerawat</name>
		<pose>Unspecified</pose>
		<truncated>0</truncated>
		<difficult>0</difficult>
		<occluded>0</occluded>
		<bndbox>
			<xmin>87</xmin>
			<xmax>248</xmax>
			<ymin>65</ymin>
			<ymax>299</ymax>
		</bndbox>
	</object>
	<object>
		<name>Jerawat</name>
		<pose>Unspecified</pose>
		<truncated>0</truncated>
		<difficult>0</difficult>
		<occluded>0</occluded>
		<bndbox>
			<xmin>194</xmin>
			<xmax>343</xmax>
			<ymin>267</ymin>
			<ymax>412</ymax>
		</bndbox>
	</object>
</annotation>
