<annotation>
	<folder></folder>
	<filename>acne-closed-comedo-35_jpg.rf.b22d1a803051ca70cf1d8c07b1067c0b.jpg</filename>
	<path>acne-closed-comedo-35_jpg.rf.b22d1a803051ca70cf1d8c07b1067c0b.jpg</path>
	<source>
		<database>roboflow.ai</database>
	</source>
	<size>
		<width>416</width>
		<height>416</height>
		<depth>3</depth>
	</size>
	<segmented>0</segmented>
	<object>
		<name>Komedo</name>
		<pose>Unspecified</pose>
		<truncated>0</truncated>
		<difficult>0</difficult>
		<occluded>0</occluded>
		<bndbox>
			<xmin>5</xmin>
			<xmax>400</xmax>
			<ymin>7</ymin>
			<ymax>190</ymax>
		</bndbox>
	</object>
	<object>
		<name>Komedo</name>
		<pose>Unspecified</pose>
		<truncated>0</truncated>
		<difficult>0</difficult>
		<occluded>0</occluded>
		<bndbox>
			<xmin>77</xmin>
			<xmax>411</xmax>
			<ymin>246</ymin>
			<ymax>391</ymax>
		</bndbox>
	</object>
</annotation>
