<annotation>
	<folder></folder>
	<filename>acne-cystic-29_jpg.rf.97d40eeabd5bd46f1d902940adaf6751.jpg</filename>
	<path>acne-cystic-29_jpg.rf.97d40eeabd5bd46f1d902940adaf6751.jpg</path>
	<source>
		<database>roboflow.ai</database>
	</source>
	<size>
		<width>416</width>
		<height>416</height>
		<depth>3</depth>
	</size>
	<segmented>0</segmented>
	<object>
		<name>Jerawat</name>
		<pose>Unspecified</pose>
		<truncated>0</truncated>
		<difficult>0</difficult>
		<occluded>0</occluded>
		<bndbox>
			<xmin>181</xmin>
			<xmax>273</xmax>
			<ymin>189</ymin>
			<ymax>253</ymax>
		</bndbox>
	</object>
</annotation>
