<annotation>
	<folder></folder>
	<filename>acne-closed-comedo-19_jpg.rf.70b277624eec016fc433a9500629cfe2.jpg</filename>
	<path>acne-closed-comedo-19_jpg.rf.70b277624eec016fc433a9500629cfe2.jpg</path>
	<source>
		<database>roboflow.ai</database>
	</source>
	<size>
		<width>416</width>
		<height>416</height>
		<depth>3</depth>
	</size>
	<segmented>0</segmented>
	<object>
		<name>Jerawat</name>
		<pose>Unspecified</pose>
		<truncated>0</truncated>
		<difficult>0</difficult>
		<occluded>0</occluded>
		<bndbox>
			<xmin>47</xmin>
			<xmax>113</xmax>
			<ymin>155</ymin>
			<ymax>327</ymax>
		</bndbox>
	</object>
	<object>
		<name>Jerawat</name>
		<pose>Unspecified</pose>
		<truncated>0</truncated>
		<difficult>0</difficult>
		<occluded>0</occluded>
		<bndbox>
			<xmin>168</xmin>
			<xmax>248</xmax>
			<ymin>250</ymin>
			<ymax>389</ymax>
		</bndbox>
	</object>
	<object>
		<name>Jerawat</name>
		<pose>Unspecified</pose>
		<truncated>0</truncated>
		<difficult>0</difficult>
		<occluded>0</occluded>
		<bndbox>
			<xmin>38</xmin>
			<xmax>66</xmax>
			<ymin>37</ymin>
			<ymax>72</ymax>
		</bndbox>
	</object>
</annotation>
