<annotation>
	<folder></folder>
	<filename>acneVulgaris_51136_sm_jpg.rf.af66f9f1c96afde07d44632ad7f3ad03.jpg</filename>
	<path>acneVulgaris_51136_sm_jpg.rf.af66f9f1c96afde07d44632ad7f3ad03.jpg</path>
	<source>
		<database>roboflow.ai</database>
	</source>
	<size>
		<width>416</width>
		<height>416</height>
		<depth>3</depth>
	</size>
	<segmented>0</segmented>
	<object>
		<name>Jerawat</name>
		<pose>Unspecified</pose>
		<truncated>0</truncated>
		<difficult>0</difficult>
		<occluded>0</occluded>
		<bndbox>
			<xmin>87</xmin>
			<xmax>414</xmax>
			<ymin>16</ymin>
			<ymax>412</ymax>
		</bndbox>
	</object>
</annotation>
