<annotation>
	<folder></folder>
	<filename>acne-open-comedo-45_jpg.rf.840116697ed765ac7a4e13e2a1de7ccf.jpg</filename>
	<path>acne-open-comedo-45_jpg.rf.840116697ed765ac7a4e13e2a1de7ccf.jpg</path>
	<source>
		<database>roboflow.ai</database>
	</source>
	<size>
		<width>416</width>
		<height>416</height>
		<depth>3</depth>
	</size>
	<segmented>0</segmented>
	<object>
		<name>Komedo</name>
		<pose>Unspecified</pose>
		<truncated>0</truncated>
		<difficult>0</difficult>
		<occluded>0</occluded>
		<bndbox>
			<xmin>312</xmin>
			<xmax>333</xmax>
			<ymin>171</ymin>
			<ymax>231</ymax>
		</bndbox>
	</object>
	<object>
		<name>Komedo</name>
		<pose>Unspecified</pose>
		<truncated>0</truncated>
		<difficult>0</difficult>
		<occluded>0</occluded>
		<bndbox>
			<xmin>1</xmin>
			<xmax>106</xmax>
			<ymin>133</ymin>
			<ymax>410</ymax>
		</bndbox>
	</object>
	<object>
		<name>Komedo</name>
		<pose>Unspecified</pose>
		<truncated>0</truncated>
		<difficult>0</difficult>
		<occluded>0</occluded>
		<bndbox>
			<xmin>137</xmin>
			<xmax>212</xmax>
			<ymin>248</ymin>
			<ymax>399</ymax>
		</bndbox>
	</object>
	<object>
		<name>Komedo</name>
		<pose>Unspecified</pose>
		<truncated>0</truncated>
		<difficult>0</difficult>
		<occluded>0</occluded>
		<bndbox>
			<xmin>270</xmin>
			<xmax>313</xmax>
			<ymin>243</ymin>
			<ymax>410</ymax>
		</bndbox>
	</object>
</annotation>
