<annotation>
	<folder></folder>
	<filename>acne-closed-comedo-23_jpg.rf.6f57e6ac54741e4329d6c7f24e147898.jpg</filename>
	<path>acne-closed-comedo-23_jpg.rf.6f57e6ac54741e4329d6c7f24e147898.jpg</path>
	<source>
		<database>roboflow.ai</database>
	</source>
	<size>
		<width>416</width>
		<height>416</height>
		<depth>3</depth>
	</size>
	<segmented>0</segmented>
	<object>
		<name>Jerawat</name>
		<pose>Unspecified</pose>
		<truncated>0</truncated>
		<difficult>0</difficult>
		<occluded>0</occluded>
		<bndbox>
			<xmin>231</xmin>
			<xmax>305</xmax>
			<ymin>89</ymin>
			<ymax>218</ymax>
		</bndbox>
	</object>
</annotation>
