<annotation>
	<folder></folder>
	<filename>acne-open-comedo-17_jpg.rf.d08043203aea074c603d53f9045a47a3.jpg</filename>
	<path>acne-open-comedo-17_jpg.rf.d08043203aea074c603d53f9045a47a3.jpg</path>
	<source>
		<database>roboflow.ai</database>
	</source>
	<size>
		<width>416</width>
		<height>416</height>
		<depth>3</depth>
	</size>
	<segmented>0</segmented>
	<object>
		<name>Jerawat</name>
		<pose>Unspecified</pose>
		<truncated>0</truncated>
		<difficult>0</difficult>
		<occluded>0</occluded>
		<bndbox>
			<xmin>39</xmin>
			<xmax>318</xmax>
			<ymin>144</ymin>
			<ymax>389</ymax>
		</bndbox>
	</object>
</annotation>
