<annotation>
	<folder></folder>
	<filename>acne-closed-comedo-11_jpg.rf.767faa068a6f17f1b024ab9410e5e8d9.jpg</filename>
	<path>acne-closed-comedo-11_jpg.rf.767faa068a6f17f1b024ab9410e5e8d9.jpg</path>
	<source>
		<database>roboflow.ai</database>
	</source>
	<size>
		<width>416</width>
		<height>416</height>
		<depth>3</depth>
	</size>
	<segmented>0</segmented>
	<object>
		<name>Komedo</name>
		<pose>Unspecified</pose>
		<truncated>0</truncated>
		<difficult>0</difficult>
		<occluded>0</occluded>
		<bndbox>
			<xmin>53</xmin>
			<xmax>366</xmax>
			<ymin>82</ymin>
			<ymax>182</ymax>
		</bndbox>
	</object>
	<object>
		<name>Komedo</name>
		<pose>Unspecified</pose>
		<truncated>0</truncated>
		<difficult>0</difficult>
		<occluded>0</occluded>
		<bndbox>
			<xmin>370</xmin>
			<xmax>407</xmax>
			<ymin>115</ymin>
			<ymax>224</ymax>
		</bndbox>
	</object>
	<object>
		<name>Komedo</name>
		<pose>Unspecified</pose>
		<truncated>0</truncated>
		<difficult>0</difficult>
		<occluded>0</occluded>
		<bndbox>
			<xmin>61</xmin>
			<xmax>347</xmax>
			<ymin>234</ymin>
			<ymax>362</ymax>
		</bndbox>
	</object>
</annotation>
