<annotation>
	<folder></folder>
	<filename>acne-open-comedo-73_jpg.rf.4e8982658401b6f93b951a21ac3f625f.jpg</filename>
	<path>acne-open-comedo-73_jpg.rf.4e8982658401b6f93b951a21ac3f625f.jpg</path>
	<source>
		<database>roboflow.ai</database>
	</source>
	<size>
		<width>416</width>
		<height>416</height>
		<depth>3</depth>
	</size>
	<segmented>0</segmented>
	<object>
		<name>Komedo</name>
		<pose>Unspecified</pose>
		<truncated>0</truncated>
		<difficult>0</difficult>
		<occluded>0</occluded>
		<bndbox>
			<xmin>150</xmin>
			<xmax>353</xmax>
			<ymin>115</ymin>
			<ymax>204</ymax>
		</bndbox>
	</object>
</annotation>
