<annotation>
	<folder></folder>
	<filename>acne-open-comedo-38_jpg.rf.fa67ce23bfb150218358bf3d483f49aa.jpg</filename>
	<path>acne-open-comedo-38_jpg.rf.fa67ce23bfb150218358bf3d483f49aa.jpg</path>
	<source>
		<database>roboflow.ai</database>
	</source>
	<size>
		<width>416</width>
		<height>416</height>
		<depth>3</depth>
	</size>
	<segmented>0</segmented>
	<object>
		<name>Jerawat</name>
		<pose>Unspecified</pose>
		<truncated>0</truncated>
		<difficult>0</difficult>
		<occluded>0</occluded>
		<bndbox>
			<xmin>251</xmin>
			<xmax>289</xmax>
			<ymin>230</ymin>
			<ymax>283</ymax>
		</bndbox>
	</object>
	<object>
		<name>Jerawat</name>
		<pose>Unspecified</pose>
		<truncated>0</truncated>
		<difficult>0</difficult>
		<occluded>0</occluded>
		<bndbox>
			<xmin>335</xmin>
			<xmax>368</xmax>
			<ymin>264</ymin>
			<ymax>313</ymax>
		</bndbox>
	</object>
	<object>
		<name>Komedo</name>
		<pose>Unspecified</pose>
		<truncated>0</truncated>
		<difficult>0</difficult>
		<occluded>0</occluded>
		<bndbox>
			<xmin>138</xmin>
			<xmax>279</xmax>
			<ymin>228</ymin>
			<ymax>400</ymax>
		</bndbox>
	</object>
	<object>
		<name>Jerawat</name>
		<pose>Unspecified</pose>
		<truncated>0</truncated>
		<difficult>0</difficult>
		<occluded>0</occluded>
		<bndbox>
			<xmin>150</xmin>
			<xmax>197</xmax>
			<ymin>17</ymin>
			<ymax>65</ymax>
		</bndbox>
	</object>
</annotation>
