<annotation>
	<folder></folder>
	<filename>acne-pustular-66_jpg.rf.c0183dad2924a47720021c65a0b7d1dc.jpg</filename>
	<path>acne-pustular-66_jpg.rf.c0183dad2924a47720021c65a0b7d1dc.jpg</path>
	<source>
		<database>roboflow.ai</database>
	</source>
	<size>
		<width>416</width>
		<height>416</height>
		<depth>3</depth>
	</size>
	<segmented>0</segmented>
	<object>
		<name>Jerawat</name>
		<pose>Unspecified</pose>
		<truncated>0</truncated>
		<difficult>0</difficult>
		<occluded>0</occluded>
		<bndbox>
			<xmin>83</xmin>
			<xmax>343</xmax>
			<ymin>223</ymin>
			<ymax>416</ymax>
		</bndbox>
	</object>
</annotation>
