<annotation>
	<folder></folder>
	<filename>acne-cystic-91_jpg.rf.a7ec58c5375c941ffaac0ff217c15860.jpg</filename>
	<path>acne-cystic-91_jpg.rf.a7ec58c5375c941ffaac0ff217c15860.jpg</path>
	<source>
		<database>roboflow.ai</database>
	</source>
	<size>
		<width>416</width>
		<height>416</height>
		<depth>3</depth>
	</size>
	<segmented>0</segmented>
	<object>
		<name>Komedo</name>
		<pose>Unspecified</pose>
		<truncated>0</truncated>
		<difficult>0</difficult>
		<occluded>0</occluded>
		<bndbox>
			<xmin>237</xmin>
			<xmax>292</xmax>
			<ymin>277</ymin>
			<ymax>315</ymax>
		</bndbox>
	</object>
	<object>
		<name>Jerawat</name>
		<pose>Unspecified</pose>
		<truncated>0</truncated>
		<difficult>0</difficult>
		<occluded>0</occluded>
		<bndbox>
			<xmin>139</xmin>
			<xmax>299</xmax>
			<ymin>12</ymin>
			<ymax>143</ymax>
		</bndbox>
	</object>
</annotation>
