<annotation>
	<folder></folder>
	<filename>acne-pustular-56_jpg.rf.943c830489206fe83d4a29b73421930a.jpg</filename>
	<path>acne-pustular-56_jpg.rf.943c830489206fe83d4a29b73421930a.jpg</path>
	<source>
		<database>roboflow.ai</database>
	</source>
	<size>
		<width>416</width>
		<height>416</height>
		<depth>3</depth>
	</size>
	<segmented>0</segmented>
	<object>
		<name>Jerawat</name>
		<pose>Unspecified</pose>
		<truncated>0</truncated>
		<difficult>0</difficult>
		<occluded>0</occluded>
		<bndbox>
			<xmin>174</xmin>
			<xmax>212</xmax>
			<ymin>233</ymin>
			<ymax>258</ymax>
		</bndbox>
	</object>
	<object>
		<name>Jerawat</name>
		<pose>Unspecified</pose>
		<truncated>0</truncated>
		<difficult>0</difficult>
		<occluded>0</occluded>
		<bndbox>
			<xmin>277</xmin>
			<xmax>323</xmax>
			<ymin>243</ymin>
			<ymax>265</ymax>
		</bndbox>
	</object>
	<object>
		<name>Jerawat</name>
		<pose>Unspecified</pose>
		<truncated>0</truncated>
		<difficult>0</difficult>
		<occluded>0</occluded>
		<bndbox>
			<xmin>35</xmin>
			<xmax>151</xmax>
			<ymin>223</ymin>
			<ymax>309</ymax>
		</bndbox>
	</object>
	<object>
		<name>Jerawat</name>
		<pose>Unspecified</pose>
		<truncated>0</truncated>
		<difficult>0</difficult>
		<occluded>0</occluded>
		<bndbox>
			<xmin>271</xmin>
			<xmax>328</xmax>
			<ymin>292</ymin>
			<ymax>334</ymax>
		</bndbox>
	</object>
</annotation>
