<annotation>
	<folder></folder>
	<filename>acne-pustular-64_jpg.rf.4818fe16b830633cdf474a505895cd18.jpg</filename>
	<path>acne-pustular-64_jpg.rf.4818fe16b830633cdf474a505895cd18.jpg</path>
	<source>
		<database>roboflow.ai</database>
	</source>
	<size>
		<width>416</width>
		<height>416</height>
		<depth>3</depth>
	</size>
	<segmented>0</segmented>
	<object>
		<name>Jerawat</name>
		<pose>Unspecified</pose>
		<truncated>0</truncated>
		<difficult>0</difficult>
		<occluded>0</occluded>
		<bndbox>
			<xmin>196</xmin>
			<xmax>339</xmax>
			<ymin>17</ymin>
			<ymax>115</ymax>
		</bndbox>
	</object>
	<object>
		<name>Jerawat</name>
		<pose>Unspecified</pose>
		<truncated>0</truncated>
		<difficult>0</difficult>
		<occluded>0</occluded>
		<bndbox>
			<xmin>126</xmin>
			<xmax>210</xmax>
			<ymin>68</ymin>
			<ymax>129</ymax>
		</bndbox>
	</object>
	<object>
		<name>Jerawat</name>
		<pose>Unspecified</pose>
		<truncated>0</truncated>
		<difficult>0</difficult>
		<occluded>0</occluded>
		<bndbox>
			<xmin>83</xmin>
			<xmax>276</xmax>
			<ymin>158</ymin>
			<ymax>202</ymax>
		</bndbox>
	</object>
	<object>
		<name>Jerawat</name>
		<pose>Unspecified</pose>
		<truncated>0</truncated>
		<difficult>0</difficult>
		<occluded>0</occluded>
		<bndbox>
			<xmin>23</xmin>
			<xmax>374</xmax>
			<ymin>223</ymin>
			<ymax>379</ymax>
		</bndbox>
	</object>
</annotation>
