<annotation>
	<folder></folder>
	<filename>acneVulgaris_51129_sm_jpg.rf.d1db115285f0a8598a09ea59f9abd025.jpg</filename>
	<path>acneVulgaris_51129_sm_jpg.rf.d1db115285f0a8598a09ea59f9abd025.jpg</path>
	<source>
		<database>roboflow.ai</database>
	</source>
	<size>
		<width>416</width>
		<height>416</height>
		<depth>3</depth>
	</size>
	<segmented>0</segmented>
	<object>
		<name>Jerawat</name>
		<pose>Unspecified</pose>
		<truncated>0</truncated>
		<difficult>0</difficult>
		<occluded>0</occluded>
		<bndbox>
			<xmin>73</xmin>
			<xmax>353</xmax>
			<ymin>73</ymin>
			<ymax>267</ymax>
		</bndbox>
	</object>
</annotation>
