<annotation>
	<folder></folder>
	<filename>B2ABF4B4-0FD8-4431-A947-B3A102367103---Halimah-Tusa_Diyah-1-_jpeg_jpg.rf.73f0c99d395e5db472161becd330dfec.jpg</filename>
	<path>B2ABF4B4-0FD8-4431-A947-B3A102367103---Halimah-Tusa_Diyah-1-_jpeg_jpg.rf.73f0c99d395e5db472161becd330dfec.jpg</path>
	<source>
		<database>roboflow.ai</database>
	</source>
	<size>
		<width>416</width>
		<height>416</height>
		<depth>3</depth>
	</size>
	<segmented>0</segmented>
	<object>
		<name>Jerawat</name>
		<pose>Unspecified</pose>
		<truncated>0</truncated>
		<difficult>0</difficult>
		<occluded>0</occluded>
		<bndbox>
			<xmin>111</xmin>
			<xmax>182</xmax>
			<ymin>144</ymin>
			<ymax>271</ymax>
		</bndbox>
	</object>
</annotation>
