<annotation>
	<folder></folder>
	<filename>IMG-20220509-WA0058---Maulidya-Dwi-Ila-Zamzani-1-_jpeg_jpg.rf.86651e9cf34f54a18906cb586fdc0cb7.jpg</filename>
	<path>IMG-20220509-WA0058---Maulidya-Dwi-Ila-Zamzani-1-_jpeg_jpg.rf.86651e9cf34f54a18906cb586fdc0cb7.jpg</path>
	<source>
		<database>roboflow.ai</database>
	</source>
	<size>
		<width>416</width>
		<height>416</height>
		<depth>3</depth>
	</size>
	<segmented>0</segmented>
	<object>
		<name>Jerawat</name>
		<pose>Unspecified</pose>
		<truncated>0</truncated>
		<difficult>0</difficult>
		<occluded>0</occluded>
		<bndbox>
			<xmin>210</xmin>
			<xmax>347</xmax>
			<ymin>171</ymin>
			<ymax>335</ymax>
		</bndbox>
	</object>
</annotation>
