<annotation>
	<folder></folder>
	<filename>IMG20220509201626---Lutphi-Mardiono_jpg.rf.d8c473d5adafbfc7df44e49827be1a88.jpg</filename>
	<path>IMG20220509201626---Lutphi-Mardiono_jpg.rf.d8c473d5adafbfc7df44e49827be1a88.jpg</path>
	<source>
		<database>roboflow.ai</database>
	</source>
	<size>
		<width>416</width>
		<height>416</height>
		<depth>3</depth>
	</size>
	<segmented>0</segmented>
	<object>
		<name>Jerawat</name>
		<pose>Unspecified</pose>
		<truncated>0</truncated>
		<difficult>0</difficult>
		<occluded>0</occluded>
		<bndbox>
			<xmin>144</xmin>
			<xmax>221</xmax>
			<ymin>267</ymin>
			<ymax>333</ymax>
		</bndbox>
	</object>
</annotation>
