<annotation>
	<folder></folder>
	<filename>IMG20220509193023---Muhammad-Rivai_jpg.rf.8b37dc71397ccf1eeab2f4b9b3e85086.jpg</filename>
	<path>IMG20220509193023---Muhammad-Rivai_jpg.rf.8b37dc71397ccf1eeab2f4b9b3e85086.jpg</path>
	<source>
		<database>roboflow.ai</database>
	</source>
	<size>
		<width>416</width>
		<height>416</height>
		<depth>3</depth>
	</size>
	<segmented>0</segmented>
	<object>
		<name>Jerawat</name>
		<pose>Unspecified</pose>
		<truncated>0</truncated>
		<difficult>0</difficult>
		<occluded>0</occluded>
		<bndbox>
			<xmin>166</xmin>
			<xmax>227</xmax>
			<ymin>210</ymin>
			<ymax>273</ymax>
		</bndbox>
	</object>
</annotation>
