<annotation>
	<folder></folder>
	<filename>IMG_20220509_234414_440---Izzah-Edwar_jpg.rf.ac7fb7ad284e8e235af5ebb72640e57b.jpg</filename>
	<path>IMG_20220509_234414_440---Izzah-Edwar_jpg.rf.ac7fb7ad284e8e235af5ebb72640e57b.jpg</path>
	<source>
		<database>roboflow.ai</database>
	</source>
	<size>
		<width>416</width>
		<height>416</height>
		<depth>3</depth>
	</size>
	<segmented>0</segmented>
	<object>
		<name>Jerawat</name>
		<pose>Unspecified</pose>
		<truncated>0</truncated>
		<difficult>0</difficult>
		<occluded>0</occluded>
		<bndbox>
			<xmin>65</xmin>
			<xmax>94</xmax>
			<ymin>83</ymin>
			<ymax>123</ymax>
		</bndbox>
	</object>
	<object>
		<name>Jerawat</name>
		<pose>Unspecified</pose>
		<truncated>0</truncated>
		<difficult>0</difficult>
		<occluded>0</occluded>
		<bndbox>
			<xmin>353</xmin>
			<xmax>376</xmax>
			<ymin>94</ymin>
			<ymax>130</ymax>
		</bndbox>
	</object>
	<object>
		<name>Jerawat</name>
		<pose>Unspecified</pose>
		<truncated>0</truncated>
		<difficult>0</difficult>
		<occluded>0</occluded>
		<bndbox>
			<xmin>156</xmin>
			<xmax>191</xmax>
			<ymin>380</ymin>
			<ymax>405</ymax>
		</bndbox>
	</object>
</annotation>
