<annotation>
	<folder></folder>
	<filename>IMG_20220417_163324-2---Fadli-Fadillah-M2128F1581-1-_jpg.rf.48e3c4bcdc2474c91bb9a58435316824.jpg</filename>
	<path>IMG_20220417_163324-2---Fadli-Fadillah-M2128F1581-1-_jpg.rf.48e3c4bcdc2474c91bb9a58435316824.jpg</path>
	<source>
		<database>roboflow.ai</database>
	</source>
	<size>
		<width>416</width>
		<height>416</height>
		<depth>3</depth>
	</size>
	<segmented>0</segmented>
	<object>
		<name>Jerawat</name>
		<pose>Unspecified</pose>
		<truncated>0</truncated>
		<difficult>0</difficult>
		<occluded>0</occluded>
		<bndbox>
			<xmin>22</xmin>
			<xmax>399</xmax>
			<ymin>117</ymin>
			<ymax>376</ymax>
		</bndbox>
	</object>
</annotation>
