<annotation>
	<folder></folder>
	<filename>IMG_20220510_075316---Lonard-Steven_jpg.rf.a93b8997aaf12f7aedece93c9a8e3ba5.jpg</filename>
	<path>IMG_20220510_075316---Lonard-Steven_jpg.rf.a93b8997aaf12f7aedece93c9a8e3ba5.jpg</path>
	<source>
		<database>roboflow.ai</database>
	</source>
	<size>
		<width>416</width>
		<height>416</height>
		<depth>3</depth>
	</size>
	<segmented>0</segmented>
	<object>
		<name>Komedo</name>
		<pose>Unspecified</pose>
		<truncated>0</truncated>
		<difficult>0</difficult>
		<occluded>0</occluded>
		<bndbox>
			<xmin>1</xmin>
			<xmax>181</xmax>
			<ymin>181</ymin>
			<ymax>377</ymax>
		</bndbox>
	</object>
</annotation>
