<annotation>
	<folder></folder>
	<filename>IMG_20220510_084103---Adzra-Sybil-Alvina_jpg.rf.526c8ab9b22fa574d4819284031cd748.jpg</filename>
	<path>IMG_20220510_084103---Adzra-Sybil-Alvina_jpg.rf.526c8ab9b22fa574d4819284031cd748.jpg</path>
	<source>
		<database>roboflow.ai</database>
	</source>
	<size>
		<width>416</width>
		<height>416</height>
		<depth>3</depth>
	</size>
	<segmented>0</segmented>
	<object>
		<name>Komedo</name>
		<pose>Unspecified</pose>
		<truncated>0</truncated>
		<difficult>0</difficult>
		<occluded>0</occluded>
		<bndbox>
			<xmin>217</xmin>
			<xmax>246</xmax>
			<ymin>322</ymin>
			<ymax>339</ymax>
		</bndbox>
	</object>
	<object>
		<name>Jerawat</name>
		<pose>Unspecified</pose>
		<truncated>0</truncated>
		<difficult>0</difficult>
		<occluded>0</occluded>
		<bndbox>
			<xmin>189</xmin>
			<xmax>219</xmax>
			<ymin>384</ymin>
			<ymax>408</ymax>
		</bndbox>
	</object>
</annotation>
