<annotation>
	<folder></folder>
	<filename>IMG_20220510_052934---Emilia_jpg.rf.5bb96b1e50bab0e701eaaabe77f3a76c.jpg</filename>
	<path>IMG_20220510_052934---Emilia_jpg.rf.5bb96b1e50bab0e701eaaabe77f3a76c.jpg</path>
	<source>
		<database>roboflow.ai</database>
	</source>
	<size>
		<width>416</width>
		<height>416</height>
		<depth>3</depth>
	</size>
	<segmented>0</segmented>
	<object>
		<name>Komedo</name>
		<pose>Unspecified</pose>
		<truncated>0</truncated>
		<difficult>0</difficult>
		<occluded>0</occluded>
		<bndbox>
			<xmin>187</xmin>
			<xmax>227</xmax>
			<ymin>320</ymin>
			<ymax>343</ymax>
		</bndbox>
	</object>
	<object>
		<name>Komedo</name>
		<pose>Unspecified</pose>
		<truncated>0</truncated>
		<difficult>0</difficult>
		<occluded>0</occluded>
		<bndbox>
			<xmin>97</xmin>
			<xmax>142</xmax>
			<ymin>321</ymin>
			<ymax>342</ymax>
		</bndbox>
	</object>
	<object>
		<name>Komedo</name>
		<pose>Unspecified</pose>
		<truncated>0</truncated>
		<difficult>0</difficult>
		<occluded>0</occluded>
		<bndbox>
			<xmin>297</xmin>
			<xmax>322</xmax>
			<ymin>183</ymin>
			<ymax>212</ymax>
		</bndbox>
	</object>
</annotation>
