<annotation>
	<folder></folder>
	<filename>IMG_20220512_005532_708-2---Athaya-Zahra-1-_jpg.rf.06d082b9f57008cfe9b1fb63c4d2beb6.jpg</filename>
	<path>IMG_20220512_005532_708-2---Athaya-Zahra-1-_jpg.rf.06d082b9f57008cfe9b1fb63c4d2beb6.jpg</path>
	<source>
		<database>roboflow.ai</database>
	</source>
	<size>
		<width>416</width>
		<height>416</height>
		<depth>3</depth>
	</size>
	<segmented>0</segmented>
	<object>
		<name>Jerawat</name>
		<pose>Unspecified</pose>
		<truncated>0</truncated>
		<difficult>0</difficult>
		<occluded>0</occluded>
		<bndbox>
			<xmin>296</xmin>
			<xmax>399</xmax>
			<ymin>175</ymin>
			<ymax>298</ymax>
		</bndbox>
	</object>
	<object>
		<name>Jerawat</name>
		<pose>Unspecified</pose>
		<truncated>0</truncated>
		<difficult>0</difficult>
		<occluded>0</occluded>
		<bndbox>
			<xmin>111</xmin>
			<xmax>285</xmax>
			<ymin>194</ymin>
			<ymax>311</ymax>
		</bndbox>
	</object>
	<object>
		<name>Jerawat</name>
		<pose>Unspecified</pose>
		<truncated>0</truncated>
		<difficult>0</difficult>
		<occluded>0</occluded>
		<bndbox>
			<xmin>275</xmin>
			<xmax>375</xmax>
			<ymin>319</ymin>
			<ymax>388</ymax>
		</bndbox>
	</object>
	<object>
		<name>Jerawat</name>
		<pose>Unspecified</pose>
		<truncated>0</truncated>
		<difficult>0</difficult>
		<occluded>0</occluded>
		<bndbox>
			<xmin>81</xmin>
			<xmax>182</xmax>
			<ymin>29</ymin>
			<ymax>109</ymax>
		</bndbox>
	</object>
	<object>
		<name>Jerawat</name>
		<pose>Unspecified</pose>
		<truncated>0</truncated>
		<difficult>0</difficult>
		<occluded>0</occluded>
		<bndbox>
			<xmin>232</xmin>
			<xmax>288</xmax>
			<ymin>62</ymin>
			<ymax>133</ymax>
		</bndbox>
	</object>
	<object>
		<name>Jerawat</name>
		<pose>Unspecified</pose>
		<truncated>0</truncated>
		<difficult>0</difficult>
		<occluded>0</occluded>
		<bndbox>
			<xmin>126</xmin>
			<xmax>227</xmax>
			<ymin>118</ymin>
			<ymax>173</ymax>
		</bndbox>
	</object>
</annotation>
