<annotation>
	<folder></folder>
	<filename>IMG_20220417_163407-2---Fadli-Fadillah-M2128F1581-1-_jpg.rf.5809b5684519c84fd4a79a4518de941f.jpg</filename>
	<path>IMG_20220417_163407-2---Fadli-Fadillah-M2128F1581-1-_jpg.rf.5809b5684519c84fd4a79a4518de941f.jpg</path>
	<source>
		<database>roboflow.ai</database>
	</source>
	<size>
		<width>416</width>
		<height>416</height>
		<depth>3</depth>
	</size>
	<segmented>0</segmented>
	<object>
		<name>Jerawat</name>
		<pose>Unspecified</pose>
		<truncated>0</truncated>
		<difficult>0</difficult>
		<occluded>0</occluded>
		<bndbox>
			<xmin>37</xmin>
			<xmax>374</xmax>
			<ymin>85</ymin>
			<ymax>334</ymax>
		</bndbox>
	</object>
</annotation>
