<annotation>
	<folder></folder>
	<filename>IMG_20220509_193708---Muhammad-Reza-Azhar-Priyadi-M2005F0429_jpg.rf.d0d8bdb9a6f9ed289344af35727a015f.jpg</filename>
	<path>IMG_20220509_193708---Muhammad-Reza-Azhar-Priyadi-M2005F0429_jpg.rf.d0d8bdb9a6f9ed289344af35727a015f.jpg</path>
	<source>
		<database>roboflow.ai</database>
	</source>
	<size>
		<width>416</width>
		<height>416</height>
		<depth>3</depth>
	</size>
	<segmented>0</segmented>
	<object>
		<name>Jerawat</name>
		<pose>Unspecified</pose>
		<truncated>0</truncated>
		<difficult>0</difficult>
		<occluded>0</occluded>
		<bndbox>
			<xmin>216</xmin>
			<xmax>322</xmax>
			<ymin>171</ymin>
			<ymax>323</ymax>
		</bndbox>
	</object>
</annotation>
