<annotation>
	<folder></folder>
	<filename>IMG_20220512_060813---Tomi-Timutius-C2010F1059_jpg.rf.3506cdf8e6a00e016bbe8c3c7e275a07.jpg</filename>
	<path>IMG_20220512_060813---Tomi-Timutius-C2010F1059_jpg.rf.3506cdf8e6a00e016bbe8c3c7e275a07.jpg</path>
	<source>
		<database>roboflow.ai</database>
	</source>
	<size>
		<width>416</width>
		<height>416</height>
		<depth>3</depth>
	</size>
	<segmented>0</segmented>
	<object>
		<name>Jerawat</name>
		<pose>Unspecified</pose>
		<truncated>0</truncated>
		<difficult>0</difficult>
		<occluded>0</occluded>
		<bndbox>
			<xmin>196</xmin>
			<xmax>288</xmax>
			<ymin>105</ymin>
			<ymax>239</ymax>
		</bndbox>
	</object>
</annotation>
