<annotation>
	<folder></folder>
	<filename>IMG_20220510_075313_1---Lonard-Steven_jpg.rf.bf18056f87f73ca45ddfc84d83552615.jpg</filename>
	<path>IMG_20220510_075313_1---Lonard-Steven_jpg.rf.bf18056f87f73ca45ddfc84d83552615.jpg</path>
	<source>
		<database>roboflow.ai</database>
	</source>
	<size>
		<width>416</width>
		<height>416</height>
		<depth>3</depth>
	</size>
	<segmented>0</segmented>
	<object>
		<name>Komedo</name>
		<pose>Unspecified</pose>
		<truncated>0</truncated>
		<difficult>0</difficult>
		<occluded>0</occluded>
		<bndbox>
			<xmin>220</xmin>
			<xmax>255</xmax>
			<ymin>152</ymin>
			<ymax>189</ymax>
		</bndbox>
	</object>
</annotation>
