<annotation>
	<folder></folder>
	<filename>IMG_20220510_052835---Emilia_jpg.rf.707d81a454d5e3d8bb10035dbf25b285.jpg</filename>
	<path>IMG_20220510_052835---Emilia_jpg.rf.707d81a454d5e3d8bb10035dbf25b285.jpg</path>
	<source>
		<database>roboflow.ai</database>
	</source>
	<size>
		<width>416</width>
		<height>416</height>
		<depth>3</depth>
	</size>
	<segmented>0</segmented>
	<object>
		<name>Jerawat</name>
		<pose>Unspecified</pose>
		<truncated>0</truncated>
		<difficult>0</difficult>
		<occluded>0</occluded>
		<bndbox>
			<xmin>96</xmin>
			<xmax>149</xmax>
			<ymin>110</ymin>
			<ymax>197</ymax>
		</bndbox>
	</object>
</annotation>
