<annotation>
	<folder></folder>
	<filename>IMG_20220509_194149---Marco-Delloni-Liborang_jpg.rf.18089b97e78ce991f17f0f67421ff13f.jpg</filename>
	<path>IMG_20220509_194149---Marco-Delloni-Liborang_jpg.rf.18089b97e78ce991f17f0f67421ff13f.jpg</path>
	<source>
		<database>roboflow.ai</database>
	</source>
	<size>
		<width>416</width>
		<height>416</height>
		<depth>3</depth>
	</size>
	<segmented>0</segmented>
	<object>
		<name>Komedo</name>
		<pose>Unspecified</pose>
		<truncated>0</truncated>
		<difficult>0</difficult>
		<occluded>0</occluded>
		<bndbox>
			<xmin>150</xmin>
			<xmax>206</xmax>
			<ymin>317</ymin>
			<ymax>371</ymax>
		</bndbox>
	</object>
	<object>
		<name>Komedo</name>
		<pose>Unspecified</pose>
		<truncated>0</truncated>
		<difficult>0</difficult>
		<occluded>0</occluded>
		<bndbox>
			<xmin>32</xmin>
			<xmax>61</xmax>
			<ymin>158</ymin>
			<ymax>188</ymax>
		</bndbox>
	</object>
</annotation>
