<annotation>
	<folder></folder>
	<filename>IMG_20220509_202711---Bifta-Desfiana_jpg.rf.aef65f1812bdb7ec5a20e6ff0862fd2f.jpg</filename>
	<path>IMG_20220509_202711---Bifta-Desfiana_jpg.rf.aef65f1812bdb7ec5a20e6ff0862fd2f.jpg</path>
	<source>
		<database>roboflow.ai</database>
	</source>
	<size>
		<width>416</width>
		<height>416</height>
		<depth>3</depth>
	</size>
	<segmented>0</segmented>
	<object>
		<name>Jerawat</name>
		<pose>Unspecified</pose>
		<truncated>0</truncated>
		<difficult>0</difficult>
		<occluded>0</occluded>
		<bndbox>
			<xmin>221</xmin>
			<xmax>367</xmax>
			<ymin>185</ymin>
			<ymax>303</ymax>
		</bndbox>
	</object>
</annotation>
