<annotation>
	<folder></folder>
	<filename>levle0_513_jpg.rf.e6d2737c389bf8d84d018eee3752bcd4.jpg</filename>
	<path>levle0_513_jpg.rf.e6d2737c389bf8d84d018eee3752bcd4.jpg</path>
	<source>
		<database>roboflow.ai</database>
	</source>
	<size>
		<width>416</width>
		<height>416</height>
		<depth>3</depth>
	</size>
	<segmented>0</segmented>
	<object>
		<name>Jerawat</name>
		<pose>Unspecified</pose>
		<truncated>0</truncated>
		<difficult>0</difficult>
		<occluded>0</occluded>
		<bndbox>
			<xmin>341</xmin>
			<xmax>373</xmax>
			<ymin>248</ymin>
			<ymax>282</ymax>
		</bndbox>
	</object>
	<object>
		<name>Komedo</name>
		<pose>Unspecified</pose>
		<truncated>0</truncated>
		<difficult>0</difficult>
		<occluded>0</occluded>
		<bndbox>
			<xmin>163</xmin>
			<xmax>219</xmax>
			<ymin>259</ymin>
			<ymax>283</ymax>
		</bndbox>
	</object>
</annotation>
