<annotation>
	<folder></folder>
	<filename>levle1_107_jpg.rf.b4185edabd70086bc45ebc33e6ee8ea2.jpg</filename>
	<path>levle1_107_jpg.rf.b4185edabd70086bc45ebc33e6ee8ea2.jpg</path>
	<source>
		<database>roboflow.ai</database>
	</source>
	<size>
		<width>416</width>
		<height>416</height>
		<depth>3</depth>
	</size>
	<segmented>0</segmented>
	<object>
		<name>Jerawat</name>
		<pose>Unspecified</pose>
		<truncated>0</truncated>
		<difficult>0</difficult>
		<occluded>0</occluded>
		<bndbox>
			<xmin>270</xmin>
			<xmax>290</xmax>
			<ymin>219</ymin>
			<ymax>250</ymax>
		</bndbox>
	</object>
	<object>
		<name>Jerawat</name>
		<pose>Unspecified</pose>
		<truncated>0</truncated>
		<difficult>0</difficult>
		<occluded>0</occluded>
		<bndbox>
			<xmin>247</xmin>
			<xmax>292</xmax>
			<ymin>322</ymin>
			<ymax>362</ymax>
		</bndbox>
	</object>
	<object>
		<name>Jerawat</name>
		<pose>Unspecified</pose>
		<truncated>0</truncated>
		<difficult>0</difficult>
		<occluded>0</occluded>
		<bndbox>
			<xmin>238</xmin>
			<xmax>262</xmax>
			<ymin>67</ymin>
			<ymax>107</ymax>
		</bndbox>
	</object>
</annotation>
