<annotation>
	<folder></folder>
	<filename>levle1_109_jpg.rf.fba3f249f4ed44fb27c330291e520224.jpg</filename>
	<path>levle1_109_jpg.rf.fba3f249f4ed44fb27c330291e520224.jpg</path>
	<source>
		<database>roboflow.ai</database>
	</source>
	<size>
		<width>416</width>
		<height>416</height>
		<depth>3</depth>
	</size>
	<segmented>0</segmented>
	<object>
		<name>Komedo</name>
		<pose>Unspecified</pose>
		<truncated>0</truncated>
		<difficult>0</difficult>
		<occluded>0</occluded>
		<bndbox>
			<xmin>244</xmin>
			<xmax>287</xmax>
			<ymin>196</ymin>
			<ymax>232</ymax>
		</bndbox>
	</object>
	<object>
		<name>Jerawat</name>
		<pose>Unspecified</pose>
		<truncated>0</truncated>
		<difficult>0</difficult>
		<occluded>0</occluded>
		<bndbox>
			<xmin>178</xmin>
			<xmax>200</xmax>
			<ymin>223</ymin>
			<ymax>243</ymax>
		</bndbox>
	</object>
	<object>
		<name>Jerawat</name>
		<pose>Unspecified</pose>
		<truncated>0</truncated>
		<difficult>0</difficult>
		<occluded>0</occluded>
		<bndbox>
			<xmin>129</xmin>
			<xmax>164</xmax>
			<ymin>231</ymin>
			<ymax>271</ymax>
		</bndbox>
	</object>
	<object>
		<name>Jerawat</name>
		<pose>Unspecified</pose>
		<truncated>0</truncated>
		<difficult>0</difficult>
		<occluded>0</occluded>
		<bndbox>
			<xmin>231</xmin>
			<xmax>242</xmax>
			<ymin>275</ymin>
			<ymax>302</ymax>
		</bndbox>
	</object>
	<object>
		<name>Jerawat</name>
		<pose>Unspecified</pose>
		<truncated>0</truncated>
		<difficult>0</difficult>
		<occluded>0</occluded>
		<bndbox>
			<xmin>181</xmin>
			<xmax>208</xmax>
			<ymin>285</ymin>
			<ymax>309</ymax>
		</bndbox>
	</object>
	<object>
		<name>Jerawat</name>
		<pose>Unspecified</pose>
		<truncated>0</truncated>
		<difficult>0</difficult>
		<occluded>0</occluded>
		<bndbox>
			<xmin>235</xmin>
			<xmax>251</xmax>
			<ymin>56</ymin>
			<ymax>82</ymax>
		</bndbox>
	</object>
</annotation>
