<annotation>
	<folder></folder>
	<filename>levle1_122_jpg.rf.b696371e238a3e1abe03dc347a9a9720.jpg</filename>
	<path>levle1_122_jpg.rf.b696371e238a3e1abe03dc347a9a9720.jpg</path>
	<source>
		<database>roboflow.ai</database>
	</source>
	<size>
		<width>416</width>
		<height>416</height>
		<depth>3</depth>
	</size>
	<segmented>0</segmented>
	<object>
		<name>Jerawat</name>
		<pose>Unspecified</pose>
		<truncated>0</truncated>
		<difficult>0</difficult>
		<occluded>0</occluded>
		<bndbox>
			<xmin>208</xmin>
			<xmax>262</xmax>
			<ymin>235</ymin>
			<ymax>323</ymax>
		</bndbox>
	</object>
</annotation>
