<annotation>
	<folder></folder>
	<filename>levle1_100_jpg.rf.c078ccc4aea19dbbac545126da6ab2b6.jpg</filename>
	<path>levle1_100_jpg.rf.c078ccc4aea19dbbac545126da6ab2b6.jpg</path>
	<source>
		<database>roboflow.ai</database>
	</source>
	<size>
		<width>416</width>
		<height>416</height>
		<depth>3</depth>
	</size>
	<segmented>0</segmented>
	<object>
		<name>Jerawat</name>
		<pose>Unspecified</pose>
		<truncated>0</truncated>
		<difficult>0</difficult>
		<occluded>0</occluded>
		<bndbox>
			<xmin>206</xmin>
			<xmax>254</xmax>
			<ymin>300</ymin>
			<ymax>355</ymax>
		</bndbox>
	</object>
</annotation>
