<annotation>
	<folder></folder>
	<filename>levle0_406_jpg.rf.ac2dfc2ce94a10c756924045ec0f2250.jpg</filename>
	<path>levle0_406_jpg.rf.ac2dfc2ce94a10c756924045ec0f2250.jpg</path>
	<source>
		<database>roboflow.ai</database>
	</source>
	<size>
		<width>416</width>
		<height>416</height>
		<depth>3</depth>
	</size>
	<segmented>0</segmented>
	<object>
		<name>Jerawat</name>
		<pose>Unspecified</pose>
		<truncated>0</truncated>
		<difficult>0</difficult>
		<occluded>0</occluded>
		<bndbox>
			<xmin>225</xmin>
			<xmax>264</xmax>
			<ymin>100</ymin>
			<ymax>126</ymax>
		</bndbox>
	</object>
	<object>
		<name>Jerawat</name>
		<pose>Unspecified</pose>
		<truncated>0</truncated>
		<difficult>0</difficult>
		<occluded>0</occluded>
		<bndbox>
			<xmin>251</xmin>
			<xmax>300</xmax>
			<ymin>369</ymin>
			<ymax>407</ymax>
		</bndbox>
	</object>
</annotation>
