<annotation>
	<folder></folder>
	<filename>levle1_117_jpg.rf.76989025c739e503e3fe9f4f7f750e93.jpg</filename>
	<path>levle1_117_jpg.rf.76989025c739e503e3fe9f4f7f750e93.jpg</path>
	<source>
		<database>roboflow.ai</database>
	</source>
	<size>
		<width>416</width>
		<height>416</height>
		<depth>3</depth>
	</size>
	<segmented>0</segmented>
	<object>
		<name>Jerawat</name>
		<pose>Unspecified</pose>
		<truncated>0</truncated>
		<difficult>0</difficult>
		<occluded>0</occluded>
		<bndbox>
			<xmin>193</xmin>
			<xmax>211</xmax>
			<ymin>225</ymin>
			<ymax>251</ymax>
		</bndbox>
	</object>
	<object>
		<name>Jerawat</name>
		<pose>Unspecified</pose>
		<truncated>0</truncated>
		<difficult>0</difficult>
		<occluded>0</occluded>
		<bndbox>
			<xmin>145</xmin>
			<xmax>183</xmax>
			<ymin>220</ymin>
			<ymax>264</ymax>
		</bndbox>
	</object>
</annotation>
