<annotation>
	<folder></folder>
	<filename>levle1_124_jpg.rf.0f244b47da0e555ff4ef6730d8561eb8.jpg</filename>
	<path>levle1_124_jpg.rf.0f244b47da0e555ff4ef6730d8561eb8.jpg</path>
	<source>
		<database>roboflow.ai</database>
	</source>
	<size>
		<width>416</width>
		<height>416</height>
		<depth>3</depth>
	</size>
	<segmented>0</segmented>
	<object>
		<name>Jerawat</name>
		<pose>Unspecified</pose>
		<truncated>0</truncated>
		<difficult>0</difficult>
		<occluded>0</occluded>
		<bndbox>
			<xmin>191</xmin>
			<xmax>209</xmax>
			<ymin>198</ymin>
			<ymax>221</ymax>
		</bndbox>
	</object>
	<object>
		<name>Jerawat</name>
		<pose>Unspecified</pose>
		<truncated>0</truncated>
		<difficult>0</difficult>
		<occluded>0</occluded>
		<bndbox>
			<xmin>237</xmin>
			<xmax>262</xmax>
			<ymin>69</ymin>
			<ymax>111</ymax>
		</bndbox>
	</object>
</annotation>
