<annotation>
	<folder></folder>
	<filename>levle0_407_jpg.rf.df36ae6c942711aa74796dfc0f59a113.jpg</filename>
	<path>levle0_407_jpg.rf.df36ae6c942711aa74796dfc0f59a113.jpg</path>
	<source>
		<database>roboflow.ai</database>
	</source>
	<size>
		<width>416</width>
		<height>416</height>
		<depth>3</depth>
	</size>
	<segmented>0</segmented>
	<object>
		<name>Jerawat</name>
		<pose>Unspecified</pose>
		<truncated>0</truncated>
		<difficult>0</difficult>
		<occluded>0</occluded>
		<bndbox>
			<xmin>229</xmin>
			<xmax>271</xmax>
			<ymin>247</ymin>
			<ymax>270</ymax>
		</bndbox>
	</object>
	<object>
		<name>Jerawat</name>
		<pose>Unspecified</pose>
		<truncated>0</truncated>
		<difficult>0</difficult>
		<occluded>0</occluded>
		<bndbox>
			<xmin>310</xmin>
			<xmax>327</xmax>
			<ymin>273</ymin>
			<ymax>302</ymax>
		</bndbox>
	</object>
</annotation>
