<annotation>
	<folder></folder>
	<filename>levle1_120_jpg.rf.80d553aaf5e56b2afab2dc9034d599d9.jpg</filename>
	<path>levle1_120_jpg.rf.80d553aaf5e56b2afab2dc9034d599d9.jpg</path>
	<source>
		<database>roboflow.ai</database>
	</source>
	<size>
		<width>416</width>
		<height>416</height>
		<depth>3</depth>
	</size>
	<segmented>0</segmented>
	<object>
		<name>Jerawat</name>
		<pose>Unspecified</pose>
		<truncated>0</truncated>
		<difficult>0</difficult>
		<occluded>0</occluded>
		<bndbox>
			<xmin>210</xmin>
			<xmax>258</xmax>
			<ymin>248</ymin>
			<ymax>300</ymax>
		</bndbox>
	</object>
	<object>
		<name>Jerawat</name>
		<pose>Unspecified</pose>
		<truncated>0</truncated>
		<difficult>0</difficult>
		<occluded>0</occluded>
		<bndbox>
			<xmin>206</xmin>
			<xmax>225</xmax>
			<ymin>57</ymin>
			<ymax>75</ymax>
		</bndbox>
	</object>
</annotation>
