<annotation>
	<folder></folder>
	<filename>levle0_518_jpg.rf.74c0b5981c77008e7747a5edea49b934.jpg</filename>
	<path>levle0_518_jpg.rf.74c0b5981c77008e7747a5edea49b934.jpg</path>
	<source>
		<database>roboflow.ai</database>
	</source>
	<size>
		<width>416</width>
		<height>416</height>
		<depth>3</depth>
	</size>
	<segmented>0</segmented>
	<object>
		<name>Komedo</name>
		<pose>Unspecified</pose>
		<truncated>0</truncated>
		<difficult>0</difficult>
		<occluded>0</occluded>
		<bndbox>
			<xmin>69</xmin>
			<xmax>88</xmax>
			<ymin>195</ymin>
			<ymax>225</ymax>
		</bndbox>
	</object>
	<object>
		<name>Jerawat</name>
		<pose>Unspecified</pose>
		<truncated>0</truncated>
		<difficult>0</difficult>
		<occluded>0</occluded>
		<bndbox>
			<xmin>86</xmin>
			<xmax>128</xmax>
			<ymin>267</ymin>
			<ymax>336</ymax>
		</bndbox>
	</object>
</annotation>
