<annotation>
	<folder></folder>
	<filename>levle0_129_jpg.rf.d71562980b358e6627a65dbac9a13359.jpg</filename>
	<path>levle0_129_jpg.rf.d71562980b358e6627a65dbac9a13359.jpg</path>
	<source>
		<database>roboflow.ai</database>
	</source>
	<size>
		<width>416</width>
		<height>416</height>
		<depth>3</depth>
	</size>
	<segmented>0</segmented>
	<object>
		<name>Jerawat</name>
		<pose>Unspecified</pose>
		<truncated>0</truncated>
		<difficult>0</difficult>
		<occluded>0</occluded>
		<bndbox>
			<xmin>246</xmin>
			<xmax>287</xmax>
			<ymin>63</ymin>
			<ymax>98</ymax>
		</bndbox>
	</object>
	<object>
		<name>Jerawat</name>
		<pose>Unspecified</pose>
		<truncated>0</truncated>
		<difficult>0</difficult>
		<occluded>0</occluded>
		<bndbox>
			<xmin>308</xmin>
			<xmax>330</xmax>
			<ymin>234</ymin>
			<ymax>292</ymax>
		</bndbox>
	</object>
</annotation>
