<annotation>
	<folder></folder>
	<filename>levle0_145_jpg.rf.492d56533fcedbc855ff53846aca2620.jpg</filename>
	<path>levle0_145_jpg.rf.492d56533fcedbc855ff53846aca2620.jpg</path>
	<source>
		<database>roboflow.ai</database>
	</source>
	<size>
		<width>416</width>
		<height>416</height>
		<depth>3</depth>
	</size>
	<segmented>0</segmented>
	<object>
		<name>Jerawat</name>
		<pose>Unspecified</pose>
		<truncated>0</truncated>
		<difficult>0</difficult>
		<occluded>0</occluded>
		<bndbox>
			<xmin>306</xmin>
			<xmax>342</xmax>
			<ymin>251</ymin>
			<ymax>310</ymax>
		</bndbox>
	</object>
</annotation>
