<annotation>
	<folder></folder>
	<filename>levle0_167_jpg.rf.1671383e34e3f263699564203b4032f9.jpg</filename>
	<path>levle0_167_jpg.rf.1671383e34e3f263699564203b4032f9.jpg</path>
	<source>
		<database>roboflow.ai</database>
	</source>
	<size>
		<width>416</width>
		<height>416</height>
		<depth>3</depth>
	</size>
	<segmented>0</segmented>
	<object>
		<name>Komedo</name>
		<pose>Unspecified</pose>
		<truncated>0</truncated>
		<difficult>0</difficult>
		<occluded>0</occluded>
		<bndbox>
			<xmin>158</xmin>
			<xmax>209</xmax>
			<ymin>204</ymin>
			<ymax>255</ymax>
		</bndbox>
	</object>
</annotation>
