<annotation>
	<folder></folder>
	<filename>levle0_22_jpg.rf.da8cb65ea5da9f4466ab01cab33f4818.jpg</filename>
	<path>levle0_22_jpg.rf.da8cb65ea5da9f4466ab01cab33f4818.jpg</path>
	<source>
		<database>roboflow.ai</database>
	</source>
	<size>
		<width>416</width>
		<height>416</height>
		<depth>3</depth>
	</size>
	<segmented>0</segmented>
	<object>
		<name>Jerawat</name>
		<pose>Unspecified</pose>
		<truncated>0</truncated>
		<difficult>0</difficult>
		<occluded>0</occluded>
		<bndbox>
			<xmin>324</xmin>
			<xmax>374</xmax>
			<ymin>168</ymin>
			<ymax>224</ymax>
		</bndbox>
	</object>
	<object>
		<name>Jerawat</name>
		<pose>Unspecified</pose>
		<truncated>0</truncated>
		<difficult>0</difficult>
		<occluded>0</occluded>
		<bndbox>
			<xmin>227</xmin>
			<xmax>257</xmax>
			<ymin>292</ymin>
			<ymax>314</ymax>
		</bndbox>
	</object>
</annotation>
