<annotation>
	<folder></folder>
	<filename>levle0_108_jpg.rf.b4128e41fe0ea87e62f730650fdbb5e0.jpg</filename>
	<path>levle0_108_jpg.rf.b4128e41fe0ea87e62f730650fdbb5e0.jpg</path>
	<source>
		<database>roboflow.ai</database>
	</source>
	<size>
		<width>416</width>
		<height>416</height>
		<depth>3</depth>
	</size>
	<segmented>0</segmented>
	<object>
		<name>Jerawat</name>
		<pose>Unspecified</pose>
		<truncated>0</truncated>
		<difficult>0</difficult>
		<occluded>0</occluded>
		<bndbox>
			<xmin>173</xmin>
			<xmax>192</xmax>
			<ymin>103</ymin>
			<ymax>122</ymax>
		</bndbox>
	</object>
	<object>
		<name>Komedo</name>
		<pose>Unspecified</pose>
		<truncated>0</truncated>
		<difficult>0</difficult>
		<occluded>0</occluded>
		<bndbox>
			<xmin>255</xmin>
			<xmax>292</xmax>
			<ymin>153</ymin>
			<ymax>173</ymax>
		</bndbox>
	</object>
	<object>
		<name>Komedo</name>
		<pose>Unspecified</pose>
		<truncated>0</truncated>
		<difficult>0</difficult>
		<occluded>0</occluded>
		<bndbox>
			<xmin>308</xmin>
			<xmax>360</xmax>
			<ymin>45</ymin>
			<ymax>104</ymax>
		</bndbox>
	</object>
</annotation>
