<annotation>
	<folder></folder>
	<filename>levle1_106_jpg.rf.02dc5bc95f4ec0a8ad85a13d7e681e8a.jpg</filename>
	<path>levle1_106_jpg.rf.02dc5bc95f4ec0a8ad85a13d7e681e8a.jpg</path>
	<source>
		<database>roboflow.ai</database>
	</source>
	<size>
		<width>416</width>
		<height>416</height>
		<depth>3</depth>
	</size>
	<segmented>0</segmented>
	<object>
		<name>Komedo</name>
		<pose>Unspecified</pose>
		<truncated>0</truncated>
		<difficult>0</difficult>
		<occluded>0</occluded>
		<bndbox>
			<xmin>266</xmin>
			<xmax>293</xmax>
			<ymin>111</ymin>
			<ymax>161</ymax>
		</bndbox>
	</object>
	<object>
		<name>Komedo</name>
		<pose>Unspecified</pose>
		<truncated>0</truncated>
		<difficult>0</difficult>
		<occluded>0</occluded>
		<bndbox>
			<xmin>185</xmin>
			<xmax>207</xmax>
			<ymin>177</ymin>
			<ymax>217</ymax>
		</bndbox>
	</object>
</annotation>
