<annotation>
	<folder></folder>
	<filename>levle0_239_jpg.rf.4f32191ef3125ca04c49e45303d44538.jpg</filename>
	<path>levle0_239_jpg.rf.4f32191ef3125ca04c49e45303d44538.jpg</path>
	<source>
		<database>roboflow.ai</database>
	</source>
	<size>
		<width>416</width>
		<height>416</height>
		<depth>3</depth>
	</size>
	<segmented>0</segmented>
	<object>
		<name>Jerawat</name>
		<pose>Unspecified</pose>
		<truncated>0</truncated>
		<difficult>0</difficult>
		<occluded>0</occluded>
		<bndbox>
			<xmin>91</xmin>
			<xmax>137</xmax>
			<ymin>161</ymin>
			<ymax>205</ymax>
		</bndbox>
	</object>
	<object>
		<name>Jerawat</name>
		<pose>Unspecified</pose>
		<truncated>0</truncated>
		<difficult>0</difficult>
		<occluded>0</occluded>
		<bndbox>
			<xmin>155</xmin>
			<xmax>192</xmax>
			<ymin>264</ymin>
			<ymax>323</ymax>
		</bndbox>
	</object>
</annotation>
