<annotation>
	<folder></folder>
	<filename>levle0_260_jpg.rf.fa7b03104dd879a86cdac0e107cf5124.jpg</filename>
	<path>levle0_260_jpg.rf.fa7b03104dd879a86cdac0e107cf5124.jpg</path>
	<source>
		<database>roboflow.ai</database>
	</source>
	<size>
		<width>416</width>
		<height>416</height>
		<depth>3</depth>
	</size>
	<segmented>0</segmented>
	<object>
		<name>Komedo</name>
		<pose>Unspecified</pose>
		<truncated>0</truncated>
		<difficult>0</difficult>
		<occluded>0</occluded>
		<bndbox>
			<xmin>208</xmin>
			<xmax>215</xmax>
			<ymin>244</ymin>
			<ymax>252</ymax>
		</bndbox>
	</object>
	<object>
		<name>Komedo</name>
		<pose>Unspecified</pose>
		<truncated>0</truncated>
		<difficult>0</difficult>
		<occluded>0</occluded>
		<bndbox>
			<xmin>135</xmin>
			<xmax>159</xmax>
			<ymin>245</ymin>
			<ymax>283</ymax>
		</bndbox>
	</object>
	<object>
		<name>Jerawat</name>
		<pose>Unspecified</pose>
		<truncated>0</truncated>
		<difficult>0</difficult>
		<occluded>0</occluded>
		<bndbox>
			<xmin>160</xmin>
			<xmax>180</xmax>
			<ymin>261</ymin>
			<ymax>273</ymax>
		</bndbox>
	</object>
</annotation>
