<annotation>
	<folder></folder>
	<filename>levle0_139_jpg.rf.aafcf6bf72b92ac795984f821fe51d92.jpg</filename>
	<path>levle0_139_jpg.rf.aafcf6bf72b92ac795984f821fe51d92.jpg</path>
	<source>
		<database>roboflow.ai</database>
	</source>
	<size>
		<width>416</width>
		<height>416</height>
		<depth>3</depth>
	</size>
	<segmented>0</segmented>
	<object>
		<name>Komedo</name>
		<pose>Unspecified</pose>
		<truncated>0</truncated>
		<difficult>0</difficult>
		<occluded>0</occluded>
		<bndbox>
			<xmin>148</xmin>
			<xmax>202</xmax>
			<ymin>248</ymin>
			<ymax>275</ymax>
		</bndbox>
	</object>
	<object>
		<name>Jerawat</name>
		<pose>Unspecified</pose>
		<truncated>0</truncated>
		<difficult>0</difficult>
		<occluded>0</occluded>
		<bndbox>
			<xmin>214</xmin>
			<xmax>246</xmax>
			<ymin>339</ymin>
			<ymax>359</ymax>
		</bndbox>
	</object>
	<object>
		<name>Jerawat</name>
		<pose>Unspecified</pose>
		<truncated>0</truncated>
		<difficult>0</difficult>
		<occluded>0</occluded>
		<bndbox>
			<xmin>220</xmin>
			<xmax>262</xmax>
			<ymin>360</ymin>
			<ymax>380</ymax>
		</bndbox>
	</object>
</annotation>
