<annotation>
	<folder></folder>
	<filename>Screenshot_20220509_205933---Liza-Nadia-Lianza_jpg.rf.b670b8084124aab459bf7189a693eaf4.jpg</filename>
	<path>Screenshot_20220509_205933---Liza-Nadia-Lianza_jpg.rf.b670b8084124aab459bf7189a693eaf4.jpg</path>
	<source>
		<database>roboflow.ai</database>
	</source>
	<size>
		<width>416</width>
		<height>416</height>
		<depth>3</depth>
	</size>
	<segmented>0</segmented>
	<object>
		<name>Jerawat</name>
		<pose>Unspecified</pose>
		<truncated>0</truncated>
		<difficult>0</difficult>
		<occluded>0</occluded>
		<bndbox>
			<xmin>212</xmin>
			<xmax>288</xmax>
			<ymin>198</ymin>
			<ymax>236</ymax>
		</bndbox>
	</object>
	<object>
		<name>Jerawat</name>
		<pose>Unspecified</pose>
		<truncated>0</truncated>
		<difficult>0</difficult>
		<occluded>0</occluded>
		<bndbox>
			<xmin>387</xmin>
			<xmax>411</xmax>
			<ymin>227</ymin>
			<ymax>238</ymax>
		</bndbox>
	</object>
</annotation>
