<annotation>
	<folder></folder>
	<filename>00000011_jpg.rf.be5f2712c8b0cc1c7b692b0063fd2c80.jpg</filename>
	<path>00000011_jpg.rf.be5f2712c8b0cc1c7b692b0063fd2c80.jpg</path>
	<source>
		<database>roboflow.ai</database>
	</source>
	<size>
		<width>160</width>
		<height>160</height>
		<depth>3</depth>
	</size>
	<segmented>0</segmented>
	<object>
		<name>Komedo</name>
		<pose>Unspecified</pose>
		<truncated>0</truncated>
		<difficult>0</difficult>
		<occluded>0</occluded>
		<bndbox>
			<xmin>132</xmin>
			<xmax>152</xmax>
			<ymin>43</ymin>
			<ymax>72</ymax>
		</bndbox>
	</object>
</annotation>
