<annotation>
	<folder></folder>
	<filename>00000177_jpg.rf.0c49e07f0e8ca0bd5178d6027299719d.jpg</filename>
	<path>00000177_jpg.rf.0c49e07f0e8ca0bd5178d6027299719d.jpg</path>
	<source>
		<database>roboflow.ai</database>
	</source>
	<size>
		<width>160</width>
		<height>160</height>
		<depth>3</depth>
	</size>
	<segmented>0</segmented>
	<object>
		<name>Komedo</name>
		<pose>Unspecified</pose>
		<truncated>0</truncated>
		<difficult>0</difficult>
		<occluded>0</occluded>
		<bndbox>
			<xmin>1</xmin>
			<xmax>160</xmax>
			<ymin>1</ymin>
			<ymax>83</ymax>
		</bndbox>
	</object>
	<object>
		<name>Komedo</name>
		<pose>Unspecified</pose>
		<truncated>0</truncated>
		<difficult>0</difficult>
		<occluded>0</occluded>
		<bndbox>
			<xmin>1</xmin>
			<xmax>143</xmax>
			<ymin>69</ymin>
			<ymax>148</ymax>
		</bndbox>
	</object>
</annotation>
