<annotation>
	<folder></folder>
	<filename>00000007_jpg.rf.d1930bfdeffb2fc7bea3adc0edb60ce4.jpg</filename>
	<path>00000007_jpg.rf.d1930bfdeffb2fc7bea3adc0edb60ce4.jpg</path>
	<source>
		<database>roboflow.ai</database>
	</source>
	<size>
		<width>160</width>
		<height>160</height>
		<depth>3</depth>
	</size>
	<segmented>0</segmented>
	<object>
		<name>Komedo</name>
		<pose>Unspecified</pose>
		<truncated>0</truncated>
		<difficult>0</difficult>
		<occluded>0</occluded>
		<bndbox>
			<xmin>107</xmin>
			<xmax>136</xmax>
			<ymin>73</ymin>
			<ymax>91</ymax>
		</bndbox>
	</object>
</annotation>
