<annotation>
	<folder></folder>
	<filename>00000025_jpg.rf.2e367ed88fa493caba88229753e65c0e.jpg</filename>
	<path>00000025_jpg.rf.2e367ed88fa493caba88229753e65c0e.jpg</path>
	<source>
		<database>roboflow.ai</database>
	</source>
	<size>
		<width>160</width>
		<height>160</height>
		<depth>3</depth>
	</size>
	<segmented>0</segmented>
	<object>
		<name>Jerawat</name>
		<pose>Unspecified</pose>
		<truncated>0</truncated>
		<difficult>0</difficult>
		<occluded>0</occluded>
		<bndbox>
			<xmin>116</xmin>
			<xmax>130</xmax>
			<ymin>19</ymin>
			<ymax>36</ymax>
		</bndbox>
	</object>
	<object>
		<name>Komedo</name>
		<pose>Unspecified</pose>
		<truncated>0</truncated>
		<difficult>0</difficult>
		<occluded>0</occluded>
		<bndbox>
			<xmin>18</xmin>
			<xmax>29</xmax>
			<ymin>5</ymin>
			<ymax>14</ymax>
		</bndbox>
	</object>
</annotation>
