<annotation>
	<folder></folder>
	<filename>00000037_jpg.rf.cb934d253eb25e598ab6204c49b734b0.jpg</filename>
	<path>00000037_jpg.rf.cb934d253eb25e598ab6204c49b734b0.jpg</path>
	<source>
		<database>roboflow.ai</database>
	</source>
	<size>
		<width>160</width>
		<height>160</height>
		<depth>3</depth>
	</size>
	<segmented>0</segmented>
	<object>
		<name>Komedo</name>
		<pose>Unspecified</pose>
		<truncated>0</truncated>
		<difficult>0</difficult>
		<occluded>0</occluded>
		<bndbox>
			<xmin>135</xmin>
			<xmax>151</xmax>
			<ymin>95</ymin>
			<ymax>123</ymax>
		</bndbox>
	</object>
</annotation>
