<annotation>
	<folder></folder>
	<filename>00000025_jpg.rf.303a5dc591446d5a2a708d1bbfe479fd.jpg</filename>
	<path>00000025_jpg.rf.303a5dc591446d5a2a708d1bbfe479fd.jpg</path>
	<source>
		<database>roboflow.ai</database>
	</source>
	<size>
		<width>160</width>
		<height>160</height>
		<depth>3</depth>
	</size>
	<segmented>0</segmented>
	<object>
		<name>Jerawat</name>
		<pose>Unspecified</pose>
		<truncated>0</truncated>
		<difficult>0</difficult>
		<occluded>0</occluded>
		<bndbox>
			<xmin>113</xmin>
			<xmax>130</xmax>
			<ymin>31</ymin>
			<ymax>47</ymax>
		</bndbox>
	</object>
	<object>
		<name>Komedo</name>
		<pose>Unspecified</pose>
		<truncated>0</truncated>
		<difficult>0</difficult>
		<occluded>0</occluded>
		<bndbox>
			<xmin>156</xmin>
			<xmax>159</xmax>
			<ymin>124</ymin>
			<ymax>136</ymax>
		</bndbox>
	</object>
</annotation>
