<annotation>
	<folder></folder>
	<filename>00000083_jpg.rf.a36dbbf5f14542cfc6a021532ace130d.jpg</filename>
	<path>00000083_jpg.rf.a36dbbf5f14542cfc6a021532ace130d.jpg</path>
	<source>
		<database>roboflow.ai</database>
	</source>
	<size>
		<width>160</width>
		<height>160</height>
		<depth>3</depth>
	</size>
	<segmented>0</segmented>
	<object>
		<name>Komedo</name>
		<pose>Unspecified</pose>
		<truncated>0</truncated>
		<difficult>0</difficult>
		<occluded>0</occluded>
		<bndbox>
			<xmin>1</xmin>
			<xmax>18</xmax>
			<ymin>72</ymin>
			<ymax>90</ymax>
		</bndbox>
	</object>
	<object>
		<name>Komedo</name>
		<pose>Unspecified</pose>
		<truncated>0</truncated>
		<difficult>0</difficult>
		<occluded>0</occluded>
		<bndbox>
			<xmin>1</xmin>
			<xmax>13</xmax>
			<ymin>132</ymin>
			<ymax>149</ymax>
		</bndbox>
	</object>
	<object>
		<name>Komedo</name>
		<pose>Unspecified</pose>
		<truncated>0</truncated>
		<difficult>0</difficult>
		<occluded>0</occluded>
		<bndbox>
			<xmin>1</xmin>
			<xmax>20</xmax>
			<ymin>98</ymin>
			<ymax>123</ymax>
		</bndbox>
	</object>
	<object>
		<name>Komedo</name>
		<pose>Unspecified</pose>
		<truncated>0</truncated>
		<difficult>0</difficult>
		<occluded>0</occluded>
		<bndbox>
			<xmin>20</xmin>
			<xmax>53</xmax>
			<ymin>16</ymin>
			<ymax>44</ymax>
		</bndbox>
	</object>
	<object>
		<name>Komedo</name>
		<pose>Unspecified</pose>
		<truncated>0</truncated>
		<difficult>0</difficult>
		<occluded>0</occluded>
		<bndbox>
			<xmin>48</xmin>
			<xmax>86</xmax>
			<ymin>71</ymin>
			<ymax>102</ymax>
		</bndbox>
	</object>
	<object>
		<name>Jerawat</name>
		<pose>Unspecified</pose>
		<truncated>0</truncated>
		<difficult>0</difficult>
		<occluded>0</occluded>
		<bndbox>
			<xmin>61</xmin>
			<xmax>130</xmax>
			<ymin>1</ymin>
			<ymax>23</ymax>
		</bndbox>
	</object>
	<object>
		<name>Komedo</name>
		<pose>Unspecified</pose>
		<truncated>0</truncated>
		<difficult>0</difficult>
		<occluded>0</occluded>
		<bndbox>
			<xmin>102</xmin>
			<xmax>129</xmax>
			<ymin>61</ymin>
			<ymax>87</ymax>
		</bndbox>
	</object>
	<object>
		<name>Komedo</name>
		<pose>Unspecified</pose>
		<truncated>0</truncated>
		<difficult>0</difficult>
		<occluded>0</occluded>
		<bndbox>
			<xmin>97</xmin>
			<xmax>152</xmax>
			<ymin>91</ymin>
			<ymax>138</ymax>
		</bndbox>
	</object>
	<object>
		<name>Komedo</name>
		<pose>Unspecified</pose>
		<truncated>0</truncated>
		<difficult>0</difficult>
		<occluded>0</occluded>
		<bndbox>
			<xmin>136</xmin>
			<xmax>157</xmax>
			<ymin>24</ymin>
			<ymax>44</ymax>
		</bndbox>
	</object>
</annotation>
