<annotation>
	<folder></folder>
	<filename>00000107_jpg.rf.2431b47db12d1f727bac4a210dd0eebe.jpg</filename>
	<path>00000107_jpg.rf.2431b47db12d1f727bac4a210dd0eebe.jpg</path>
	<source>
		<database>roboflow.ai</database>
	</source>
	<size>
		<width>160</width>
		<height>160</height>
		<depth>3</depth>
	</size>
	<segmented>0</segmented>
	<object>
		<name>Komedo</name>
		<pose>Unspecified</pose>
		<truncated>0</truncated>
		<difficult>0</difficult>
		<occluded>0</occluded>
		<bndbox>
			<xmin>137</xmin>
			<xmax>149</xmax>
			<ymin>74</ymin>
			<ymax>91</ymax>
		</bndbox>
	</object>
</annotation>
