<annotation>
	<folder></folder>
	<filename>00000007_jpg.rf.c8b185abb2fc6b9efd1c0b5ac61241a4.jpg</filename>
	<path>00000007_jpg.rf.c8b185abb2fc6b9efd1c0b5ac61241a4.jpg</path>
	<source>
		<database>roboflow.ai</database>
	</source>
	<size>
		<width>160</width>
		<height>160</height>
		<depth>3</depth>
	</size>
	<segmented>0</segmented>
	<object>
		<name>Komedo</name>
		<pose>Unspecified</pose>
		<truncated>0</truncated>
		<difficult>0</difficult>
		<occluded>0</occluded>
		<bndbox>
			<xmin>99</xmin>
			<xmax>130</xmax>
			<ymin>45</ymin>
			<ymax>68</ymax>
		</bndbox>
	</object>
</annotation>
