<annotation>
	<folder></folder>
	<filename>00000037_jpg.rf.c060c6012dea9cc89daec55f73435ac4.jpg</filename>
	<path>00000037_jpg.rf.c060c6012dea9cc89daec55f73435ac4.jpg</path>
	<source>
		<database>roboflow.ai</database>
	</source>
	<size>
		<width>160</width>
		<height>160</height>
		<depth>3</depth>
	</size>
	<segmented>0</segmented>
	<object>
		<name>Komedo</name>
		<pose>Unspecified</pose>
		<truncated>0</truncated>
		<difficult>0</difficult>
		<occluded>0</occluded>
		<bndbox>
			<xmin>4</xmin>
			<xmax>29</xmax>
			<ymin>123</ymin>
			<ymax>146</ymax>
		</bndbox>
	</object>
</annotation>
