<annotation>
	<folder></folder>
	<filename>00000007_jpg.rf.4075f207f1805abc452d5abee6ac2405.jpg</filename>
	<path>00000007_jpg.rf.4075f207f1805abc452d5abee6ac2405.jpg</path>
	<source>
		<database>roboflow.ai</database>
	</source>
	<size>
		<width>160</width>
		<height>160</height>
		<depth>3</depth>
	</size>
	<segmented>0</segmented>
	<object>
		<name>Komedo</name>
		<pose>Unspecified</pose>
		<truncated>0</truncated>
		<difficult>0</difficult>
		<occluded>0</occluded>
		<bndbox>
			<xmin>75</xmin>
			<xmax>100</xmax>
			<ymin>33</ymin>
			<ymax>66</ymax>
		</bndbox>
	</object>
</annotation>
