<annotation>
	<folder></folder>
	<filename>00000107_jpg.rf.f0e5614f6dcdfc3fbbdc5065c9384955.jpg</filename>
	<path>00000107_jpg.rf.f0e5614f6dcdfc3fbbdc5065c9384955.jpg</path>
	<source>
		<database>roboflow.ai</database>
	</source>
	<size>
		<width>160</width>
		<height>160</height>
		<depth>3</depth>
	</size>
	<segmented>0</segmented>
	<object>
		<name>Komedo</name>
		<pose>Unspecified</pose>
		<truncated>0</truncated>
		<difficult>0</difficult>
		<occluded>0</occluded>
		<bndbox>
			<xmin>75</xmin>
			<xmax>93</xmax>
			<ymin>131</ymin>
			<ymax>144</ymax>
		</bndbox>
	</object>
</annotation>
