<annotation>
	<folder></folder>
	<filename>00000348_jpg.rf.28b8d272cf5cf46cdfea112dbf576082.jpg</filename>
	<path>00000348_jpg.rf.28b8d272cf5cf46cdfea112dbf576082.jpg</path>
	<source>
		<database>roboflow.ai</database>
	</source>
	<size>
		<width>160</width>
		<height>160</height>
		<depth>3</depth>
	</size>
	<segmented>0</segmented>
	<object>
		<name>Komedo</name>
		<pose>Unspecified</pose>
		<truncated>0</truncated>
		<difficult>0</difficult>
		<occluded>0</occluded>
		<bndbox>
			<xmin>25</xmin>
			<xmax>118</xmax>
			<ymin>62</ymin>
			<ymax>160</ymax>
		</bndbox>
	</object>
	<object>
		<name>Komedo</name>
		<pose>Unspecified</pose>
		<truncated>0</truncated>
		<difficult>0</difficult>
		<occluded>0</occluded>
		<bndbox>
			<xmin>107</xmin>
			<xmax>160</xmax>
			<ymin>19</ymin>
			<ymax>138</ymax>
		</bndbox>
	</object>
</annotation>
