<annotation>
	<folder></folder>
	<filename>00000154_jpg.rf.d9f8f5be92d2ed746418b38b31dd23d5.jpg</filename>
	<path>00000154_jpg.rf.d9f8f5be92d2ed746418b38b31dd23d5.jpg</path>
	<source>
		<database>roboflow.ai</database>
	</source>
	<size>
		<width>160</width>
		<height>160</height>
		<depth>3</depth>
	</size>
	<segmented>0</segmented>
	<object>
		<name>Komedo</name>
		<pose>Unspecified</pose>
		<truncated>0</truncated>
		<difficult>0</difficult>
		<occluded>0</occluded>
		<bndbox>
			<xmin>138</xmin>
			<xmax>160</xmax>
			<ymin>38</ymin>
			<ymax>113</ymax>
		</bndbox>
	</object>
	<object>
		<name>Komedo</name>
		<pose>Unspecified</pose>
		<truncated>0</truncated>
		<difficult>0</difficult>
		<occluded>0</occluded>
		<bndbox>
			<xmin>5</xmin>
			<xmax>151</xmax>
			<ymin>1</ymin>
			<ymax>160</ymax>
		</bndbox>
	</object>
</annotation>
