<annotation>
	<folder></folder>
	<filename>00000037_jpg.rf.139efc691b25715b0bbd2e7431db7993.jpg</filename>
	<path>00000037_jpg.rf.139efc691b25715b0bbd2e7431db7993.jpg</path>
	<source>
		<database>roboflow.ai</database>
	</source>
	<size>
		<width>160</width>
		<height>160</height>
		<depth>3</depth>
	</size>
	<segmented>0</segmented>
	<object>
		<name>Komedo</name>
		<pose>Unspecified</pose>
		<truncated>0</truncated>
		<difficult>0</difficult>
		<occluded>0</occluded>
		<bndbox>
			<xmin>117</xmin>
			<xmax>138</xmax>
			<ymin>16</ymin>
			<ymax>34</ymax>
		</bndbox>
	</object>
</annotation>
