<annotation>
	<folder></folder>
	<filename>00000011_jpg.rf.6c903bb09e11b96f43012650cc0c302c.jpg</filename>
	<path>00000011_jpg.rf.6c903bb09e11b96f43012650cc0c302c.jpg</path>
	<source>
		<database>roboflow.ai</database>
	</source>
	<size>
		<width>160</width>
		<height>160</height>
		<depth>3</depth>
	</size>
	<segmented>0</segmented>
	<object>
		<name>Komedo</name>
		<pose>Unspecified</pose>
		<truncated>0</truncated>
		<difficult>0</difficult>
		<occluded>0</occluded>
		<bndbox>
			<xmin>90</xmin>
			<xmax>122</xmax>
			<ymin>127</ymin>
			<ymax>150</ymax>
		</bndbox>
	</object>
</annotation>
