<annotation>
	<folder></folder>
	<filename>00000025_jpg.rf.f41c440088aab0532531d0f33e400eb9.jpg</filename>
	<path>00000025_jpg.rf.f41c440088aab0532531d0f33e400eb9.jpg</path>
	<source>
		<database>roboflow.ai</database>
	</source>
	<size>
		<width>160</width>
		<height>160</height>
		<depth>3</depth>
	</size>
	<segmented>0</segmented>
	<object>
		<name>Jerawat</name>
		<pose>Unspecified</pose>
		<truncated>0</truncated>
		<difficult>0</difficult>
		<occluded>0</occluded>
		<bndbox>
			<xmin>17</xmin>
			<xmax>34</xmax>
			<ymin>43</ymin>
			<ymax>57</ymax>
		</bndbox>
	</object>
	<object>
		<name>Komedo</name>
		<pose>Unspecified</pose>
		<truncated>0</truncated>
		<difficult>0</difficult>
		<occluded>0</occluded>
		<bndbox>
			<xmin>12</xmin>
			<xmax>20</xmax>
			<ymin>147</ymin>
			<ymax>158</ymax>
		</bndbox>
	</object>
</annotation>
