<annotation>
	<folder></folder>
	<filename>00000177_jpg.rf.237e73f25fd9214e7713c489952b8a4f.jpg</filename>
	<path>00000177_jpg.rf.237e73f25fd9214e7713c489952b8a4f.jpg</path>
	<source>
		<database>roboflow.ai</database>
	</source>
	<size>
		<width>160</width>
		<height>160</height>
		<depth>3</depth>
	</size>
	<segmented>0</segmented>
	<object>
		<name>Komedo</name>
		<pose>Unspecified</pose>
		<truncated>0</truncated>
		<difficult>0</difficult>
		<occluded>0</occluded>
		<bndbox>
			<xmin>8</xmin>
			<xmax>160</xmax>
			<ymin>1</ymin>
			<ymax>90</ymax>
		</bndbox>
	</object>
	<object>
		<name>Komedo</name>
		<pose>Unspecified</pose>
		<truncated>0</truncated>
		<difficult>0</difficult>
		<occluded>0</occluded>
		<bndbox>
			<xmin>3</xmin>
			<xmax>160</xmax>
			<ymin>36</ymin>
			<ymax>160</ymax>
		</bndbox>
	</object>
</annotation>
