<annotation>
	<folder></folder>
	<filename>00000348_jpg.rf.7c21df252af5210c22e3badb4214882d.jpg</filename>
	<path>00000348_jpg.rf.7c21df252af5210c22e3badb4214882d.jpg</path>
	<source>
		<database>roboflow.ai</database>
	</source>
	<size>
		<width>160</width>
		<height>160</height>
		<depth>3</depth>
	</size>
	<segmented>0</segmented>
	<object>
		<name>Komedo</name>
		<pose>Unspecified</pose>
		<truncated>0</truncated>
		<difficult>0</difficult>
		<occluded>0</occluded>
		<bndbox>
			<xmin>25</xmin>
			<xmax>111</xmax>
			<ymin>59</ymin>
			<ymax>157</ymax>
		</bndbox>
	</object>
	<object>
		<name>Komedo</name>
		<pose>Unspecified</pose>
		<truncated>0</truncated>
		<difficult>0</difficult>
		<occluded>0</occluded>
		<bndbox>
			<xmin>1</xmin>
			<xmax>48</xmax>
			<ymin>1</ymin>
			<ymax>110</ymax>
		</bndbox>
	</object>
</annotation>
