<annotation>
	<folder></folder>
	<filename>00000107_jpg.rf.00a7b1eb91fff7eb66752e22fd09c78d.jpg</filename>
	<path>00000107_jpg.rf.00a7b1eb91fff7eb66752e22fd09c78d.jpg</path>
	<source>
		<database>roboflow.ai</database>
	</source>
	<size>
		<width>160</width>
		<height>160</height>
		<depth>3</depth>
	</size>
	<segmented>0</segmented>
	<object>
		<name>Komedo</name>
		<pose>Unspecified</pose>
		<truncated>0</truncated>
		<difficult>0</difficult>
		<occluded>0</occluded>
		<bndbox>
			<xmin>72</xmin>
			<xmax>88</xmax>
			<ymin>22</ymin>
			<ymax>31</ymax>
		</bndbox>
	</object>
</annotation>
