<annotation>
	<folder></folder>
	<filename>00000348_jpg.rf.09e1f61fdf451798dfc5f1ddc5cd6cfd.jpg</filename>
	<path>00000348_jpg.rf.09e1f61fdf451798dfc5f1ddc5cd6cfd.jpg</path>
	<source>
		<database>roboflow.ai</database>
	</source>
	<size>
		<width>160</width>
		<height>160</height>
		<depth>3</depth>
	</size>
	<segmented>0</segmented>
	<object>
		<name>Komedo</name>
		<pose>Unspecified</pose>
		<truncated>0</truncated>
		<difficult>0</difficult>
		<occluded>0</occluded>
		<bndbox>
			<xmin>24</xmin>
			<xmax>120</xmax>
			<ymin>53</ymin>
			<ymax>157</ymax>
		</bndbox>
	</object>
	<object>
		<name>Komedo</name>
		<pose>Unspecified</pose>
		<truncated>0</truncated>
		<difficult>0</difficult>
		<occluded>0</occluded>
		<bndbox>
			<xmin>1</xmin>
			<xmax>62</xmax>
			<ymin>1</ymin>
			<ymax>113</ymax>
		</bndbox>
	</object>
</annotation>
