<annotation>
	<folder></folder>
	<filename>1652116127358---Izzah-Edwar_jpg.rf.44690b36643bededab297779e21ea5b6.jpg</filename>
	<path>1652116127358---Izzah-Edwar_jpg.rf.44690b36643bededab297779e21ea5b6.jpg</path>
	<source>
		<database>roboflow.ai</database>
	</source>
	<size>
		<width>160</width>
		<height>160</height>
		<depth>3</depth>
	</size>
	<segmented>0</segmented>
	<object>
		<name>Jerawat</name>
		<pose>Unspecified</pose>
		<truncated>0</truncated>
		<difficult>0</difficult>
		<occluded>0</occluded>
		<bndbox>
			<xmin>87</xmin>
			<xmax>141</xmax>
			<ymin>86</ymin>
			<ymax>125</ymax>
		</bndbox>
	</object>
	<object>
		<name>Komedo</name>
		<pose>Unspecified</pose>
		<truncated>0</truncated>
		<difficult>0</difficult>
		<occluded>0</occluded>
		<bndbox>
			<xmin>99</xmin>
			<xmax>128</xmax>
			<ymin>65</ymin>
			<ymax>91</ymax>
		</bndbox>
	</object>
</annotation>
