<annotation>
	<folder></folder>
	<filename>1652116127358---Izzah-Edwar_jpg.rf.2b9f0d9475bd11a5febfbe4641927ed1.jpg</filename>
	<path>1652116127358---Izzah-Edwar_jpg.rf.2b9f0d9475bd11a5febfbe4641927ed1.jpg</path>
	<source>
		<database>roboflow.ai</database>
	</source>
	<size>
		<width>160</width>
		<height>160</height>
		<depth>3</depth>
	</size>
	<segmented>0</segmented>
	<object>
		<name>Komedo</name>
		<pose>Unspecified</pose>
		<truncated>0</truncated>
		<difficult>0</difficult>
		<occluded>0</occluded>
		<bndbox>
			<xmin>114</xmin>
			<xmax>150</xmax>
			<ymin>132</ymin>
			<ymax>148</ymax>
		</bndbox>
	</object>
	<object>
		<name>Jerawat</name>
		<pose>Unspecified</pose>
		<truncated>0</truncated>
		<difficult>0</difficult>
		<occluded>0</occluded>
		<bndbox>
			<xmin>45</xmin>
			<xmax>81</xmax>
			<ymin>94</ymin>
			<ymax>143</ymax>
		</bndbox>
	</object>
	<object>
		<name>Komedo</name>
		<pose>Unspecified</pose>
		<truncated>0</truncated>
		<difficult>0</difficult>
		<occluded>0</occluded>
		<bndbox>
			<xmin>74</xmin>
			<xmax>100</xmax>
			<ymin>92</ymin>
			<ymax>118</ymax>
		</bndbox>
	</object>
</annotation>
