<annotation>
	<folder></folder>
	<filename>16520996142098754561093967373424---Shelly-Hafidayani_jpg.rf.e5d0397778b564fe1992a538cdddc4ed.jpg</filename>
	<path>16520996142098754561093967373424---Shelly-Hafidayani_jpg.rf.e5d0397778b564fe1992a538cdddc4ed.jpg</path>
	<source>
		<database>roboflow.ai</database>
	</source>
	<size>
		<width>160</width>
		<height>160</height>
		<depth>3</depth>
	</size>
	<segmented>0</segmented>
	<object>
		<name>Jerawat</name>
		<pose>Unspecified</pose>
		<truncated>0</truncated>
		<difficult>0</difficult>
		<occluded>0</occluded>
		<bndbox>
			<xmin>1</xmin>
			<xmax>159</xmax>
			<ymin>1</ymin>
			<ymax>110</ymax>
		</bndbox>
	</object>
</annotation>
