<annotation>
	<folder></folder>
	<filename>acne-closed-comedo-24_jpg.rf.c24d6ca3f7e99ae6c106e7694f9bd27a.jpg</filename>
	<path>acne-closed-comedo-24_jpg.rf.c24d6ca3f7e99ae6c106e7694f9bd27a.jpg</path>
	<source>
		<database>roboflow.ai</database>
	</source>
	<size>
		<width>160</width>
		<height>160</height>
		<depth>3</depth>
	</size>
	<segmented>0</segmented>
	<object>
		<name>Komedo</name>
		<pose>Unspecified</pose>
		<truncated>0</truncated>
		<difficult>0</difficult>
		<occluded>0</occluded>
		<bndbox>
			<xmin>1</xmin>
			<xmax>14</xmax>
			<ymin>60</ymin>
			<ymax>87</ymax>
		</bndbox>
	</object>
</annotation>
