<annotation>
	<folder></folder>
	<filename>acne-Closed-Comedo_jpg.rf.79801b2a52ec4f8402a7702e2b592308.jpg</filename>
	<path>acne-Closed-Comedo_jpg.rf.79801b2a52ec4f8402a7702e2b592308.jpg</path>
	<source>
		<database>roboflow.ai</database>
	</source>
	<size>
		<width>160</width>
		<height>160</height>
		<depth>3</depth>
	</size>
	<segmented>0</segmented>
	<object>
		<name>Komedo</name>
		<pose>Unspecified</pose>
		<truncated>0</truncated>
		<difficult>0</difficult>
		<occluded>0</occluded>
		<bndbox>
			<xmin>49</xmin>
			<xmax>120</xmax>
			<ymin>5</ymin>
			<ymax>65</ymax>
		</bndbox>
	</object>
	<object>
		<name>Komedo</name>
		<pose>Unspecified</pose>
		<truncated>0</truncated>
		<difficult>0</difficult>
		<occluded>0</occluded>
		<bndbox>
			<xmin>1</xmin>
			<xmax>108</xmax>
			<ymin>88</ymin>
			<ymax>160</ymax>
		</bndbox>
	</object>
</annotation>
