<annotation>
	<folder></folder>
	<filename>acne-cystic-111_jpg.rf.f7101d74db7021711fe920464b021cb6.jpg</filename>
	<path>acne-cystic-111_jpg.rf.f7101d74db7021711fe920464b021cb6.jpg</path>
	<source>
		<database>roboflow.ai</database>
	</source>
	<size>
		<width>160</width>
		<height>160</height>
		<depth>3</depth>
	</size>
	<segmented>0</segmented>
	<object>
		<name>Komedo</name>
		<pose>Unspecified</pose>
		<truncated>0</truncated>
		<difficult>0</difficult>
		<occluded>0</occluded>
		<bndbox>
			<xmin>1</xmin>
			<xmax>83</xmax>
			<ymin>93</ymin>
			<ymax>160</ymax>
		</bndbox>
	</object>
	<object>
		<name>Komedo</name>
		<pose>Unspecified</pose>
		<truncated>0</truncated>
		<difficult>0</difficult>
		<occluded>0</occluded>
		<bndbox>
			<xmin>69</xmin>
			<xmax>153</xmax>
			<ymin>87</ymin>
			<ymax>158</ymax>
		</bndbox>
	</object>
</annotation>
