<annotation>
	<folder></folder>
	<filename>acne-closed-comedo-19_jpg.rf.2bdfd2fc07b7225c1ee7f570668c529f.jpg</filename>
	<path>acne-closed-comedo-19_jpg.rf.2bdfd2fc07b7225c1ee7f570668c529f.jpg</path>
	<source>
		<database>roboflow.ai</database>
	</source>
	<size>
		<width>160</width>
		<height>160</height>
		<depth>3</depth>
	</size>
	<segmented>0</segmented>
	<object>
		<name>Jerawat</name>
		<pose>Unspecified</pose>
		<truncated>0</truncated>
		<difficult>0</difficult>
		<occluded>0</occluded>
		<bndbox>
			<xmin>1</xmin>
			<xmax>57</xmax>
			<ymin>58</ymin>
			<ymax>135</ymax>
		</bndbox>
	</object>
</annotation>
