<annotation>
	<folder></folder>
	<filename>acne-closed-comedo-16_jpg.rf.20469fc21b347eae86a405385332b0dc.jpg</filename>
	<path>acne-closed-comedo-16_jpg.rf.20469fc21b347eae86a405385332b0dc.jpg</path>
	<source>
		<database>roboflow.ai</database>
	</source>
	<size>
		<width>160</width>
		<height>160</height>
		<depth>3</depth>
	</size>
	<segmented>0</segmented>
	<object>
		<name>Komedo</name>
		<pose>Unspecified</pose>
		<truncated>0</truncated>
		<difficult>0</difficult>
		<occluded>0</occluded>
		<bndbox>
			<xmin>1</xmin>
			<xmax>160</xmax>
			<ymin>1</ymin>
			<ymax>161</ymax>
		</bndbox>
	</object>
</annotation>
