<annotation>
	<folder></folder>
	<filename>acne-closed-comedo-29_jpg.rf.7cc4ab8a51688145c01747dc55271344.jpg</filename>
	<path>acne-closed-comedo-29_jpg.rf.7cc4ab8a51688145c01747dc55271344.jpg</path>
	<source>
		<database>roboflow.ai</database>
	</source>
	<size>
		<width>160</width>
		<height>160</height>
		<depth>3</depth>
	</size>
	<segmented>0</segmented>
	<object>
		<name>Jerawat</name>
		<pose>Unspecified</pose>
		<truncated>0</truncated>
		<difficult>0</difficult>
		<occluded>0</occluded>
		<bndbox>
			<xmin>1</xmin>
			<xmax>42</xmax>
			<ymin>77</ymin>
			<ymax>157</ymax>
		</bndbox>
	</object>
	<object>
		<name>Komedo</name>
		<pose>Unspecified</pose>
		<truncated>0</truncated>
		<difficult>0</difficult>
		<occluded>0</occluded>
		<bndbox>
			<xmin>40</xmin>
			<xmax>116</xmax>
			<ymin>83</ymin>
			<ymax>158</ymax>
		</bndbox>
	</object>
	<object>
		<name>Komedo</name>
		<pose>Unspecified</pose>
		<truncated>0</truncated>
		<difficult>0</difficult>
		<occluded>0</occluded>
		<bndbox>
			<xmin>4</xmin>
			<xmax>157</xmax>
			<ymin>1</ymin>
			<ymax>66</ymax>
		</bndbox>
	</object>
</annotation>
