<annotation>
	<folder></folder>
	<filename>acne-closed-comedo-9_jpg.rf.a64b12bf9c466600ab59404bce798435.jpg</filename>
	<path>acne-closed-comedo-9_jpg.rf.a64b12bf9c466600ab59404bce798435.jpg</path>
	<source>
		<database>roboflow.ai</database>
	</source>
	<size>
		<width>160</width>
		<height>160</height>
		<depth>3</depth>
	</size>
	<segmented>0</segmented>
	<object>
		<name>Komedo</name>
		<pose>Unspecified</pose>
		<truncated>0</truncated>
		<difficult>0</difficult>
		<occluded>0</occluded>
		<bndbox>
			<xmin>86</xmin>
			<xmax>160</xmax>
			<ymin>3</ymin>
			<ymax>160</ymax>
		</bndbox>
	</object>
	<object>
		<name>Komedo</name>
		<pose>Unspecified</pose>
		<truncated>0</truncated>
		<difficult>0</difficult>
		<occluded>0</occluded>
		<bndbox>
			<xmin>1</xmin>
			<xmax>87</xmax>
			<ymin>3</ymin>
			<ymax>160</ymax>
		</bndbox>
	</object>
</annotation>
