<annotation>
	<folder></folder>
	<filename>acne-closed-comedo-17_jpg.rf.346bd7578913b68e56a0c3b732ae8797.jpg</filename>
	<path>acne-closed-comedo-17_jpg.rf.346bd7578913b68e56a0c3b732ae8797.jpg</path>
	<source>
		<database>roboflow.ai</database>
	</source>
	<size>
		<width>160</width>
		<height>160</height>
		<depth>3</depth>
	</size>
	<segmented>0</segmented>
	<object>
		<name>Komedo</name>
		<pose>Unspecified</pose>
		<truncated>0</truncated>
		<difficult>0</difficult>
		<occluded>0</occluded>
		<bndbox>
			<xmin>34</xmin>
			<xmax>151</xmax>
			<ymin>77</ymin>
			<ymax>160</ymax>
		</bndbox>
	</object>
	<object>
		<name>Komedo</name>
		<pose>Unspecified</pose>
		<truncated>0</truncated>
		<difficult>0</difficult>
		<occluded>0</occluded>
		<bndbox>
			<xmin>23</xmin>
			<xmax>145</xmax>
			<ymin>3</ymin>
			<ymax>67</ymax>
		</bndbox>
	</object>
</annotation>
