<annotation>
	<folder></folder>
	<filename>acne-closed-comedo-7_jpg.rf.cf68bd95638fd91f9ec15313c8a38eed.jpg</filename>
	<path>acne-closed-comedo-7_jpg.rf.cf68bd95638fd91f9ec15313c8a38eed.jpg</path>
	<source>
		<database>roboflow.ai</database>
	</source>
	<size>
		<width>160</width>
		<height>160</height>
		<depth>3</depth>
	</size>
	<segmented>0</segmented>
	<object>
		<name>Komedo</name>
		<pose>Unspecified</pose>
		<truncated>0</truncated>
		<difficult>0</difficult>
		<occluded>0</occluded>
		<bndbox>
			<xmin>8</xmin>
			<xmax>71</xmax>
			<ymin>13</ymin>
			<ymax>62</ymax>
		</bndbox>
	</object>
	<object>
		<name>Komedo</name>
		<pose>Unspecified</pose>
		<truncated>0</truncated>
		<difficult>0</difficult>
		<occluded>0</occluded>
		<bndbox>
			<xmin>34</xmin>
			<xmax>81</xmax>
			<ymin>132</ymin>
			<ymax>156</ymax>
		</bndbox>
	</object>
</annotation>
