<annotation>
	<folder></folder>
	<filename>acne-closed-comedo-23_jpg.rf.83494ecfa7d1e599f7f2440a5f780ada.jpg</filename>
	<path>acne-closed-comedo-23_jpg.rf.83494ecfa7d1e599f7f2440a5f780ada.jpg</path>
	<source>
		<database>roboflow.ai</database>
	</source>
	<size>
		<width>160</width>
		<height>160</height>
		<depth>3</depth>
	</size>
	<segmented>0</segmented>
	<object>
		<name>Jerawat</name>
		<pose>Unspecified</pose>
		<truncated>0</truncated>
		<difficult>0</difficult>
		<occluded>0</occluded>
		<bndbox>
			<xmin>3</xmin>
			<xmax>80</xmax>
			<ymin>76</ymin>
			<ymax>160</ymax>
		</bndbox>
	</object>
</annotation>
