<annotation>
	<folder></folder>
	<filename>acne-cystic-115_jpg.rf.7616cc9851543fb83dde515a117dad50.jpg</filename>
	<path>acne-cystic-115_jpg.rf.7616cc9851543fb83dde515a117dad50.jpg</path>
	<source>
		<database>roboflow.ai</database>
	</source>
	<size>
		<width>160</width>
		<height>160</height>
		<depth>3</depth>
	</size>
	<segmented>0</segmented>
	<object>
		<name>Jerawat</name>
		<pose>Unspecified</pose>
		<truncated>0</truncated>
		<difficult>0</difficult>
		<occluded>0</occluded>
		<bndbox>
			<xmin>110</xmin>
			<xmax>160</xmax>
			<ymin>136</ymin>
			<ymax>160</ymax>
		</bndbox>
	</object>
	<object>
		<name>Jerawat</name>
		<pose>Unspecified</pose>
		<truncated>0</truncated>
		<difficult>0</difficult>
		<occluded>0</occluded>
		<bndbox>
			<xmin>103</xmin>
			<xmax>160</xmax>
			<ymin>58</ymin>
			<ymax>108</ymax>
		</bndbox>
	</object>
	<object>
		<name>Jerawat</name>
		<pose>Unspecified</pose>
		<truncated>0</truncated>
		<difficult>0</difficult>
		<occluded>0</occluded>
		<bndbox>
			<xmin>85</xmin>
			<xmax>160</xmax>
			<ymin>8</ymin>
			<ymax>45</ymax>
		</bndbox>
	</object>
</annotation>
