<annotation>
	<folder></folder>
	<filename>acne-closed-comedo-38_jpg.rf.4706de4a9780de0a8ac67e4db31fa93d.jpg</filename>
	<path>acne-closed-comedo-38_jpg.rf.4706de4a9780de0a8ac67e4db31fa93d.jpg</path>
	<source>
		<database>roboflow.ai</database>
	</source>
	<size>
		<width>160</width>
		<height>160</height>
		<depth>3</depth>
	</size>
	<segmented>0</segmented>
	<object>
		<name>Komedo</name>
		<pose>Unspecified</pose>
		<truncated>0</truncated>
		<difficult>0</difficult>
		<occluded>0</occluded>
		<bndbox>
			<xmin>37</xmin>
			<xmax>90</xmax>
			<ymin>31</ymin>
			<ymax>79</ymax>
		</bndbox>
	</object>
	<object>
		<name>Komedo</name>
		<pose>Unspecified</pose>
		<truncated>0</truncated>
		<difficult>0</difficult>
		<occluded>0</occluded>
		<bndbox>
			<xmin>74</xmin>
			<xmax>160</xmax>
			<ymin>116</ymin>
			<ymax>160</ymax>
		</bndbox>
	</object>
</annotation>
