<annotation>
	<folder></folder>
	<filename>acne-closed-comedo-13_jpg.rf.050e33db7e6a2774389eb13be2c83ff1.jpg</filename>
	<path>acne-closed-comedo-13_jpg.rf.050e33db7e6a2774389eb13be2c83ff1.jpg</path>
	<source>
		<database>roboflow.ai</database>
	</source>
	<size>
		<width>160</width>
		<height>160</height>
		<depth>3</depth>
	</size>
	<segmented>0</segmented>
	<object>
		<name>Komedo</name>
		<pose>Unspecified</pose>
		<truncated>0</truncated>
		<difficult>0</difficult>
		<occluded>0</occluded>
		<bndbox>
			<xmin>91</xmin>
			<xmax>160</xmax>
			<ymin>7</ymin>
			<ymax>160</ymax>
		</bndbox>
	</object>
	<object>
		<name>Komedo</name>
		<pose>Unspecified</pose>
		<truncated>0</truncated>
		<difficult>0</difficult>
		<occluded>0</occluded>
		<bndbox>
			<xmin>1</xmin>
			<xmax>78</xmax>
			<ymin>3</ymin>
			<ymax>160</ymax>
		</bndbox>
	</object>
</annotation>
