<annotation>
	<folder></folder>
	<filename>acne-closed-comedo-6_jpg.rf.078b0e5ebd1ed96d77e732b0a8e0731d.jpg</filename>
	<path>acne-closed-comedo-6_jpg.rf.078b0e5ebd1ed96d77e732b0a8e0731d.jpg</path>
	<source>
		<database>roboflow.ai</database>
	</source>
	<size>
		<width>160</width>
		<height>160</height>
		<depth>3</depth>
	</size>
	<segmented>0</segmented>
	<object>
		<name>Komedo</name>
		<pose>Unspecified</pose>
		<truncated>0</truncated>
		<difficult>0</difficult>
		<occluded>0</occluded>
		<bndbox>
			<xmin>1</xmin>
			<xmax>16</xmax>
			<ymin>114</ymin>
			<ymax>160</ymax>
		</bndbox>
	</object>
	<object>
		<name>Komedo</name>
		<pose>Unspecified</pose>
		<truncated>0</truncated>
		<difficult>0</difficult>
		<occluded>0</occluded>
		<bndbox>
			<xmin>92</xmin>
			<xmax>129</xmax>
			<ymin>79</ymin>
			<ymax>117</ymax>
		</bndbox>
	</object>
</annotation>
