<annotation>
	<folder></folder>
	<filename>acne-closed-comedo-22_jpg.rf.7d06250780a42394c06c96a1cbc156d8.jpg</filename>
	<path>acne-closed-comedo-22_jpg.rf.7d06250780a42394c06c96a1cbc156d8.jpg</path>
	<source>
		<database>roboflow.ai</database>
	</source>
	<size>
		<width>160</width>
		<height>160</height>
		<depth>3</depth>
	</size>
	<segmented>0</segmented>
	<object>
		<name>Komedo</name>
		<pose>Unspecified</pose>
		<truncated>0</truncated>
		<difficult>0</difficult>
		<occluded>0</occluded>
		<bndbox>
			<xmin>19</xmin>
			<xmax>154</xmax>
			<ymin>2</ymin>
			<ymax>111</ymax>
		</bndbox>
	</object>
</annotation>
