<annotation>
	<folder></folder>
	<filename>acne-closed-comedo-19_jpg.rf.b5bdca6cffbf25281f0ef33864ac3c64.jpg</filename>
	<path>acne-closed-comedo-19_jpg.rf.b5bdca6cffbf25281f0ef33864ac3c64.jpg</path>
	<source>
		<database>roboflow.ai</database>
	</source>
	<size>
		<width>160</width>
		<height>160</height>
		<depth>3</depth>
	</size>
	<segmented>0</segmented>
	<object>
		<name>Jerawat</name>
		<pose>Unspecified</pose>
		<truncated>0</truncated>
		<difficult>0</difficult>
		<occluded>0</occluded>
		<bndbox>
			<xmin>52</xmin>
			<xmax>122</xmax>
			<ymin>1</ymin>
			<ymax>48</ymax>
		</bndbox>
	</object>
</annotation>
