<annotation>
	<folder></folder>
	<filename>acne-closed-comedo-7_jpg.rf.e1c7f0304418c01c8769af514b93e577.jpg</filename>
	<path>acne-closed-comedo-7_jpg.rf.e1c7f0304418c01c8769af514b93e577.jpg</path>
	<source>
		<database>roboflow.ai</database>
	</source>
	<size>
		<width>160</width>
		<height>160</height>
		<depth>3</depth>
	</size>
	<segmented>0</segmented>
	<object>
		<name>Komedo</name>
		<pose>Unspecified</pose>
		<truncated>0</truncated>
		<difficult>0</difficult>
		<occluded>0</occluded>
		<bndbox>
			<xmin>115</xmin>
			<xmax>160</xmax>
			<ymin>11</ymin>
			<ymax>81</ymax>
		</bndbox>
	</object>
	<object>
		<name>Komedo</name>
		<pose>Unspecified</pose>
		<truncated>0</truncated>
		<difficult>0</difficult>
		<occluded>0</occluded>
		<bndbox>
			<xmin>20</xmin>
			<xmax>49</xmax>
			<ymin>18</ymin>
			<ymax>67</ymax>
		</bndbox>
	</object>
</annotation>
