<annotation>
	<folder></folder>
	<filename>acne-closed-comedo-24_jpg.rf.e3edae4f08ec867706f0f21e3deb84c5.jpg</filename>
	<path>acne-closed-comedo-24_jpg.rf.e3edae4f08ec867706f0f21e3deb84c5.jpg</path>
	<source>
		<database>roboflow.ai</database>
	</source>
	<size>
		<width>160</width>
		<height>160</height>
		<depth>3</depth>
	</size>
	<segmented>0</segmented>
	<object>
		<name>Komedo</name>
		<pose>Unspecified</pose>
		<truncated>0</truncated>
		<difficult>0</difficult>
		<occluded>0</occluded>
		<bndbox>
			<xmin>105</xmin>
			<xmax>131</xmax>
			<ymin>150</ymin>
			<ymax>160</ymax>
		</bndbox>
	</object>
</annotation>
