<annotation>
	<folder></folder>
	<filename>acne-closed-comedo-2_jpg.rf.6c50c08412db520a8f7626ffee9119ce.jpg</filename>
	<path>acne-closed-comedo-2_jpg.rf.6c50c08412db520a8f7626ffee9119ce.jpg</path>
	<source>
		<database>roboflow.ai</database>
	</source>
	<size>
		<width>160</width>
		<height>160</height>
		<depth>3</depth>
	</size>
	<segmented>0</segmented>
	<object>
		<name>Komedo</name>
		<pose>Unspecified</pose>
		<truncated>0</truncated>
		<difficult>0</difficult>
		<occluded>0</occluded>
		<bndbox>
			<xmin>124</xmin>
			<xmax>160</xmax>
			<ymin>137</ymin>
			<ymax>157</ymax>
		</bndbox>
	</object>
	<object>
		<name>Jerawat</name>
		<pose>Unspecified</pose>
		<truncated>0</truncated>
		<difficult>0</difficult>
		<occluded>0</occluded>
		<bndbox>
			<xmin>36</xmin>
			<xmax>160</xmax>
			<ymin>1</ymin>
			<ymax>134</ymax>
		</bndbox>
	</object>
</annotation>
