<annotation>
	<folder></folder>
	<filename>acne-closed-comedo-1_jpg.rf.d66f30096bcefc6c8f174d544b6ee6b3.jpg</filename>
	<path>acne-closed-comedo-1_jpg.rf.d66f30096bcefc6c8f174d544b6ee6b3.jpg</path>
	<source>
		<database>roboflow.ai</database>
	</source>
	<size>
		<width>160</width>
		<height>160</height>
		<depth>3</depth>
	</size>
	<segmented>0</segmented>
	<object>
		<name>Komedo</name>
		<pose>Unspecified</pose>
		<truncated>0</truncated>
		<difficult>0</difficult>
		<occluded>0</occluded>
		<bndbox>
			<xmin>1</xmin>
			<xmax>160</xmax>
			<ymin>1</ymin>
			<ymax>76</ymax>
		</bndbox>
	</object>
	<object>
		<name>Komedo</name>
		<pose>Unspecified</pose>
		<truncated>0</truncated>
		<difficult>0</difficult>
		<occluded>0</occluded>
		<bndbox>
			<xmin>6</xmin>
			<xmax>160</xmax>
			<ymin>104</ymin>
			<ymax>160</ymax>
		</bndbox>
	</object>
</annotation>
