<annotation>
	<folder></folder>
	<filename>acne-closed-comedo-7_jpg.rf.b5ccac725f94ded1aa3a7bddba484f5a.jpg</filename>
	<path>acne-closed-comedo-7_jpg.rf.b5ccac725f94ded1aa3a7bddba484f5a.jpg</path>
	<source>
		<database>roboflow.ai</database>
	</source>
	<size>
		<width>160</width>
		<height>160</height>
		<depth>3</depth>
	</size>
	<segmented>0</segmented>
	<object>
		<name>Komedo</name>
		<pose>Unspecified</pose>
		<truncated>0</truncated>
		<difficult>0</difficult>
		<occluded>0</occluded>
		<bndbox>
			<xmin>1</xmin>
			<xmax>51</xmax>
			<ymin>17</ymin>
			<ymax>82</ymax>
		</bndbox>
	</object>
	<object>
		<name>Komedo</name>
		<pose>Unspecified</pose>
		<truncated>0</truncated>
		<difficult>0</difficult>
		<occluded>0</occluded>
		<bndbox>
			<xmin>115</xmin>
			<xmax>141</xmax>
			<ymin>14</ymin>
			<ymax>60</ymax>
		</bndbox>
	</object>
</annotation>
