<annotation>
	<folder></folder>
	<filename>acne-closed-comedo-20_jpg.rf.40efa1a9a492d0a50f89ee1f6004773d.jpg</filename>
	<path>acne-closed-comedo-20_jpg.rf.40efa1a9a492d0a50f89ee1f6004773d.jpg</path>
	<source>
		<database>roboflow.ai</database>
	</source>
	<size>
		<width>160</width>
		<height>160</height>
		<depth>3</depth>
	</size>
	<segmented>0</segmented>
	<object>
		<name>Komedo</name>
		<pose>Unspecified</pose>
		<truncated>0</truncated>
		<difficult>0</difficult>
		<occluded>0</occluded>
		<bndbox>
			<xmin>36</xmin>
			<xmax>80</xmax>
			<ymin>114</ymin>
			<ymax>160</ymax>
		</bndbox>
	</object>
	<object>
		<name>Jerawat</name>
		<pose>Unspecified</pose>
		<truncated>0</truncated>
		<difficult>0</difficult>
		<occluded>0</occluded>
		<bndbox>
			<xmin>120</xmin>
			<xmax>149</xmax>
			<ymin>19</ymin>
			<ymax>53</ymax>
		</bndbox>
	</object>
	<object>
		<name>Jerawat</name>
		<pose>Unspecified</pose>
		<truncated>0</truncated>
		<difficult>0</difficult>
		<occluded>0</occluded>
		<bndbox>
			<xmin>4</xmin>
			<xmax>20</xmax>
			<ymin>55</ymin>
			<ymax>89</ymax>
		</bndbox>
	</object>
</annotation>
