<annotation>
	<folder></folder>
	<filename>acne-Closed-Comedo_jpg.rf.935d1dd701321168b4e56631e7d57df6.jpg</filename>
	<path>acne-Closed-Comedo_jpg.rf.935d1dd701321168b4e56631e7d57df6.jpg</path>
	<source>
		<database>roboflow.ai</database>
	</source>
	<size>
		<width>160</width>
		<height>160</height>
		<depth>3</depth>
	</size>
	<segmented>0</segmented>
	<object>
		<name>Komedo</name>
		<pose>Unspecified</pose>
		<truncated>0</truncated>
		<difficult>0</difficult>
		<occluded>0</occluded>
		<bndbox>
			<xmin>35</xmin>
			<xmax>104</xmax>
			<ymin>1</ymin>
			<ymax>62</ymax>
		</bndbox>
	</object>
	<object>
		<name>Komedo</name>
		<pose>Unspecified</pose>
		<truncated>0</truncated>
		<difficult>0</difficult>
		<occluded>0</occluded>
		<bndbox>
			<xmin>38</xmin>
			<xmax>155</xmax>
			<ymin>81</ymin>
			<ymax>157</ymax>
		</bndbox>
	</object>
</annotation>
