<annotation>
	<folder></folder>
	<filename>acne-closed-comedo-17_jpg.rf.b5eefdb03143b59eb3edbd346405f69c.jpg</filename>
	<path>acne-closed-comedo-17_jpg.rf.b5eefdb03143b59eb3edbd346405f69c.jpg</path>
	<source>
		<database>roboflow.ai</database>
	</source>
	<size>
		<width>160</width>
		<height>160</height>
		<depth>3</depth>
	</size>
	<segmented>0</segmented>
	<object>
		<name>Komedo</name>
		<pose>Unspecified</pose>
		<truncated>0</truncated>
		<difficult>0</difficult>
		<occluded>0</occluded>
		<bndbox>
			<xmin>40</xmin>
			<xmax>137</xmax>
			<ymin>6</ymin>
			<ymax>71</ymax>
		</bndbox>
	</object>
	<object>
		<name>Komedo</name>
		<pose>Unspecified</pose>
		<truncated>0</truncated>
		<difficult>0</difficult>
		<occluded>0</occluded>
		<bndbox>
			<xmin>41</xmin>
			<xmax>151</xmax>
			<ymin>113</ymin>
			<ymax>160</ymax>
		</bndbox>
	</object>
</annotation>
