<annotation>
	<folder></folder>
	<filename>acne-closed-comedo-40_jpg.rf.055703fa181292a7f3508ef56f7d6eb9.jpg</filename>
	<path>acne-closed-comedo-40_jpg.rf.055703fa181292a7f3508ef56f7d6eb9.jpg</path>
	<source>
		<database>roboflow.ai</database>
	</source>
	<size>
		<width>160</width>
		<height>160</height>
		<depth>3</depth>
	</size>
	<segmented>0</segmented>
	<object>
		<name>Komedo</name>
		<pose>Unspecified</pose>
		<truncated>0</truncated>
		<difficult>0</difficult>
		<occluded>0</occluded>
		<bndbox>
			<xmin>17</xmin>
			<xmax>113</xmax>
			<ymin>101</ymin>
			<ymax>160</ymax>
		</bndbox>
	</object>
	<object>
		<name>Komedo</name>
		<pose>Unspecified</pose>
		<truncated>0</truncated>
		<difficult>0</difficult>
		<occluded>0</occluded>
		<bndbox>
			<xmin>106</xmin>
			<xmax>157</xmax>
			<ymin>3</ymin>
			<ymax>55</ymax>
		</bndbox>
	</object>
</annotation>
