<annotation>
	<folder></folder>
	<filename>acne-closed-comedo-20_jpg.rf.c6f65845b1a324c7d16b2ddc2f3d0bb3.jpg</filename>
	<path>acne-closed-comedo-20_jpg.rf.c6f65845b1a324c7d16b2ddc2f3d0bb3.jpg</path>
	<source>
		<database>roboflow.ai</database>
	</source>
	<size>
		<width>160</width>
		<height>160</height>
		<depth>3</depth>
	</size>
	<segmented>0</segmented>
	<object>
		<name>Komedo</name>
		<pose>Unspecified</pose>
		<truncated>0</truncated>
		<difficult>0</difficult>
		<occluded>0</occluded>
		<bndbox>
			<xmin>18</xmin>
			<xmax>78</xmax>
			<ymin>121</ymin>
			<ymax>160</ymax>
		</bndbox>
	</object>
	<object>
		<name>Jerawat</name>
		<pose>Unspecified</pose>
		<truncated>0</truncated>
		<difficult>0</difficult>
		<occluded>0</occluded>
		<bndbox>
			<xmin>81</xmin>
			<xmax>113</xmax>
			<ymin>8</ymin>
			<ymax>34</ymax>
		</bndbox>
	</object>
	<object>
		<name>Jerawat</name>
		<pose>Unspecified</pose>
		<truncated>0</truncated>
		<difficult>0</difficult>
		<occluded>0</occluded>
		<bndbox>
			<xmin>116</xmin>
			<xmax>146</xmax>
			<ymin>135</ymin>
			<ymax>161</ymax>
		</bndbox>
	</object>
</annotation>
