<annotation>
	<folder></folder>
	<filename>acne-closed-comedo-8_jpg.rf.e292c2c7341dbb703c92b0f87bd24918.jpg</filename>
	<path>acne-closed-comedo-8_jpg.rf.e292c2c7341dbb703c92b0f87bd24918.jpg</path>
	<source>
		<database>roboflow.ai</database>
	</source>
	<size>
		<width>160</width>
		<height>160</height>
		<depth>3</depth>
	</size>
	<segmented>0</segmented>
	<object>
		<name>Komedo</name>
		<pose>Unspecified</pose>
		<truncated>0</truncated>
		<difficult>0</difficult>
		<occluded>0</occluded>
		<bndbox>
			<xmin>6</xmin>
			<xmax>160</xmax>
			<ymin>1</ymin>
			<ymax>77</ymax>
		</bndbox>
	</object>
	<object>
		<name>Komedo</name>
		<pose>Unspecified</pose>
		<truncated>0</truncated>
		<difficult>0</difficult>
		<occluded>0</occluded>
		<bndbox>
			<xmin>14</xmin>
			<xmax>160</xmax>
			<ymin>106</ymin>
			<ymax>160</ymax>
		</bndbox>
	</object>
</annotation>
