<annotation>
	<folder></folder>
	<filename>acne-closed-comedo-36_jpg.rf.4d4f9922fd45b49d9c0c51fec9d4e7a4.jpg</filename>
	<path>acne-closed-comedo-36_jpg.rf.4d4f9922fd45b49d9c0c51fec9d4e7a4.jpg</path>
	<source>
		<database>roboflow.ai</database>
	</source>
	<size>
		<width>160</width>
		<height>160</height>
		<depth>3</depth>
	</size>
	<segmented>0</segmented>
	<object>
		<name>Komedo</name>
		<pose>Unspecified</pose>
		<truncated>0</truncated>
		<difficult>0</difficult>
		<occluded>0</occluded>
		<bndbox>
			<xmin>41</xmin>
			<xmax>161</xmax>
			<ymin>81</ymin>
			<ymax>160</ymax>
		</bndbox>
	</object>
	<object>
		<name>Komedo</name>
		<pose>Unspecified</pose>
		<truncated>0</truncated>
		<difficult>0</difficult>
		<occluded>0</occluded>
		<bndbox>
			<xmin>6</xmin>
			<xmax>64</xmax>
			<ymin>23</ymin>
			<ymax>66</ymax>
		</bndbox>
	</object>
	<object>
		<name>Komedo</name>
		<pose>Unspecified</pose>
		<truncated>0</truncated>
		<difficult>0</difficult>
		<occluded>0</occluded>
		<bndbox>
			<xmin>117</xmin>
			<xmax>160</xmax>
			<ymin>7</ymin>
			<ymax>64</ymax>
		</bndbox>
	</object>
</annotation>
