<annotation>
	<folder></folder>
	<filename>acne-closed-comedo-38_jpg.rf.27afdee7c2873d4edd809b6acda0013f.jpg</filename>
	<path>acne-closed-comedo-38_jpg.rf.27afdee7c2873d4edd809b6acda0013f.jpg</path>
	<source>
		<database>roboflow.ai</database>
	</source>
	<size>
		<width>160</width>
		<height>160</height>
		<depth>3</depth>
	</size>
	<segmented>0</segmented>
	<object>
		<name>Komedo</name>
		<pose>Unspecified</pose>
		<truncated>0</truncated>
		<difficult>0</difficult>
		<occluded>0</occluded>
		<bndbox>
			<xmin>88</xmin>
			<xmax>140</xmax>
			<ymin>51</ymin>
			<ymax>110</ymax>
		</bndbox>
	</object>
	<object>
		<name>Komedo</name>
		<pose>Unspecified</pose>
		<truncated>0</truncated>
		<difficult>0</difficult>
		<occluded>0</occluded>
		<bndbox>
			<xmin>1</xmin>
			<xmax>53</xmax>
			<ymin>57</ymin>
			<ymax>155</ymax>
		</bndbox>
	</object>
</annotation>
