<annotation>
	<folder></folder>
	<filename>acne-closed-comedo-2_jpg.rf.549de70cb25c194822247d7936d50e3f.jpg</filename>
	<path>acne-closed-comedo-2_jpg.rf.549de70cb25c194822247d7936d50e3f.jpg</path>
	<source>
		<database>roboflow.ai</database>
	</source>
	<size>
		<width>160</width>
		<height>160</height>
		<depth>3</depth>
	</size>
	<segmented>0</segmented>
	<object>
		<name>Komedo</name>
		<pose>Unspecified</pose>
		<truncated>0</truncated>
		<difficult>0</difficult>
		<occluded>0</occluded>
		<bndbox>
			<xmin>101</xmin>
			<xmax>142</xmax>
			<ymin>127</ymin>
			<ymax>150</ymax>
		</bndbox>
	</object>
	<object>
		<name>Jerawat</name>
		<pose>Unspecified</pose>
		<truncated>0</truncated>
		<difficult>0</difficult>
		<occluded>0</occluded>
		<bndbox>
			<xmin>25</xmin>
			<xmax>160</xmax>
			<ymin>1</ymin>
			<ymax>131</ymax>
		</bndbox>
	</object>
</annotation>
