<annotation>
	<folder></folder>
	<filename>acne-closed-comedo-2_jpg.rf.a5a0d654f8a7701ee426eb92389d1f7a.jpg</filename>
	<path>acne-closed-comedo-2_jpg.rf.a5a0d654f8a7701ee426eb92389d1f7a.jpg</path>
	<source>
		<database>roboflow.ai</database>
	</source>
	<size>
		<width>160</width>
		<height>160</height>
		<depth>3</depth>
	</size>
	<segmented>0</segmented>
	<object>
		<name>Komedo</name>
		<pose>Unspecified</pose>
		<truncated>0</truncated>
		<difficult>0</difficult>
		<occluded>0</occluded>
		<bndbox>
			<xmin>11</xmin>
			<xmax>42</xmax>
			<ymin>2</ymin>
			<ymax>32</ymax>
		</bndbox>
	</object>
	<object>
		<name>Jerawat</name>
		<pose>Unspecified</pose>
		<truncated>0</truncated>
		<difficult>0</difficult>
		<occluded>0</occluded>
		<bndbox>
			<xmin>28</xmin>
			<xmax>160</xmax>
			<ymin>2</ymin>
			<ymax>149</ymax>
		</bndbox>
	</object>
</annotation>
