<annotation>
	<folder></folder>
	<filename>acne-cystic-111_jpg.rf.faae78c91940f3620adc52f495c7b992.jpg</filename>
	<path>acne-cystic-111_jpg.rf.faae78c91940f3620adc52f495c7b992.jpg</path>
	<source>
		<database>roboflow.ai</database>
	</source>
	<size>
		<width>160</width>
		<height>160</height>
		<depth>3</depth>
	</size>
	<segmented>0</segmented>
	<object>
		<name>Komedo</name>
		<pose>Unspecified</pose>
		<truncated>0</truncated>
		<difficult>0</difficult>
		<occluded>0</occluded>
		<bndbox>
			<xmin>16</xmin>
			<xmax>114</xmax>
			<ymin>100</ymin>
			<ymax>160</ymax>
		</bndbox>
	</object>
	<object>
		<name>Komedo</name>
		<pose>Unspecified</pose>
		<truncated>0</truncated>
		<difficult>0</difficult>
		<occluded>0</occluded>
		<bndbox>
			<xmin>94</xmin>
			<xmax>160</xmax>
			<ymin>74</ymin>
			<ymax>160</ymax>
		</bndbox>
	</object>
</annotation>
