<annotation>
	<folder></folder>
	<filename>acne-closed-comedo-8_jpg.rf.a10712c5b2cf1ddd385efe1d605d3b0c.jpg</filename>
	<path>acne-closed-comedo-8_jpg.rf.a10712c5b2cf1ddd385efe1d605d3b0c.jpg</path>
	<source>
		<database>roboflow.ai</database>
	</source>
	<size>
		<width>160</width>
		<height>160</height>
		<depth>3</depth>
	</size>
	<segmented>0</segmented>
	<object>
		<name>Komedo</name>
		<pose>Unspecified</pose>
		<truncated>0</truncated>
		<difficult>0</difficult>
		<occluded>0</occluded>
		<bndbox>
			<xmin>1</xmin>
			<xmax>64</xmax>
			<ymin>3</ymin>
			<ymax>160</ymax>
		</bndbox>
	</object>
	<object>
		<name>Komedo</name>
		<pose>Unspecified</pose>
		<truncated>0</truncated>
		<difficult>0</difficult>
		<occluded>0</occluded>
		<bndbox>
			<xmin>110</xmin>
			<xmax>160</xmax>
			<ymin>17</ymin>
			<ymax>160</ymax>
		</bndbox>
	</object>
</annotation>
