<annotation>
	<folder></folder>
	<filename>acne-closed-comedo-9_jpg.rf.fe4198c0916c17570c8383ab3a4513d5.jpg</filename>
	<path>acne-closed-comedo-9_jpg.rf.fe4198c0916c17570c8383ab3a4513d5.jpg</path>
	<source>
		<database>roboflow.ai</database>
	</source>
	<size>
		<width>160</width>
		<height>160</height>
		<depth>3</depth>
	</size>
	<segmented>0</segmented>
	<object>
		<name>Komedo</name>
		<pose>Unspecified</pose>
		<truncated>0</truncated>
		<difficult>0</difficult>
		<occluded>0</occluded>
		<bndbox>
			<xmin>1</xmin>
			<xmax>161</xmax>
			<ymin>1</ymin>
			<ymax>92</ymax>
		</bndbox>
	</object>
	<object>
		<name>Komedo</name>
		<pose>Unspecified</pose>
		<truncated>0</truncated>
		<difficult>0</difficult>
		<occluded>0</occluded>
		<bndbox>
			<xmin>13</xmin>
			<xmax>160</xmax>
			<ymin>71</ymin>
			<ymax>160</ymax>
		</bndbox>
	</object>
</annotation>
