<annotation>
	<folder></folder>
	<filename>acne-closed-comedo-22_jpg.rf.b8c73f5cc01a90cb088dd41f84d332be.jpg</filename>
	<path>acne-closed-comedo-22_jpg.rf.b8c73f5cc01a90cb088dd41f84d332be.jpg</path>
	<source>
		<database>roboflow.ai</database>
	</source>
	<size>
		<width>160</width>
		<height>160</height>
		<depth>3</depth>
	</size>
	<segmented>0</segmented>
	<object>
		<name>Komedo</name>
		<pose>Unspecified</pose>
		<truncated>0</truncated>
		<difficult>0</difficult>
		<occluded>0</occluded>
		<bndbox>
			<xmin>39</xmin>
			<xmax>159</xmax>
			<ymin>22</ymin>
			<ymax>160</ymax>
		</bndbox>
	</object>
</annotation>
