<annotation>
	<folder></folder>
	<filename>acne-cystic-113_jpg.rf.60ae5e3d3d4138f6c475eb12a197d8db.jpg</filename>
	<path>acne-cystic-113_jpg.rf.60ae5e3d3d4138f6c475eb12a197d8db.jpg</path>
	<source>
		<database>roboflow.ai</database>
	</source>
	<size>
		<width>160</width>
		<height>160</height>
		<depth>3</depth>
	</size>
	<segmented>0</segmented>
	<object>
		<name>Jerawat</name>
		<pose>Unspecified</pose>
		<truncated>0</truncated>
		<difficult>0</difficult>
		<occluded>0</occluded>
		<bndbox>
			<xmin>1</xmin>
			<xmax>160</xmax>
			<ymin>6</ymin>
			<ymax>160</ymax>
		</bndbox>
	</object>
</annotation>
