<annotation>
	<folder></folder>
	<filename>acne-closed-comedo-23_jpg.rf.84032c1e40154d68fd6affffb2b5d6db.jpg</filename>
	<path>acne-closed-comedo-23_jpg.rf.84032c1e40154d68fd6affffb2b5d6db.jpg</path>
	<source>
		<database>roboflow.ai</database>
	</source>
	<size>
		<width>160</width>
		<height>160</height>
		<depth>3</depth>
	</size>
	<segmented>0</segmented>
	<object>
		<name>Jerawat</name>
		<pose>Unspecified</pose>
		<truncated>0</truncated>
		<difficult>0</difficult>
		<occluded>0</occluded>
		<bndbox>
			<xmin>76</xmin>
			<xmax>159</xmax>
			<ymin>73</ymin>
			<ymax>158</ymax>
		</bndbox>
	</object>
</annotation>
