<annotation>
	<folder></folder>
	<filename>acne-closed-comedo-11_jpg.rf.f6a627b6e29b4e6a193991e2dea6e3d2.jpg</filename>
	<path>acne-closed-comedo-11_jpg.rf.f6a627b6e29b4e6a193991e2dea6e3d2.jpg</path>
	<source>
		<database>roboflow.ai</database>
	</source>
	<size>
		<width>160</width>
		<height>160</height>
		<depth>3</depth>
	</size>
	<segmented>0</segmented>
	<object>
		<name>Komedo</name>
		<pose>Unspecified</pose>
		<truncated>0</truncated>
		<difficult>0</difficult>
		<occluded>0</occluded>
		<bndbox>
			<xmin>1</xmin>
			<xmax>160</xmax>
			<ymin>1</ymin>
			<ymax>66</ymax>
		</bndbox>
	</object>
	<object>
		<name>Komedo</name>
		<pose>Unspecified</pose>
		<truncated>0</truncated>
		<difficult>0</difficult>
		<occluded>0</occluded>
		<bndbox>
			<xmin>1</xmin>
			<xmax>153</xmax>
			<ymin>91</ymin>
			<ymax>160</ymax>
		</bndbox>
	</object>
</annotation>
