<annotation>
	<folder></folder>
	<filename>acne-closed-comedo-6_jpg.rf.dc405b5001a49bda5a8ea6ac71892404.jpg</filename>
	<path>acne-closed-comedo-6_jpg.rf.dc405b5001a49bda5a8ea6ac71892404.jpg</path>
	<source>
		<database>roboflow.ai</database>
	</source>
	<size>
		<width>160</width>
		<height>160</height>
		<depth>3</depth>
	</size>
	<segmented>0</segmented>
	<object>
		<name>Komedo</name>
		<pose>Unspecified</pose>
		<truncated>0</truncated>
		<difficult>0</difficult>
		<occluded>0</occluded>
		<bndbox>
			<xmin>8</xmin>
			<xmax>27</xmax>
			<ymin>111</ymin>
			<ymax>160</ymax>
		</bndbox>
	</object>
	<object>
		<name>Komedo</name>
		<pose>Unspecified</pose>
		<truncated>0</truncated>
		<difficult>0</difficult>
		<occluded>0</occluded>
		<bndbox>
			<xmin>104</xmin>
			<xmax>139</xmax>
			<ymin>85</ymin>
			<ymax>121</ymax>
		</bndbox>
	</object>
</annotation>
