<annotation>
	<folder></folder>
	<filename>acne-closed-comedo-32_jpg.rf.8b06f5bb88fee6a255bd88cec8b9be90.jpg</filename>
	<path>acne-closed-comedo-32_jpg.rf.8b06f5bb88fee6a255bd88cec8b9be90.jpg</path>
	<source>
		<database>roboflow.ai</database>
	</source>
	<size>
		<width>160</width>
		<height>160</height>
		<depth>3</depth>
	</size>
	<segmented>0</segmented>
	<object>
		<name>Komedo</name>
		<pose>Unspecified</pose>
		<truncated>0</truncated>
		<difficult>0</difficult>
		<occluded>0</occluded>
		<bndbox>
			<xmin>35</xmin>
			<xmax>130</xmax>
			<ymin>1</ymin>
			<ymax>80</ymax>
		</bndbox>
	</object>
	<object>
		<name>Komedo</name>
		<pose>Unspecified</pose>
		<truncated>0</truncated>
		<difficult>0</difficult>
		<occluded>0</occluded>
		<bndbox>
			<xmin>1</xmin>
			<xmax>39</xmax>
			<ymin>26</ymin>
			<ymax>122</ymax>
		</bndbox>
	</object>
</annotation>
