<annotation>
	<folder></folder>
	<filename>acne-closed-comedo-22_jpg.rf.0f0797fa38f63e22f45cb9408dd9db93.jpg</filename>
	<path>acne-closed-comedo-22_jpg.rf.0f0797fa38f63e22f45cb9408dd9db93.jpg</path>
	<source>
		<database>roboflow.ai</database>
	</source>
	<size>
		<width>160</width>
		<height>160</height>
		<depth>3</depth>
	</size>
	<segmented>0</segmented>
	<object>
		<name>Komedo</name>
		<pose>Unspecified</pose>
		<truncated>0</truncated>
		<difficult>0</difficult>
		<occluded>0</occluded>
		<bndbox>
			<xmin>49</xmin>
			<xmax>160</xmax>
			<ymin>15</ymin>
			<ymax>158</ymax>
		</bndbox>
	</object>
</annotation>
