<annotation>
	<folder></folder>
	<filename>acne-closed-comedo-35_jpg.rf.0acb9ee69a24ef10371a66ffcef2fcc5.jpg</filename>
	<path>acne-closed-comedo-35_jpg.rf.0acb9ee69a24ef10371a66ffcef2fcc5.jpg</path>
	<source>
		<database>roboflow.ai</database>
	</source>
	<size>
		<width>160</width>
		<height>160</height>
		<depth>3</depth>
	</size>
	<segmented>0</segmented>
	<object>
		<name>Komedo</name>
		<pose>Unspecified</pose>
		<truncated>0</truncated>
		<difficult>0</difficult>
		<occluded>0</occluded>
		<bndbox>
			<xmin>71</xmin>
			<xmax>160</xmax>
			<ymin>11</ymin>
			<ymax>160</ymax>
		</bndbox>
	</object>
	<object>
		<name>Komedo</name>
		<pose>Unspecified</pose>
		<truncated>0</truncated>
		<difficult>0</difficult>
		<occluded>0</occluded>
		<bndbox>
			<xmin>1</xmin>
			<xmax>80</xmax>
			<ymin>1</ymin>
			<ymax>154</ymax>
		</bndbox>
	</object>
</annotation>
