<annotation>
	<folder></folder>
	<filename>acne-closed-comedo-23_jpg.rf.6545388c0a3644ac061ac3240510d4a9.jpg</filename>
	<path>acne-closed-comedo-23_jpg.rf.6545388c0a3644ac061ac3240510d4a9.jpg</path>
	<source>
		<database>roboflow.ai</database>
	</source>
	<size>
		<width>160</width>
		<height>160</height>
		<depth>3</depth>
	</size>
	<segmented>0</segmented>
	<object>
		<name>Jerawat</name>
		<pose>Unspecified</pose>
		<truncated>0</truncated>
		<difficult>0</difficult>
		<occluded>0</occluded>
		<bndbox>
			<xmin>1</xmin>
			<xmax>79</xmax>
			<ymin>77</ymin>
			<ymax>160</ymax>
		</bndbox>
	</object>
</annotation>
