<annotation>
	<folder></folder>
	<filename>acne-closed-comedo-17_jpg.rf.9009a181d2ee61248630d2616ec66b0a.jpg</filename>
	<path>acne-closed-comedo-17_jpg.rf.9009a181d2ee61248630d2616ec66b0a.jpg</path>
	<source>
		<database>roboflow.ai</database>
	</source>
	<size>
		<width>160</width>
		<height>160</height>
		<depth>3</depth>
	</size>
	<segmented>0</segmented>
	<object>
		<name>Komedo</name>
		<pose>Unspecified</pose>
		<truncated>0</truncated>
		<difficult>0</difficult>
		<occluded>0</occluded>
		<bndbox>
			<xmin>78</xmin>
			<xmax>160</xmax>
			<ymin>1</ymin>
			<ymax>105</ymax>
		</bndbox>
	</object>
	<object>
		<name>Komedo</name>
		<pose>Unspecified</pose>
		<truncated>0</truncated>
		<difficult>0</difficult>
		<occluded>0</occluded>
		<bndbox>
			<xmin>1</xmin>
			<xmax>52</xmax>
			<ymin>7</ymin>
			<ymax>119</ymax>
		</bndbox>
	</object>
</annotation>
