<annotation>
	<folder></folder>
	<filename>acne-closed-comedo-38_jpg.rf.b380c8913a28848a4d6940c9be16f2bf.jpg</filename>
	<path>acne-closed-comedo-38_jpg.rf.b380c8913a28848a4d6940c9be16f2bf.jpg</path>
	<source>
		<database>roboflow.ai</database>
	</source>
	<size>
		<width>160</width>
		<height>160</height>
		<depth>3</depth>
	</size>
	<segmented>0</segmented>
	<object>
		<name>Komedo</name>
		<pose>Unspecified</pose>
		<truncated>0</truncated>
		<difficult>0</difficult>
		<occluded>0</occluded>
		<bndbox>
			<xmin>93</xmin>
			<xmax>139</xmax>
			<ymin>44</ymin>
			<ymax>100</ymax>
		</bndbox>
	</object>
	<object>
		<name>Komedo</name>
		<pose>Unspecified</pose>
		<truncated>0</truncated>
		<difficult>0</difficult>
		<occluded>0</occluded>
		<bndbox>
			<xmin>2</xmin>
			<xmax>57</xmax>
			<ymin>73</ymin>
			<ymax>160</ymax>
		</bndbox>
	</object>
</annotation>
