<annotation>
	<folder></folder>
	<filename>acne-closed-comedo-6_jpg.rf.73592ea3f8a4491b226e0f74e953d40f.jpg</filename>
	<path>acne-closed-comedo-6_jpg.rf.73592ea3f8a4491b226e0f74e953d40f.jpg</path>
	<source>
		<database>roboflow.ai</database>
	</source>
	<size>
		<width>160</width>
		<height>160</height>
		<depth>3</depth>
	</size>
	<segmented>0</segmented>
	<object>
		<name>Komedo</name>
		<pose>Unspecified</pose>
		<truncated>0</truncated>
		<difficult>0</difficult>
		<occluded>0</occluded>
		<bndbox>
			<xmin>22</xmin>
			<xmax>66</xmax>
			<ymin>35</ymin>
			<ymax>77</ymax>
		</bndbox>
	</object>
</annotation>
