<annotation>
	<folder></folder>
	<filename>acne-cystic-106_jpg.rf.28bf9143212e0ff3a0db1175ac01be37.jpg</filename>
	<path>acne-cystic-106_jpg.rf.28bf9143212e0ff3a0db1175ac01be37.jpg</path>
	<source>
		<database>roboflow.ai</database>
	</source>
	<size>
		<width>160</width>
		<height>160</height>
		<depth>3</depth>
	</size>
	<segmented>0</segmented>
	<object>
		<name>Jerawat</name>
		<pose>Unspecified</pose>
		<truncated>0</truncated>
		<difficult>0</difficult>
		<occluded>0</occluded>
		<bndbox>
			<xmin>116</xmin>
			<xmax>160</xmax>
			<ymin>8</ymin>
			<ymax>94</ymax>
		</bndbox>
	</object>
	<object>
		<name>Komedo</name>
		<pose>Unspecified</pose>
		<truncated>0</truncated>
		<difficult>0</difficult>
		<occluded>0</occluded>
		<bndbox>
			<xmin>7</xmin>
			<xmax>85</xmax>
			<ymin>1</ymin>
			<ymax>63</ymax>
		</bndbox>
	</object>
	<object>
		<name>Jerawat</name>
		<pose>Unspecified</pose>
		<truncated>0</truncated>
		<difficult>0</difficult>
		<occluded>0</occluded>
		<bndbox>
			<xmin>60</xmin>
			<xmax>147</xmax>
			<ymin>97</ymin>
			<ymax>161</ymax>
		</bndbox>
	</object>
</annotation>
