<annotation>
	<folder></folder>
	<filename>IMG-20220509-WA0058---Maulidya-Dwi-Ila-Zamzani-1-_jpeg_jpg.rf.a98f6915efb7f22109d83d1c4967a9f9.jpg</filename>
	<path>IMG-20220509-WA0058---Maulidya-Dwi-Ila-Zamzani-1-_jpeg_jpg.rf.a98f6915efb7f22109d83d1c4967a9f9.jpg</path>
	<source>
		<database>roboflow.ai</database>
	</source>
	<size>
		<width>160</width>
		<height>160</height>
		<depth>3</depth>
	</size>
	<segmented>0</segmented>
	<object>
		<name>Jerawat</name>
		<pose>Unspecified</pose>
		<truncated>0</truncated>
		<difficult>0</difficult>
		<occluded>0</occluded>
		<bndbox>
			<xmin>1</xmin>
			<xmax>116</xmax>
			<ymin>1</ymin>
			<ymax>84</ymax>
		</bndbox>
	</object>
</annotation>
