<annotation>
	<folder></folder>
	<filename>IMG20220509193023---Muhammad-Rivai_jpg.rf.267e8bb70d2536ba6ecabcc23c4286cd.jpg</filename>
	<path>IMG20220509193023---Muhammad-Rivai_jpg.rf.267e8bb70d2536ba6ecabcc23c4286cd.jpg</path>
	<source>
		<database>roboflow.ai</database>
	</source>
	<size>
		<width>160</width>
		<height>160</height>
		<depth>3</depth>
	</size>
	<segmented>0</segmented>
	<object>
		<name>Jerawat</name>
		<pose>Unspecified</pose>
		<truncated>0</truncated>
		<difficult>0</difficult>
		<occluded>0</occluded>
		<bndbox>
			<xmin>22</xmin>
			<xmax>86</xmax>
			<ymin>53</ymin>
			<ymax>118</ymax>
		</bndbox>
	</object>
</annotation>
