<annotation>
	<folder></folder>
	<filename>IMG20220509201626---Lutphi-Mardiono_jpg.rf.23f9d4c0120f17efe66967e63bd7695c.jpg</filename>
	<path>IMG20220509201626---Lutphi-Mardiono_jpg.rf.23f9d4c0120f17efe66967e63bd7695c.jpg</path>
	<source>
		<database>roboflow.ai</database>
	</source>
	<size>
		<width>160</width>
		<height>160</height>
		<depth>3</depth>
	</size>
	<segmented>0</segmented>
	<object>
		<name>Jerawat</name>
		<pose>Unspecified</pose>
		<truncated>0</truncated>
		<difficult>0</difficult>
		<occluded>0</occluded>
		<bndbox>
			<xmin>32</xmin>
			<xmax>99</xmax>
			<ymin>127</ymin>
			<ymax>159</ymax>
		</bndbox>
	</object>
</annotation>
