<annotation>
	<folder></folder>
	<filename>IMG20220512144705---Aldycky-Bagus-Witjaksana-C2128F1582_jpg.rf.6bd73ca5cbdc0e3a3d957d6db46c3a06.jpg</filename>
	<path>IMG20220512144705---Aldycky-Bagus-Witjaksana-C2128F1582_jpg.rf.6bd73ca5cbdc0e3a3d957d6db46c3a06.jpg</path>
	<source>
		<database>roboflow.ai</database>
	</source>
	<size>
		<width>160</width>
		<height>160</height>
		<depth>3</depth>
	</size>
	<segmented>0</segmented>
	<object>
		<name>Jerawat</name>
		<pose>Unspecified</pose>
		<truncated>0</truncated>
		<difficult>0</difficult>
		<occluded>0</occluded>
		<bndbox>
			<xmin>26</xmin>
			<xmax>118</xmax>
			<ymin>126</ymin>
			<ymax>160</ymax>
		</bndbox>
	</object>
	<object>
		<name>Jerawat</name>
		<pose>Unspecified</pose>
		<truncated>0</truncated>
		<difficult>0</difficult>
		<occluded>0</occluded>
		<bndbox>
			<xmin>2</xmin>
			<xmax>96</xmax>
			<ymin>1</ymin>
			<ymax>74</ymax>
		</bndbox>
	</object>
</annotation>
