<annotation>
	<folder></folder>
	<filename>IMG20220509193023---Muhammad-Rivai_jpg.rf.1b8846d3c83e9a09d3555a5a79413739.jpg</filename>
	<path>IMG20220509193023---Muhammad-Rivai_jpg.rf.1b8846d3c83e9a09d3555a5a79413739.jpg</path>
	<source>
		<database>roboflow.ai</database>
	</source>
	<size>
		<width>160</width>
		<height>160</height>
		<depth>3</depth>
	</size>
	<segmented>0</segmented>
	<object>
		<name>Jerawat</name>
		<pose>Unspecified</pose>
		<truncated>0</truncated>
		<difficult>0</difficult>
		<occluded>0</occluded>
		<bndbox>
			<xmin>61</xmin>
			<xmax>116</xmax>
			<ymin>80</ymin>
			<ymax>133</ymax>
		</bndbox>
	</object>
</annotation>
