<annotation>
	<folder></folder>
	<filename>IMG20220509201626---Lutphi-Mardiono_jpg.rf.0aeda461493f224974a3408bc744a74c.jpg</filename>
	<path>IMG20220509201626---Lutphi-Mardiono_jpg.rf.0aeda461493f224974a3408bc744a74c.jpg</path>
	<source>
		<database>roboflow.ai</database>
	</source>
	<size>
		<width>160</width>
		<height>160</height>
		<depth>3</depth>
	</size>
	<segmented>0</segmented>
	<object>
		<name>Jerawat</name>
		<pose>Unspecified</pose>
		<truncated>0</truncated>
		<difficult>0</difficult>
		<occluded>0</occluded>
		<bndbox>
			<xmin>63</xmin>
			<xmax>135</xmax>
			<ymin>118</ymin>
			<ymax>157</ymax>
		</bndbox>
	</object>
</annotation>
