<annotation>
	<folder></folder>
	<filename>IMG20220512144705---Aldycky-Bagus-Witjaksana-C2128F1582_jpg.rf.3ffb5701904174a4edf0c294fc59c35a.jpg</filename>
	<path>IMG20220512144705---Aldycky-Bagus-Witjaksana-C2128F1582_jpg.rf.3ffb5701904174a4edf0c294fc59c35a.jpg</path>
	<source>
		<database>roboflow.ai</database>
	</source>
	<size>
		<width>160</width>
		<height>160</height>
		<depth>3</depth>
	</size>
	<segmented>0</segmented>
	<object>
		<name>Jerawat</name>
		<pose>Unspecified</pose>
		<truncated>0</truncated>
		<difficult>0</difficult>
		<occluded>0</occluded>
		<bndbox>
			<xmin>31</xmin>
			<xmax>121</xmax>
			<ymin>118</ymin>
			<ymax>158</ymax>
		</bndbox>
	</object>
	<object>
		<name>Jerawat</name>
		<pose>Unspecified</pose>
		<truncated>0</truncated>
		<difficult>0</difficult>
		<occluded>0</occluded>
		<bndbox>
			<xmin>75</xmin>
			<xmax>160</xmax>
			<ymin>1</ymin>
			<ymax>60</ymax>
		</bndbox>
	</object>
</annotation>
