<annotation>
	<folder></folder>
	<filename>IMG20220512144705---Aldycky-Bagus-Witjaksana-C2128F1582_jpg.rf.c2efc33d7d41e83d3c6a52fe5215a366.jpg</filename>
	<path>IMG20220512144705---Aldycky-Bagus-Witjaksana-C2128F1582_jpg.rf.c2efc33d7d41e83d3c6a52fe5215a366.jpg</path>
	<source>
		<database>roboflow.ai</database>
	</source>
	<size>
		<width>160</width>
		<height>160</height>
		<depth>3</depth>
	</size>
	<segmented>0</segmented>
	<object>
		<name>Jerawat</name>
		<pose>Unspecified</pose>
		<truncated>0</truncated>
		<difficult>0</difficult>
		<occluded>0</occluded>
		<bndbox>
			<xmin>113</xmin>
			<xmax>157</xmax>
			<ymin>62</ymin>
			<ymax>159</ymax>
		</bndbox>
	</object>
	<object>
		<name>Jerawat</name>
		<pose>Unspecified</pose>
		<truncated>0</truncated>
		<difficult>0</difficult>
		<occluded>0</occluded>
		<bndbox>
			<xmin>1</xmin>
			<xmax>92</xmax>
			<ymin>1</ymin>
			<ymax>87</ymax>
		</bndbox>
	</object>
</annotation>
