<annotation>
	<folder></folder>
	<filename>IMG20220509193023---Muhammad-Rivai_jpg.rf.a7c43aeb25867d231b5df2ba32d92718.jpg</filename>
	<path>IMG20220509193023---Muhammad-Rivai_jpg.rf.a7c43aeb25867d231b5df2ba32d92718.jpg</path>
	<source>
		<database>roboflow.ai</database>
	</source>
	<size>
		<width>160</width>
		<height>160</height>
		<depth>3</depth>
	</size>
	<segmented>0</segmented>
	<object>
		<name>Jerawat</name>
		<pose>Unspecified</pose>
		<truncated>0</truncated>
		<difficult>0</difficult>
		<occluded>0</occluded>
		<bndbox>
			<xmin>26</xmin>
			<xmax>82</xmax>
			<ymin>58</ymin>
			<ymax>116</ymax>
		</bndbox>
	</object>
</annotation>
