<annotation>
	<folder></folder>
	<filename>IMG_20220512_060813---Tomi-Timutius-C2010F1059_jpg.rf.46269bc32ff951c782d59ef69ea279a8.jpg</filename>
	<path>IMG_20220512_060813---Tomi-Timutius-C2010F1059_jpg.rf.46269bc32ff951c782d59ef69ea279a8.jpg</path>
	<source>
		<database>roboflow.ai</database>
	</source>
	<size>
		<width>160</width>
		<height>160</height>
		<depth>3</depth>
	</size>
	<segmented>0</segmented>
	<object>
		<name>Jerawat</name>
		<pose>Unspecified</pose>
		<truncated>0</truncated>
		<difficult>0</difficult>
		<occluded>0</occluded>
		<bndbox>
			<xmin>1</xmin>
			<xmax>109</xmax>
			<ymin>65</ymin>
			<ymax>150</ymax>
		</bndbox>
	</object>
</annotation>
