<annotation>
	<folder></folder>
	<filename>IMG_20220510_075316---Lonard-Steven_jpg.rf.5486e04ad821d6fd3a378e3ac351f112.jpg</filename>
	<path>IMG_20220510_075316---Lonard-Steven_jpg.rf.5486e04ad821d6fd3a378e3ac351f112.jpg</path>
	<source>
		<database>roboflow.ai</database>
	</source>
	<size>
		<width>160</width>
		<height>160</height>
		<depth>3</depth>
	</size>
	<segmented>0</segmented>
	<object>
		<name>Komedo</name>
		<pose>Unspecified</pose>
		<truncated>0</truncated>
		<difficult>0</difficult>
		<occluded>0</occluded>
		<bndbox>
			<xmin>76</xmin>
			<xmax>160</xmax>
			<ymin>7</ymin>
			<ymax>110</ymax>
		</bndbox>
	</object>
</annotation>
