<annotation>
	<folder></folder>
	<filename>IMG_20220510_075313_1---Lonard-Steven_jpg.rf.4e6d6cb5650499f2363b5b04dd99cb2c.jpg</filename>
	<path>IMG_20220510_075313_1---Lonard-Steven_jpg.rf.4e6d6cb5650499f2363b5b04dd99cb2c.jpg</path>
	<source>
		<database>roboflow.ai</database>
	</source>
	<size>
		<width>160</width>
		<height>160</height>
		<depth>3</depth>
	</size>
	<segmented>0</segmented>
	<object>
		<name>Komedo</name>
		<pose>Unspecified</pose>
		<truncated>0</truncated>
		<difficult>0</difficult>
		<occluded>0</occluded>
		<bndbox>
			<xmin>30</xmin>
			<xmax>65</xmax>
			<ymin>41</ymin>
			<ymax>75</ymax>
		</bndbox>
	</object>
</annotation>
