<annotation>
	<folder></folder>
	<filename>IMG_20220509_202711---Bifta-Desfiana_jpg.rf.c16df106c8d846b6f75a9c90aa1fdc24.jpg</filename>
	<path>IMG_20220509_202711---Bifta-Desfiana_jpg.rf.c16df106c8d846b6f75a9c90aa1fdc24.jpg</path>
	<source>
		<database>roboflow.ai</database>
	</source>
	<size>
		<width>160</width>
		<height>160</height>
		<depth>3</depth>
	</size>
	<segmented>0</segmented>
	<object>
		<name>Jerawat</name>
		<pose>Unspecified</pose>
		<truncated>0</truncated>
		<difficult>0</difficult>
		<occluded>0</occluded>
		<bndbox>
			<xmin>1</xmin>
			<xmax>70</xmax>
			<ymin>2</ymin>
			<ymax>107</ymax>
		</bndbox>
	</object>
</annotation>
