<annotation>
	<folder></folder>
	<filename>IMG_20220512_005532_708-2---Athaya-Zahra-1-_jpg.rf.611b9f48b295113881ac639a382be03c.jpg</filename>
	<path>IMG_20220512_005532_708-2---Athaya-Zahra-1-_jpg.rf.611b9f48b295113881ac639a382be03c.jpg</path>
	<source>
		<database>roboflow.ai</database>
	</source>
	<size>
		<width>160</width>
		<height>160</height>
		<depth>3</depth>
	</size>
	<segmented>0</segmented>
	<object>
		<name>Jerawat</name>
		<pose>Unspecified</pose>
		<truncated>0</truncated>
		<difficult>0</difficult>
		<occluded>0</occluded>
		<bndbox>
			<xmin>54</xmin>
			<xmax>161</xmax>
			<ymin>1</ymin>
			<ymax>157</ymax>
		</bndbox>
	</object>
	<object>
		<name>Jerawat</name>
		<pose>Unspecified</pose>
		<truncated>0</truncated>
		<difficult>0</difficult>
		<occluded>0</occluded>
		<bndbox>
			<xmin>1</xmin>
			<xmax>21</xmax>
			<ymin>33</ymin>
			<ymax>85</ymax>
		</bndbox>
	</object>
	<object>
		<name>Jerawat</name>
		<pose>Unspecified</pose>
		<truncated>0</truncated>
		<difficult>0</difficult>
		<occluded>0</occluded>
		<bndbox>
			<xmin>9</xmin>
			<xmax>73</xmax>
			<ymin>73</ymin>
			<ymax>160</ymax>
		</bndbox>
	</object>
</annotation>
