<annotation>
	<folder></folder>
	<filename>IMG_20220510_052835---Emilia_jpg.rf.a21b4ac7cc91d1620202d4e63255afae.jpg</filename>
	<path>IMG_20220510_052835---Emilia_jpg.rf.a21b4ac7cc91d1620202d4e63255afae.jpg</path>
	<source>
		<database>roboflow.ai</database>
	</source>
	<size>
		<width>160</width>
		<height>160</height>
		<depth>3</depth>
	</size>
	<segmented>0</segmented>
	<object>
		<name>Jerawat</name>
		<pose>Unspecified</pose>
		<truncated>0</truncated>
		<difficult>0</difficult>
		<occluded>0</occluded>
		<bndbox>
			<xmin>100</xmin>
			<xmax>155</xmax>
			<ymin>9</ymin>
			<ymax>75</ymax>
		</bndbox>
	</object>
</annotation>
