<annotation>
	<folder></folder>
	<filename>IMG_20220509_202512---Afdiila-Cahya_jpg.rf.7b1f470695ee76181f6b982cad3c9ba6.jpg</filename>
	<path>IMG_20220509_202512---Afdiila-Cahya_jpg.rf.7b1f470695ee76181f6b982cad3c9ba6.jpg</path>
	<source>
		<database>roboflow.ai</database>
	</source>
	<size>
		<width>160</width>
		<height>160</height>
		<depth>3</depth>
	</size>
	<segmented>0</segmented>
	<object>
		<name>Jerawat</name>
		<pose>Unspecified</pose>
		<truncated>0</truncated>
		<difficult>0</difficult>
		<occluded>0</occluded>
		<bndbox>
			<xmin>1</xmin>
			<xmax>20</xmax>
			<ymin>126</ymin>
			<ymax>160</ymax>
		</bndbox>
	</object>
	<object>
		<name>Komedo</name>
		<pose>Unspecified</pose>
		<truncated>0</truncated>
		<difficult>0</difficult>
		<occluded>0</occluded>
		<bndbox>
			<xmin>45</xmin>
			<xmax>68</xmax>
			<ymin>37</ymin>
			<ymax>60</ymax>
		</bndbox>
	</object>
	<object>
		<name>Jerawat</name>
		<pose>Unspecified</pose>
		<truncated>0</truncated>
		<difficult>0</difficult>
		<occluded>0</occluded>
		<bndbox>
			<xmin>68</xmin>
			<xmax>160</xmax>
			<ymin>1</ymin>
			<ymax>109</ymax>
		</bndbox>
	</object>
	<object>
		<name>Komedo</name>
		<pose>Unspecified</pose>
		<truncated>0</truncated>
		<difficult>0</difficult>
		<occluded>0</occluded>
		<bndbox>
			<xmin>1</xmin>
			<xmax>46</xmax>
			<ymin>3</ymin>
			<ymax>87</ymax>
		</bndbox>
	</object>
</annotation>
