<annotation>
	<folder></folder>
	<filename>IMG_20220510_075313_1---Lonard-Steven_jpg.rf.84e6de96dc0fcda5c410d8b4c3a5b6a0.jpg</filename>
	<path>IMG_20220510_075313_1---Lonard-Steven_jpg.rf.84e6de96dc0fcda5c410d8b4c3a5b6a0.jpg</path>
	<source>
		<database>roboflow.ai</database>
	</source>
	<size>
		<width>160</width>
		<height>160</height>
		<depth>3</depth>
	</size>
	<segmented>0</segmented>
	<object>
		<name>Komedo</name>
		<pose>Unspecified</pose>
		<truncated>0</truncated>
		<difficult>0</difficult>
		<occluded>0</occluded>
		<bndbox>
			<xmin>95</xmin>
			<xmax>128</xmax>
			<ymin>84</ymin>
			<ymax>117</ymax>
		</bndbox>
	</object>
</annotation>
