<annotation>
	<folder></folder>
	<filename>IMG_20220510_075316---Lonard-Steven_jpg.rf.75d35a5f12bbbf6e1912af29f61dedd6.jpg</filename>
	<path>IMG_20220510_075316---Lonard-Steven_jpg.rf.75d35a5f12bbbf6e1912af29f61dedd6.jpg</path>
	<source>
		<database>roboflow.ai</database>
	</source>
	<size>
		<width>160</width>
		<height>160</height>
		<depth>3</depth>
	</size>
	<segmented>0</segmented>
	<object>
		<name>Komedo</name>
		<pose>Unspecified</pose>
		<truncated>0</truncated>
		<difficult>0</difficult>
		<occluded>0</occluded>
		<bndbox>
			<xmin>63</xmin>
			<xmax>160</xmax>
			<ymin>71</ymin>
			<ymax>154</ymax>
		</bndbox>
	</object>
</annotation>
