<annotation>
	<folder></folder>
	<filename>IMG_20220509_202711---Bifta-Desfiana_jpg.rf.8041e94cee254f6c2581f972adb72429.jpg</filename>
	<path>IMG_20220509_202711---Bifta-Desfiana_jpg.rf.8041e94cee254f6c2581f972adb72429.jpg</path>
	<source>
		<database>roboflow.ai</database>
	</source>
	<size>
		<width>160</width>
		<height>160</height>
		<depth>3</depth>
	</size>
	<segmented>0</segmented>
	<object>
		<name>Jerawat</name>
		<pose>Unspecified</pose>
		<truncated>0</truncated>
		<difficult>0</difficult>
		<occluded>0</occluded>
		<bndbox>
			<xmin>58</xmin>
			<xmax>160</xmax>
			<ymin>4</ymin>
			<ymax>88</ymax>
		</bndbox>
	</object>
</annotation>
