<annotation>
	<folder></folder>
	<filename>IMG_20220509_185442---Green-Light_jpg.rf.6919adbba813c01264032f297d504c9e.jpg</filename>
	<path>IMG_20220509_185442---Green-Light_jpg.rf.6919adbba813c01264032f297d504c9e.jpg</path>
	<source>
		<database>roboflow.ai</database>
	</source>
	<size>
		<width>160</width>
		<height>160</height>
		<depth>3</depth>
	</size>
	<segmented>0</segmented>
	<object>
		<name>Komedo</name>
		<pose>Unspecified</pose>
		<truncated>0</truncated>
		<difficult>0</difficult>
		<occluded>0</occluded>
		<bndbox>
			<xmin>74</xmin>
			<xmax>91</xmax>
			<ymin>129</ymin>
			<ymax>146</ymax>
		</bndbox>
	</object>
</annotation>
