<annotation>
	<folder></folder>
	<filename>IMG_20220510_052934---Emilia_jpg.rf.44b52fd18528b1220cbd14f6f36fe504.jpg</filename>
	<path>IMG_20220510_052934---Emilia_jpg.rf.44b52fd18528b1220cbd14f6f36fe504.jpg</path>
	<source>
		<database>roboflow.ai</database>
	</source>
	<size>
		<width>160</width>
		<height>160</height>
		<depth>3</depth>
	</size>
	<segmented>0</segmented>
	<object>
		<name>Komedo</name>
		<pose>Unspecified</pose>
		<truncated>0</truncated>
		<difficult>0</difficult>
		<occluded>0</occluded>
		<bndbox>
			<xmin>149</xmin>
			<xmax>160</xmax>
			<ymin>73</ymin>
			<ymax>100</ymax>
		</bndbox>
	</object>
</annotation>
