<annotation>
	<folder></folder>
	<filename>IMG_20220509_202711---Bifta-Desfiana_jpg.rf.df8cf9545425926b4daf74e8e023f83e.jpg</filename>
	<path>IMG_20220509_202711---Bifta-Desfiana_jpg.rf.df8cf9545425926b4daf74e8e023f83e.jpg</path>
	<source>
		<database>roboflow.ai</database>
	</source>
	<size>
		<width>160</width>
		<height>160</height>
		<depth>3</depth>
	</size>
	<segmented>0</segmented>
	<object>
		<name>Jerawat</name>
		<pose>Unspecified</pose>
		<truncated>0</truncated>
		<difficult>0</difficult>
		<occluded>0</occluded>
		<bndbox>
			<xmin>27</xmin>
			<xmax>144</xmax>
			<ymin>84</ymin>
			<ymax>160</ymax>
		</bndbox>
	</object>
</annotation>
