<annotation>
	<folder></folder>
	<filename>IMG_20220510_052835---Emilia_jpg.rf.e5c03aea7600ba5a67c0062cc2e86192.jpg</filename>
	<path>IMG_20220510_052835---Emilia_jpg.rf.e5c03aea7600ba5a67c0062cc2e86192.jpg</path>
	<source>
		<database>roboflow.ai</database>
	</source>
	<size>
		<width>160</width>
		<height>160</height>
		<depth>3</depth>
	</size>
	<segmented>0</segmented>
	<object>
		<name>Jerawat</name>
		<pose>Unspecified</pose>
		<truncated>0</truncated>
		<difficult>0</difficult>
		<occluded>0</occluded>
		<bndbox>
			<xmin>3</xmin>
			<xmax>42</xmax>
			<ymin>1</ymin>
			<ymax>68</ymax>
		</bndbox>
	</object>
</annotation>
