<annotation>
	<folder></folder>
	<filename>IMG_20220510_052934---Emilia_jpg.rf.d86cfffdf0b689d5b466c71791838fc2.jpg</filename>
	<path>IMG_20220510_052934---Emilia_jpg.rf.d86cfffdf0b689d5b466c71791838fc2.jpg</path>
	<source>
		<database>roboflow.ai</database>
	</source>
	<size>
		<width>160</width>
		<height>160</height>
		<depth>3</depth>
	</size>
	<segmented>0</segmented>
	<object>
		<name>Komedo</name>
		<pose>Unspecified</pose>
		<truncated>0</truncated>
		<difficult>0</difficult>
		<occluded>0</occluded>
		<bndbox>
			<xmin>97</xmin>
			<xmax>124</xmax>
			<ymin>142</ymin>
			<ymax>158</ymax>
		</bndbox>
	</object>
</annotation>
