<annotation>
	<folder></folder>
	<filename>IMG_20220510_052835---Emilia_jpg.rf.ae16d25b4c1414a1612a0909119a30f1.jpg</filename>
	<path>IMG_20220510_052835---Emilia_jpg.rf.ae16d25b4c1414a1612a0909119a30f1.jpg</path>
	<source>
		<database>roboflow.ai</database>
	</source>
	<size>
		<width>160</width>
		<height>160</height>
		<depth>3</depth>
	</size>
	<segmented>0</segmented>
	<object>
		<name>Jerawat</name>
		<pose>Unspecified</pose>
		<truncated>0</truncated>
		<difficult>0</difficult>
		<occluded>0</occluded>
		<bndbox>
			<xmin>1</xmin>
			<xmax>78</xmax>
			<ymin>126</ymin>
			<ymax>160</ymax>
		</bndbox>
	</object>
</annotation>
