<annotation>
	<folder></folder>
	<filename>IMG_20220510_052934---Emilia_jpg.rf.2880750ac0b102122d18c7bf24788dff.jpg</filename>
	<path>IMG_20220510_052934---Emilia_jpg.rf.2880750ac0b102122d18c7bf24788dff.jpg</path>
	<source>
		<database>roboflow.ai</database>
	</source>
	<size>
		<width>160</width>
		<height>160</height>
		<depth>3</depth>
	</size>
	<segmented>0</segmented>
	<object>
		<name>Komedo</name>
		<pose>Unspecified</pose>
		<truncated>0</truncated>
		<difficult>0</difficult>
		<occluded>0</occluded>
		<bndbox>
			<xmin>59</xmin>
			<xmax>86</xmax>
			<ymin>152</ymin>
			<ymax>160</ymax>
		</bndbox>
	</object>
</annotation>
