<annotation>
	<folder></folder>
	<filename>IMG_20220512_060813---Tomi-Timutius-C2010F1059_jpg.rf.7362f655c210a734cafa14de8682055a.jpg</filename>
	<path>IMG_20220512_060813---Tomi-Timutius-C2010F1059_jpg.rf.7362f655c210a734cafa14de8682055a.jpg</path>
	<source>
		<database>roboflow.ai</database>
	</source>
	<size>
		<width>160</width>
		<height>160</height>
		<depth>3</depth>
	</size>
	<segmented>0</segmented>
	<object>
		<name>Jerawat</name>
		<pose>Unspecified</pose>
		<truncated>0</truncated>
		<difficult>0</difficult>
		<occluded>0</occluded>
		<bndbox>
			<xmin>1</xmin>
			<xmax>121</xmax>
			<ymin>1</ymin>
			<ymax>106</ymax>
		</bndbox>
	</object>
</annotation>
