<annotation>
	<folder></folder>
	<filename>IMG_20220509_185442---Green-Light_jpg.rf.9b742542c01e5c771e24488b7847e41b.jpg</filename>
	<path>IMG_20220509_185442---Green-Light_jpg.rf.9b742542c01e5c771e24488b7847e41b.jpg</path>
	<source>
		<database>roboflow.ai</database>
	</source>
	<size>
		<width>160</width>
		<height>160</height>
		<depth>3</depth>
	</size>
	<segmented>0</segmented>
	<object>
		<name>Komedo</name>
		<pose>Unspecified</pose>
		<truncated>0</truncated>
		<difficult>0</difficult>
		<occluded>0</occluded>
		<bndbox>
			<xmin>4</xmin>
			<xmax>24</xmax>
			<ymin>73</ymin>
			<ymax>94</ymax>
		</bndbox>
	</object>
</annotation>
